               0.512 0.000273164  0.00047914 0.000140508  0.000275306 -0.000457889  9.82756e-05 0 0 0 0 0 0 0 0 0     0     0 -9.81 3265
               0.612 0.000262563 0.000447648 0.000126336  0.000606928 -0.000325702  0.000141659  0.000433929   0.00010488 -0.000973132   6.1189e-08 -5.59778e-07 -7.03098e-07 -2.33428e-08 -9.89246e-09  -5.0637e-09 2.33434e-09 9.89411e-10       -9.81 3265
               0.712  0.00030011 0.000398983  8.0081e-05  0.000693321 -0.000261199  3.39334e-05  0.000884741 -0.000191509  -0.00299118  1.74767e-06 -7.13315e-07  -6.2342e-07 -2.88754e-08 -5.53157e-08 -1.51583e-08 2.88745e-09 5.53131e-09       -9.81 3265
               0.816 0.000298343 0.000366518 0.000103374  0.000773587 -0.000292899 -0.000242061 0.000897305 -0.00179116 -0.00431755  2.11892e-06 -2.15971e-06  2.30065e-06 -5.33862e-09 -1.01557e-07 -7.82795e-08 5.3621e-10 1.0153e-08      -9.81 3265
                0.92 0.000262781 0.000374134 0.000115946  0.000857471 -0.000485524 -0.000490556 0.000961777 -0.00263481 -0.00358951  2.33717e-06 -2.86466e-06  4.64985e-06  5.59088e-08  -1.8317e-07 -2.72272e-07 -5.5805e-09 1.83071e-08       -9.81 3265
               1.024 0.000276651 0.000340125 0.000149123  0.000918162  -0.00065454 -0.000701603 0.000401879 -0.00203681 -0.00343558  6.98867e-06 -8.12792e-06  1.07513e-05  -2.1657e-08 -4.94983e-07 -6.83442e-07 2.18834e-09 4.94728e-08       -9.81 3265
                1.12 0.000242779 0.000317764 0.000140553   0.00106793 -0.000633801 -0.000863027  0.00126413 -0.00192621 -0.00462052  1.03359e-05 -1.18849e-05  2.01451e-05 -4.28887e-07 -1.55736e-06 -1.31202e-06 4.29171e-08 1.55678e-07       -9.81 3265
                1.22 0.000301005 0.000278276 9.65687e-05   0.00115677 -0.000741784  -0.00112911  0.00195937 -0.00307079 -0.00536429  1.34529e-05 -1.40444e-05  2.26031e-05 -9.16807e-08 -2.45581e-06 -2.29672e-06 9.23166e-09 2.45471e-07       -9.81 3265
                1.32   0.0002893 0.000286703 0.000107019   0.00132232 -0.000848655  -0.00133629  0.00270599 -0.00292704 -0.00537672   1.7233e-05 -2.00743e-05   2.0897e-05  4.69219e-07 -3.92176e-06 -3.76283e-06 -4.68065e-08   3.9198e-07        -9.81 3265
                1.42 0.000293105  0.00029069 6.68842e-05   0.00150175 -0.000908681  -0.00153523  0.00279458 -0.00234606 -0.00586701  2.22854e-05 -2.52645e-05  1.44043e-05  1.21104e-06 -5.74659e-06 -5.71965e-06 -1.20917e-07  5.74343e-07        -9.81 3265
                1.52 0.000349926 0.000321823 2.81989e-05   0.00161512 -0.000946227  -0.00176409  0.00347299 -0.00281874 -0.00648942  2.60534e-05 -2.63952e-05  1.26885e-05   2.8762e-06 -7.87405e-06 -7.91322e-06 -2.87322e-07  7.86934e-07        -9.81 3265
               1.628 0.000310397 0.000323088 3.25265e-05  0.00187972 -0.00101762 -0.00197165  0.00410008 -0.00290428 -0.00582067  2.78384e-05 -3.03827e-05 -1.43933e-06  4.31387e-06 -1.09499e-05 -1.12326e-05 -4.30951e-07  1.09428e-06        -9.81 3265
               1.732  0.000246894  0.000282188 -5.78137e-06  0.00211309 -0.00105872 -0.00215933  0.00348811 -0.00264613  -0.0062798  2.89891e-05 -3.02496e-05 -4.66021e-07  6.63233e-06 -1.33587e-05 -1.48624e-05 -6.62591e-07  1.33493e-06        -9.81 3265
               1.836 0.000235705 0.000295892 2.22553e-06  0.00216766 -0.00100421 -0.00231367  0.00296576 -0.00145925 -0.00648057  3.04816e-05 -3.50847e-05 -2.67327e-06   1.0054e-05 -1.66444e-05 -1.93267e-05 -1.00447e-06  1.66317e-06        -9.81 3265
               1.944  0.000162782  0.000311117 -2.64519e-05   0.00233978 -0.000847776  -0.00251247   0.00365703 -0.000338042  -0.00655096  2.97473e-05 -3.77594e-05 -9.24815e-06  1.17799e-05 -1.98524e-05 -2.44321e-05 -1.17681e-06  1.98362e-06        -9.81 3265
               2.044  0.000123422   0.00024539 -4.03437e-05   0.00244198 -0.000722545  -0.00270012  0.00309623 0.000351917 -0.00812159  2.59223e-05 -4.03081e-05 -2.23064e-05  1.45986e-05 -2.16758e-05 -3.02314e-05 -1.45833e-06  2.16566e-06        -9.81 3265
               2.156 2.88018e-05 0.000228655 2.57091e-06   0.00256049 -0.000601433  -0.00303597  0.00416161 0.000335021 -0.00876115  1.54175e-05 -4.95179e-05 -2.99946e-05  1.82977e-05 -2.34222e-05 -3.73537e-05 -1.82777e-06  2.33997e-06        -9.81 3265
               2.256  3.87097e-05    0.0002193 -6.02584e-06   0.00271121 -0.000472435  -0.00324063   0.00322977 -0.000272304  -0.00758443  3.91985e-06 -5.46694e-05 -2.63503e-05  2.15768e-05 -2.51279e-05 -4.56033e-05 -2.15517e-06  2.51017e-06        -9.81 3265
               2.356   3.459e-06 0.000213124 2.66611e-05   0.00274802 -0.000462629   -0.0033505   0.00391407 -0.000161564  -0.00754773 -1.51128e-05 -5.83891e-05 -3.60858e-05   2.6067e-05 -2.68591e-05 -5.42346e-05 -2.60357e-06  2.68293e-06     -9.80999 3265
               2.456 6.29129e-05 0.000222528 6.86934e-05   0.00283627 -0.000525354  -0.00350448  0.00395116 -0.00149672 -0.00897949 -2.88061e-05  -5.8843e-05 -3.01587e-05  3.06888e-05 -2.76517e-05 -6.35307e-05 -3.06504e-06   2.7619e-06     -9.80999 3265
                2.56 6.21636e-05 0.000168753 5.72046e-05   0.00284809 -0.000545369  -0.00377486  0.00226718 -0.00111447  -0.0101894   -3.188e-05 -6.24697e-05 -2.63147e-05  3.55501e-05 -2.98948e-05 -7.43883e-05 -3.55037e-06  2.98571e-06     -9.80999 3265
                2.66 4.89343e-05 0.000153938 4.02728e-05   0.00278182 -0.000565395  -0.00415271   0.00143322 -0.000917546   -0.0108712 -4.85685e-05 -6.82485e-05 -2.02472e-05  4.02182e-05 -3.18852e-05 -8.65437e-05 -4.01633e-06  3.18429e-06     -9.80999 3265
                2.76 5.57637e-05 9.65675e-05 2.71913e-05   0.00272467 -0.000598663  -0.00450568  0.00217847 -0.00127731  -0.0109845 -5.65018e-05 -7.73617e-05 -1.77954e-05  4.52972e-05 -3.40766e-05 -0.000100324 -4.52327e-06  3.40289e-06     -9.80999 3265
                2.86 9.32626e-05 7.34894e-05 8.41579e-05   0.00268859 -0.000589757  -0.00487887   0.00111852 -0.000196718   -0.0126504 -6.41174e-05 -8.90803e-05 -1.18575e-05  5.02931e-05 -3.66258e-05 -0.000115773 -5.02185e-06  3.65719e-06     -9.80999 3265
               2.968 0.000148228 8.27359e-05 6.49978e-05   0.00266637 -0.000514418  -0.00544564  0.00181373 0.000409971  -0.0132238 -6.91959e-05 -0.000103301 -8.24087e-06  5.46346e-05 -3.90903e-05 -0.000134214 -5.45496e-06  3.90297e-06     -9.80999 3265
               3.068  0.00013288 6.57111e-05 6.29314e-05   0.00261923 -0.000328187  -0.00592289 0.00138019  0.0019204 -0.0135832 -7.20968e-05  -0.00011066  -2.0045e-06  5.94222e-05 -4.11005e-05 -0.000154141 -5.93254e-06  4.10334e-06     -9.80998 3265
               3.168  0.00020253 6.12221e-05 5.73529e-05   0.00256967 -0.000182301  -0.00638997 0.000227148  0.00164275  -0.0148807 -7.49861e-05 -0.000122465 -3.84427e-06  6.25592e-05 -4.14665e-05 -0.000176906 -6.24523e-06  4.13948e-06     -9.80998 3265
               3.272 0.000132417 7.51658e-05 2.52783e-05   0.00249442 -7.22566e-05  -0.00692075 0.000742246   0.0020821  -0.0153267 -8.44627e-05 -0.000137462 -5.10261e-06   6.6042e-05 -4.24687e-05 -0.000203561 -6.59236e-06  4.23912e-06     -9.80998 3265
                3.38 0.000161854 8.98761e-05 2.53398e-05  0.00242642 0.000108189 -0.00757781 0.000988107  0.00282332  -0.0161697 -9.12234e-05 -0.000145341 -8.77894e-06  7.07064e-05 -4.23178e-05  -0.00023252 -7.05735e-06  4.22359e-06     -9.80998 3265
                3.48  0.000159697  9.55431e-05 -3.81268e-05  0.00241564 0.000288836 -0.00807988 0.00193964 0.00259873 -0.0162012 -0.000100653 -0.000157454 -1.40337e-05  7.52024e-05 -4.21576e-05  -0.00026577 -7.50546e-06  4.20709e-06     -9.80997 3265
                3.58  0.000198665  0.000123729 -1.61505e-07  0.00244879 0.000373629 -0.00857845 0.00216449 0.00231834 -0.0174647 -0.000112205 -0.000162687 -1.98505e-05  7.95603e-05 -4.00681e-05  -0.00030287 -7.93964e-06  3.99799e-06     -9.80997 3265
                3.68 0.000279061 0.000162636 4.41581e-05  0.00250099  0.00045977 -0.00913378 0.00196202 0.00238448 -0.0170134 -0.000120622  -0.00016732  -2.3915e-05  8.46256e-05 -3.91794e-05 -0.000342896 -8.44436e-06   3.9087e-06     -9.80997 3265
                3.78 0.000321989 0.000176185 4.62545e-05  0.00246622 0.000555983 -0.00966713  0.00205515 0.000848804  -0.0174687 -0.000120951 -0.000165377 -2.36932e-05  8.93859e-05 -3.68779e-05 -0.000387702 -8.91846e-06  3.67833e-06     -9.80996 3265
               3.888 0.000317797 0.000201694 9.70201e-06  0.00245016 0.000592162  -0.0103017 0.00211426 0.00147077  -0.017929 -0.000120972 -0.000160411 -2.81635e-05  9.40326e-05 -3.58563e-05 -0.000437178 -9.3811e-06 3.57561e-06    -9.80996 3265
               3.992 0.000339745 0.000234841 8.27974e-06  0.00254169 0.000653624  -0.0108881 0.00258077 0.00176986 -0.0184562 -0.000120987 -0.000161988 -2.79129e-05  9.83095e-05 -3.33267e-05 -0.000491537 -9.80676e-06  3.32237e-06     -9.80995 3265
               4.092  0.00036206 0.000166214 3.17844e-05  0.00260791 0.000731586  -0.0113503 0.00267856 0.00214548 -0.0176567 -0.000127374 -0.000157546 -2.89894e-05  0.000102607  -3.2239e-05 -0.000549033 -1.02343e-05  3.21299e-06     -9.80995 3265
               4.192 0.000364643 0.000138283 7.80539e-05  0.00273033 0.000805939  -0.0117668 0.00303656 0.00163767 -0.0181936 -0.000134879 -0.000158371 -2.68005e-05  0.000107077 -3.08307e-05 -0.000610884 -1.06791e-05  3.07159e-06     -9.80994 3265
               4.292 0.000376449 0.000118431 9.30549e-05  0.00281455 0.000857868  -0.0122757 0.00311845 0.00147831 -0.0185423 -0.000138728  -0.00015364 -2.39219e-05  0.000111913 -2.86388e-05 -0.000675897 -1.11602e-05  2.85192e-06     -9.80993 3265
               4.392 0.000413709 0.000132504 0.000118782  0.00287263 0.000937352  -0.0128124 0.00271812 0.00182248 -0.0196886 -0.000141752 -0.000150304 -2.08701e-05  0.000117405 -2.70272e-05 -0.000745796 -1.17066e-05  2.69003e-06     -9.80993 3265
               4.492 0.000446751 0.000159889 0.000119924  0.00284288 0.000937261  -0.0132739 0.00224541 0.00113379 -0.0195548 -0.000145283 -0.000143155  -1.7649e-05  0.000124267 -2.42384e-05 -0.000820245 -1.23895e-05  2.41063e-06     -9.80992 3265
               4.592 0.000378756 0.000165543 0.000108966  0.00284388 0.000821377  -0.0137698  0.00012937 0.000284215  -0.0188286 -0.000150646 -0.000142452 -1.35705e-05  0.000129367 -2.13132e-05 -0.000897739 -1.28966e-05   2.1176e-06     -9.80991 3265
               4.692 0.000487794 0.000175944 0.000115167  0.00265392 0.000685762  -0.0141946 0.000170136 -0.00146926  -0.0183893 -0.000154365 -0.000136597 -7.33606e-06  0.000133266 -1.95879e-05 -0.000977521 -1.32839e-05  1.94411e-06      -9.8099 3265
               4.792 0.000544501 0.000208071 0.000105804  0.00247667 0.000525271  -0.0146778 0.000224516 -0.00216946  -0.0187508 -0.000152027 -0.000135431 -3.18901e-06   0.00013907 -2.02921e-05  -0.00105815 -1.38611e-05   2.0127e-06     -9.80989 3265
                 4.9  0.00052587 0.000234127 1.71235e-05  0.00233076 0.000360856  -0.0154034 0.000872259 -0.00280271  -0.0185109 -0.000152284 -0.000129845  -1.5284e-06  0.000143251 -2.26129e-05  -0.00113702 -1.42764e-05  2.24243e-06     -9.80989 3265
                   5  0.000452701   0.00024493 -1.63674e-05 0.00222458 4.3183e-05 -0.0161464 0.000146046  -0.0028442  -0.0201787  -0.00015774  -0.00012699 -2.67405e-06  0.000147631 -2.43132e-05  -0.00120999 -1.47117e-05  2.41042e-06     -9.80988 3265
               5.104  0.000463088  0.000299919 -1.21949e-06  0.00205158 -7.9107e-05  -0.0173435 0.000828477 -0.00261666  -0.0218422  -0.00015455  -0.00012028 -2.40688e-06  0.000150612 -2.76326e-05  -0.00127205 -1.50076e-05  2.73979e-06     -9.80987 3265
               5.208  0.000437651   0.00029249 -8.48767e-05   0.00194008 -0.000243016   -0.0188959 -0.00092218 -0.00265351  -0.0223226 -0.000150966 -0.000116249 -1.11468e-06  0.000152033 -2.95565e-05  -0.00132123 -1.51484e-05   2.9303e-06     -9.80987 3265
               5.312  0.000474392  0.000311031 -0.000133105   0.00189294 -0.000473363   -0.0205662 -0.00106534 -0.00535971  -0.0228241 -0.000143653 -0.000118283 -4.69554e-06  0.000152281 -3.08819e-05   -0.0013683 -1.51723e-05  3.06106e-06     -9.80986 3265
               5.412  0.000453051  0.000358815 -0.000136246   0.00186161 -0.000742538   -0.0220607  2.5467e-05 -0.00499506  -0.0235503 -0.000132795 -0.000116985 -7.32571e-06 0.000150338 -3.1433e-05 -0.00142131 -1.49778e-05  3.11439e-06     -9.80986 3265
               5.512  0.000464466  0.000327757 -0.000141283  0.00179265 -0.00089782  -0.0235754 0.000226636  -0.0038908  -0.0234699 -0.000122716 -0.000110984 -9.02081e-06 0.000149613 -3.3428e-05 -0.00147697 -1.49044e-05  3.31145e-06     -9.80985 3265
               5.612  0.000423921  0.000367441 -0.000159906   0.00189063 -0.000939592   -0.0250879 -0.000582433  -0.00498289   -0.0241536 -0.000108466 -0.000110674 -1.05804e-05  0.000144761 -3.45759e-05   -0.0015378 -1.44199e-05  3.42381e-06     -9.80985 3265
               5.716   0.00040989  0.000359024 -0.000229121  0.00187604 -0.00108807  -0.0266098 5.32869e-05 -0.00327177  -0.0238146 -9.73498e-05 -0.000108572 -1.34407e-05  0.000142394 -3.62908e-05  -0.00160516 -1.41829e-05  3.59245e-06     -9.80984 3265
               5.824 0.000398461 0.000418545 -0.00022167  0.00186332 -0.00108405  -0.0280864 0.000846068 -0.00324442  -0.0246097 -8.60712e-05  -0.00010422  -1.7225e-05  0.000140029 -3.87807e-05  -0.00168073 -1.39457e-05  3.83794e-06     -9.80983 3265
               5.932   0.00035808   0.00037959 -0.000213895 0.00193931  -0.001087 -0.0293901 0.000684798 -0.00277495  -0.0244969 -7.63869e-05 -0.000101946 -2.06295e-05  0.000137977 -4.18351e-05  -0.00176933 -1.37396e-05  4.13921e-06     -9.80982 3265
               6.032  0.000370449  0.000341273 -0.000171034  0.00199266 -0.00101396  -0.0305175 0.000587923 -0.00272768  -0.0256273 -6.56078e-05 -0.000100285 -2.36345e-05  0.000135425 -4.38673e-05   -0.0018628 -1.34835e-05   4.3384e-06     -9.80981 3265
               6.132 0.000302647 0.000397806 -0.00013774   0.00214267 -0.000950809   -0.0316496   0.0019682 -0.00245162   -0.026567 -5.71454e-05 -9.83832e-05 -2.37669e-05  0.000132537 -4.58996e-05   -0.0019619 -1.31939e-05  4.53741e-06      -9.8098 3265
               6.232  0.00022431 0.000361329  -0.0001514   0.00226537 -0.000940452   -0.0327206  0.00313345 -0.00203621  -0.0264613   -5.224e-05 -9.36705e-05 -2.43348e-05  0.000130364 -4.75941e-05  -0.00206942 -1.29752e-05  4.70259e-06     -9.80979 3265
               6.332  0.000180651  0.000398278 -0.000161294   0.00250693 -0.000938116   -0.0336535 0.00354015  -0.001848 -0.0269321  -4.7332e-05  -8.9534e-05 -2.60878e-05  0.00012853 -4.9293e-05 -0.00218325 -1.27901e-05  4.86793e-06     -9.80978 3265
               6.432  0.000146295  0.000386612 -0.000131565   0.00280384 -0.000913784   -0.0345671  0.00481014 -0.00224437  -0.0271437 -4.23877e-05 -8.53385e-05 -2.70774e-05  0.000127431 -5.21514e-05  -0.00229987 -1.2678e-05 5.14853e-06    -9.80977 3265
               6.532  0.000163537  0.000391253 -0.000137244    0.0031301 -0.000931779   -0.0354091  0.00563755 -0.00183797  -0.0267334 -3.91734e-05 -8.03616e-05 -2.73863e-05   0.00012545 -5.44058e-05  -0.00241925 -1.2478e-05 5.36893e-06    -9.80976 3265
                6.64  8.69967e-05  0.000348364 -9.31291e-05   0.00348542 -0.000964161   -0.0362836  0.00677693 -0.00201578  -0.0266691 -3.57221e-05   -7.256e-05 -2.74672e-05  0.000125897 -5.67557e-05   -0.0025514 -1.25191e-05   5.5984e-06     -9.80975 3265
                6.74 0.000117583  0.00034541 -7.7617e-05    0.0038358 -0.000907484   -0.0367292  0.00673924 -0.00145061  -0.0263376  -3.1799e-05 -6.46324e-05 -2.79761e-05   0.00012601 -6.04756e-05  -0.00269037 -1.25268e-05  5.96391e-06     -9.80973 3265
                6.84   0.0001204 0.000274846 -6.2208e-05  0.00404373 -0.00093383  -0.0372438  0.00680908 -0.00132263  -0.0257344 -3.11008e-05 -5.49889e-05 -2.73046e-05  0.000126762 -6.25649e-05  -0.00282218 -1.25982e-05  6.16755e-06     -9.80972 3265
                6.94   0.00014567  0.000230676 -8.56315e-05   0.00430293 -0.000816479   -0.0376943   0.00616828 -0.000932236   -0.0256982 -2.69021e-05 -4.69478e-05 -2.83656e-05  0.000127917 -6.41587e-05  -0.00295588 -1.27095e-05  6.32163e-06     -9.80971 3265
                7.04  0.00020585 0.000198703 -7.4711e-05   0.00450516 -0.000793897   -0.0379607  0.00625251 -0.00111608   -0.024833  -2.5042e-05 -3.85859e-05 -2.84915e-05  0.000129608 -6.61332e-05  -0.00309737 -1.28739e-05  6.51344e-06     -9.80969 3265
               7.144  0.000214853  0.000131047 -4.63615e-05   0.00472475 -0.000868573   -0.0382766  0.00684953 -0.00164581  -0.0245787  -2.4268e-05 -2.99701e-05 -2.83069e-05  0.000132632 -6.67391e-05  -0.00323645 -1.3171e-05 6.56928e-06    -9.80968 3265
               7.244  0.000230777  8.07358e-05 -6.57036e-05   0.00489343 -0.000893214   -0.0383964   0.00592953 -0.000781278   -0.0242371 -2.30899e-05 -2.14171e-05 -2.80033e-05  0.000135993 -6.81277e-05  -0.00337598 -1.35014e-05  6.70293e-06     -9.80966 3265
               7.352  0.000230287  6.39681e-05 -8.76171e-05   0.00514751 -0.000818252   -0.0385675  0.00625876 -0.00132562  -0.0238776 -2.04779e-05 -1.51404e-05 -2.67586e-05  0.000139588 -6.93004e-05  -0.00351854 -1.38551e-05  6.81491e-06     -9.80965 3265
               7.452  0.000214444  3.36608e-06 -6.21029e-05  0.00511279 -0.00070324  -0.0385248  0.00475912 2.57023e-05  -0.0225793 -1.83598e-05 -6.86327e-06 -2.66926e-05  0.000144053 -7.01772e-05  -0.00365629 -1.42951e-05   6.8977e-06     -9.80964 3265
               7.556   0.00020508 -8.23801e-05 -5.59214e-05   0.00513744 -0.000620463   -0.0385182  0.00461286 -0.00183963  -0.0219206 -1.73959e-05 -1.59463e-08 -2.50668e-05   0.00014814 -7.24759e-05  -0.00379339 -1.46977e-05  7.12192e-06     -9.80962 3265
                7.66  0.000131132 -0.000149607 -7.84358e-05   0.00513831 -0.000734271    -0.038375  0.00395832 -0.00193464  -0.0209968 -1.63354e-05  6.28353e-06 -2.44398e-05  0.000152499 -7.40097e-05  -0.00392976 -1.51273e-05  7.27013e-06     -9.80961 3265
               7.764  7.02685e-05 -0.000130329 -8.88369e-05   0.00502458 -0.000865807   -0.0381455  0.00292864 -0.00274936  -0.0215164 -1.57459e-05  1.31334e-05 -2.45371e-05  0.000156363 -7.65481e-05  -0.00406579 -1.55077e-05  7.51823e-06     -9.80959 3265
               7.864  4.67155e-05 -0.000119363  -9.7372e-05    0.0049101 -0.000937688    -0.037876  0.00298185 -0.00175633  -0.0209291 -1.39261e-05  1.86678e-05 -2.44358e-05  0.000159599 -7.91603e-05  -0.00419695 -1.58258e-05  7.77375e-06     -9.80958 3265
               7.964  2.89094e-05 -0.000117376  -0.00010792   0.00483859 -0.000974293   -0.0375258  0.00279199 -0.00107572  -0.0201568 -1.31059e-05  2.30901e-05 -2.40674e-05    0.0001638 -8.14018e-05   -0.0043278 -1.62399e-05  7.99251e-06     -9.80957 3265
               8.064  6.23575e-05  -0.00016118 -0.000113871   0.00475016 -0.000877411   -0.0372137  0.00248212 -0.00242751  -0.0195206 -1.07929e-05  2.74883e-05 -2.34393e-05  0.000166698 -8.41673e-05  -0.00445358 -1.65247e-05  8.26344e-06     -9.80956 3265
               8.168  5.64502e-05  -0.00016223 -4.45043e-05  0.00469223 -0.00100671  -0.0368742  0.00241011 -0.00152823  -0.0193454 -9.95874e-06  3.13317e-05 -2.32393e-05  0.000170804 -8.72182e-05  -0.00457967 -1.69296e-05  8.56284e-06     -9.80954 3265
               8.272 -4.35443e-06 -0.000195097 -1.34858e-05  0.00477993 -0.00107464  -0.0365293  0.00261751 -0.00112664  -0.0174412 -9.82058e-06  3.32426e-05 -2.21671e-05 0.000174488 -9.0792e-05 -0.00470133 -1.72928e-05  8.91441e-06     -9.80953 3265
               8.372  2.19544e-05 -0.000209704  8.70156e-06  0.00463474 -0.00103589  -0.0359692  0.00263478 -0.00135984  -0.0156919 -8.48672e-06  3.73877e-05 -2.16982e-05  0.000179747 -9.44135e-05  -0.00481913 -1.78125e-05  9.27082e-06     -9.80952 3265
               8.476   -1.934e-05 -0.000216784 -1.41106e-05  0.0046634 -0.0011569 -0.0353747  0.00252447 -0.00272227  -0.0164343 -7.99453e-06  3.99038e-05 -2.11161e-05  0.000184149 -9.81786e-05  -0.00493562 -1.82474e-05  9.64161e-06     -9.80951 3265
               8.576 -4.01839e-05 -0.000239675  4.26768e-05   0.0046218 -0.00126651  -0.0347957  0.00253716 -0.00252226  -0.0167406 -6.93617e-06  4.23968e-05 -1.98514e-05  0.000188451 -0.000101108  -0.00504734 -1.86723e-05  9.92953e-06      -9.8095 3265
                8.68 -1.70686e-05 -0.000289609  7.15566e-05  0.00454302 -0.00132493  -0.0342167  0.00139927 -0.00117065  -0.0151925 -5.92673e-06  4.49084e-05 -1.87149e-05  0.000193431 -0.000106153  -0.00515938 -1.91648e-05  1.04276e-05     -9.80949 3265
                8.78   1.4314e-05 -0.000282593  2.32691e-05  0.00453804 -0.00126336  -0.0334967 0.000490773 -0.00209506  -0.0139117 -4.14782e-06  4.58207e-05 -1.63917e-05   0.0001981 -0.00010984 -0.00526604 -1.96267e-05  1.07912e-05     -9.80947 3265
                8.88 -4.08154e-05 -0.000318973 -2.69851e-06   0.0044144 -0.00126136  -0.0327932   0.0012308 -0.00181298  -0.0136971 -2.38478e-06  4.67815e-05 -1.55742e-05  0.000203457 -0.000113788    -0.005368 -2.0157e-05 1.11807e-05    -9.80946 3265
                8.98  -5.8138e-05 -0.000333988 -2.98221e-05   0.0042728 -0.00123157  -0.0320298  7.14388e-05 -0.000591463   -0.0125414  -8.4577e-07   4.8234e-05 -1.57285e-05  0.000208083 -0.000117101  -0.00546546 -2.06149e-05  1.15074e-05     -9.80946 3265
               9.084 -7.25835e-05  -0.00026964 -5.83187e-05  0.00405713 -0.00118361  -0.0313357 -1.57987e-05  -0.00135731   -0.0128107 -1.96755e-07  4.93317e-05 -1.47525e-05  0.000213525 -0.000120874  -0.00555907 -2.11541e-05  1.18799e-05     -9.80945 3265
               9.184  -8.6415e-05 -0.000220351 -0.000108248  0.00396098 -0.00116177  -0.0307605 -0.0012292 -0.0018978 -0.0135081  4.55064e-07  4.94456e-05 -1.53403e-05  0.000216479 -0.000126634  -0.00564663 -2.14464e-05    1.245e-05     -9.80944 3265
               9.284 -0.000114622 -0.000193622 -0.000132142  0.00368599 -0.00128223  -0.0301734 -0.00168511 -0.00273422  -0.0131076 1.12412e-06 4.95416e-05 -1.6015e-05  0.000219929 -0.000130934  -0.00573477 -2.17882e-05  1.28751e-05     -9.80943 3265
               9.384 -0.000171243 -0.000128503 -8.11299e-05  0.00335932 -0.00140753   -0.029604 -0.00297638 -0.00105723  -0.0120435  8.57395e-07  5.01182e-05 -1.66678e-05  0.000222964 -0.000136544  -0.00581936 -2.20888e-05  1.34305e-05     -9.80942 3265
               9.488 -8.71996e-05 -0.000101128 -9.50705e-05  0.00298819 -0.00141252  -0.0290867 -0.00399638 -0.00152658  -0.0118863  1.24109e-06  4.96787e-05 -1.72888e-05  0.000225181 -0.000141942  -0.00590006 -2.23084e-05  1.39649e-05     -9.80941 3265
                 9.6 -0.000128897 -5.01816e-05 -9.15042e-05   0.0025819 -0.00140151  -0.0286526 -0.00496647  -0.0015951  -0.0114446  1.81191e-06  4.83423e-05 -1.78589e-05  0.000227858 -0.000147332  -0.00597823 -2.25739e-05  1.44987e-05      -9.8094 3265
                 9.7 -0.000129116 -8.29313e-05 -0.000125092  0.00227976 -0.00142745  -0.0280905 -0.00484632 -0.00207675  -0.0101798  1.85668e-06  4.61146e-05 -1.80222e-05  0.000229712 -0.000153022  -0.00605161 -2.27579e-05  1.50626e-05      -9.8094 3265
               9.808 -0.000154848 -0.000129508 -0.000129096  0.00194317 -0.00141649   -0.027477 -0.00559248 -0.00163204 -0.00972808  3.06797e-06  4.35313e-05 -1.90747e-05  0.000231405 -0.000158911  -0.00612372 -2.2926e-05 1.56463e-05    -9.80939 3265
               9.908 -0.000168804 -6.53511e-05 -0.000147393   0.0017257 -0.00149255  -0.0267769 -0.00453294  -0.0025377 -0.00882667  3.35917e-06  4.05501e-05 -1.97372e-05  0.000233784 -0.000163382  -0.00619242 -2.31623e-05  1.60893e-05     -9.80938 3265
              10.008 -0.000131998 -3.86337e-05 -0.000124682  0.00160247 -0.00155389  -0.0262249 -0.00495357 -0.00172068 -0.00828637  4.14797e-06  3.72817e-05 -1.98786e-05  0.000234362 -0.000167758  -0.00625205 -2.32201e-05  1.65231e-05     -9.80938 3265
              10.108 -0.000110727 -3.93018e-05 -7.15245e-05 0.00150121 -0.0015428 -0.0256378 -0.00392772 -0.00101839 -0.00816274  5.07135e-06  3.40803e-05 -2.02669e-05  0.000234674 -0.000171489  -0.00631102 -2.32515e-05   1.6893e-05     -9.80937 3265
              10.208 -9.52201e-05 -1.81209e-05 -8.53597e-05  0.00138522 -0.00155299  -0.0251103 -0.00282224 -0.00113763 -0.00957851  5.68312e-06  3.13879e-05 -2.07734e-05  0.000235581 -0.000174138   -0.0063671 -2.33419e-05  1.71557e-05     -9.80937 3265
              10.308 -6.23295e-05  6.99074e-06 -5.72338e-05  0.00148906 -0.00151354  -0.0246463  -0.0014174 -0.00227021 -0.00950585  6.82692e-06  2.72323e-05 -2.16904e-05  0.000236636 -0.000178286  -0.00642331 -2.34474e-05  1.75671e-05     -9.80936 3265
              10.412 -5.48271e-05   0.00263443 -6.08873e-05  0.00329151 -0.00153292  -0.0229311   0.00875456 -0.000994496   0.00124548   7.7453e-06  1.47156e-05 -2.22636e-05 0.000226235 -0.00018496 -0.00651225 -2.24168e-05  1.82294e-05     -9.80935 3265
              10.524 -2.15544e-05    0.0124738 -6.42526e-05  0.00559223 -0.00171064  -0.0246972    0.0233188 -0.000537743    0.0167287  6.15367e-06  1.50587e-05 -1.91509e-05  0.000195248 -0.000186749  -0.00640783 -1.93419e-05  1.84064e-05     -9.80936 3269
              10.624 -9.56747e-05    0.0275789 -3.74341e-05  0.00830459 -0.00167138  -0.0225948    0.0335486 -0.000447553    0.0286899  7.57015e-06  1.66104e-05 -1.72026e-05   0.00019358 -0.000185269  -0.00640342 -1.91765e-05  1.82596e-05     -9.80936 3269
              10.724 0.00121694  0.0452254 -0.0027007   0.0121608 -0.00168772  -0.0187146  0.0442619 0.00396245  0.0351754  5.40522e-06  1.64561e-05 -1.59462e-05  0.000196312 -0.000184632  -0.00643069 -1.94473e-05  1.81966e-05     -9.80936 3269
              10.824  0.0114954  0.0570846 -0.0115096   0.0171885 -0.00158801  -0.0144556   0.0612426 -0.00757466   0.0392796  4.96373e-06  1.64308e-05 -1.34591e-05  0.000195033 -0.000189697  -0.00644965 -1.93195e-05   1.8699e-05     -9.80936 3265
              10.928  0.0296962  0.0591315 -0.0166208   0.0255471 -0.00360717 -0.00989488   0.103332 -0.0278272  0.0423972  3.82301e-06  1.63458e-05 -1.32142e-05  0.000195792 -0.000190253  -0.00646716 -1.93927e-05  1.87543e-05     -9.80936 3264
              11.028  0.0359085  0.0469779 -0.0132008    0.037368 -0.00686016  -0.0040883   0.139128 -0.0420222  0.0602756 6.10508e-06 1.81106e-05 -1.4551e-05  0.000195221 -0.000186529  -0.00649795 -1.93291e-05  1.83849e-05     -9.80935 3263
              11.128   0.0271872   0.0285794 -0.00709765  0.0528476 -0.0118165 0.00386133   0.170171 -0.0623269  0.0885105  8.10055e-06  1.84629e-05 -1.62984e-05    0.0001915 -0.000184527  -0.00652343 -1.89506e-05  1.81847e-05     -9.80935 3246
              11.228    0.0136519    0.0128916 -0.000974623  0.0711144 -0.0189591    0.01488   0.190704 -0.0816956   0.121074  8.98741e-06  1.74245e-05 -1.70202e-05  0.000187933 -0.000183187  -0.00654885 -1.85832e-05  1.80473e-05     -9.80935 3247
              11.328 0.00329188 0.00188474  0.0039559  0.0909723 -0.0277463  0.0292684   0.196881 -0.0929477   0.151707  9.95496e-06  1.57613e-05 -1.67095e-05  0.000181056 -0.000178888  -0.00658144 -1.78788e-05  1.76111e-05     -9.80934 3235
              11.428 -0.00237415 -0.00572703  0.00740738   0.110504 -0.0371706  0.0467283   0.192943 -0.0952719   0.180828   1.0884e-05  1.54299e-05 -1.75245e-05  0.000184697 -0.000177758  -0.00661498 -1.82105e-05  1.74909e-05     -9.80934 3225
              11.528 -0.00473198  -0.0116749  0.00969753   0.129204 -0.0465464  0.0669044   0.178839 -0.0913999   0.204501  1.11859e-05    1.577e-05 -1.92441e-05  0.000184918 -0.000177764  -0.00665043 -1.81962e-05  1.74798e-05     -9.80934 3214
              11.628 -0.00616795  -0.0165213   0.0109788   0.146199 -0.0553401  0.0888405   0.160173 -0.0831683   0.224924 1.23038e-05 1.71748e-05 -1.9139e-05  0.000182231 -0.000173557  -0.00666801 -1.79098e-05  1.70561e-05     -9.80934 3207
              11.732 -0.0076991 -0.0200174    0.01158   0.161953 -0.0634937   0.113837   0.137498 -0.0735748   0.241703  1.15345e-05  1.53325e-05 -1.82544e-05  0.000186893 -0.000177966  -0.00669532 -1.83354e-05  1.74803e-05     -9.80933 3198
              11.832 -0.00919428  -0.0220456   0.0117771   0.174648 -0.0703809   0.139524   0.113188 -0.0632826   0.254575  1.05114e-05  1.46964e-05 -1.64227e-05  0.000189183 -0.000183344  -0.00672849 -1.85147e-05  1.79963e-05     -9.80933 3188
               11.94 -0.0102711 -0.0233104  0.0116224 0.185271  -0.0766 0.168647  0.0850267 -0.0532524   0.263569  1.09757e-05  1.70023e-05 -1.56322e-05  0.000190731 -0.000186836   -0.0067683 -1.86081e-05  1.83213e-05     -9.80933 3174
              12.048 -0.0104266 -0.0237176  0.0113577   0.192842 -0.0818239   0.198438   0.05723 -0.041729  0.270588  1.05425e-05   1.9289e-05 -1.31461e-05 0.000190686 -0.00018612 -0.00680241 -1.85512e-05  1.82305e-05     -9.80932 3163
              12.152 -0.0101868 -0.0235556  0.0110436   0.197322 -0.0855518   0.227964  0.0305426 -0.0305872   0.274658  1.00113e-05  2.13275e-05 -1.19247e-05  0.000189566 -0.000192804  -0.00684485 -1.83735e-05  1.88666e-05     -9.80932 3151
              12.252 -0.00968487   -0.022774   0.0106914   0.198906 -0.0878972   0.256623 0.00620845 -0.0206078   0.275937  9.46296e-06   2.4507e-05 -1.01053e-05 0.000189497 -0.00020678 -0.00688493 -1.83053e-05  2.02251e-05     -9.80931 3137
              12.352 -0.00921922  -0.0214303    0.010305   0.198387 -0.0892196   0.285064  -0.0155816 -0.00998512    0.273701  9.67921e-06  2.62342e-05 -9.47106e-06  0.000187105 -0.000215824  -0.00691766 -1.80207e-05  2.11005e-05     -9.80931 3121
              12.456 -0.00841259  -0.0199775  0.00988907   0.195786 -0.0896154   0.314353   -0.0349537 -0.000910761     0.271358  9.83914e-06  2.61191e-05 -1.03219e-05  0.000187948 -0.000224546  -0.00695142 -1.8058e-05 2.19456e-05    -9.80931 3104
               12.56 -0.00756434  -0.0180014  0.00952811   0.191048 -0.0890285   0.343496 -0.0541104  0.0067724   0.266992  1.10027e-05  2.59472e-05 -9.62811e-06  0.000194568 -0.000231314  -0.00699143 -1.86641e-05  2.25926e-05      -9.8093 3090
               12.66 -0.00697814  -0.0158997   0.0091559    0.18487 -0.0877221   0.370974 -0.0690959  0.0144819   0.263173  1.28141e-05  2.58601e-05 -1.05812e-05  0.000197088 -0.000235016  -0.00702562 -1.88763e-05  2.29417e-05      -9.8093 3078
               12.76 -0.0065595 -0.0134957 0.00879483   0.177401 -0.0858255   0.398049 -0.0822661  0.0205444    0.25865  1.40121e-05  2.47042e-05 -1.09688e-05  0.000201148 -0.000236776  -0.00706011 -1.92428e-05  2.31012e-05      -9.8093 3066
               12.86 -0.00586676    -0.01118  0.00842253   0.16893 -0.083346  0.424505 -0.0914885  0.0262124   0.253451  1.45376e-05  2.13676e-05 -1.07742e-05  0.000208133 -0.000241009   -0.0070896 -1.99089e-05  2.35127e-05     -9.80929 3053
              12.964 -0.00496267 -0.00895546  0.00800234   0.159195 -0.0804246    0.45145 -0.0982416  0.0296267   0.248161  1.43383e-05   1.8996e-05 -1.04302e-05   0.00021415 -0.000242204   -0.0071182 -2.04799e-05  2.36234e-05     -9.80929 3038
              13.068  -0.0042175 -0.00699256   0.0075855   0.148914 -0.0770599   0.477961 -0.104375 0.0331552   0.24324  1.50407e-05  1.66762e-05 -1.07519e-05  0.000215652 -0.000244104  -0.00714974 -2.06097e-05  2.38087e-05     -9.80929 3024
               13.18  -0.0032513 -0.00497412  0.00713943   0.13726 -0.073123  0.505977 -0.107911 0.0362491  0.238557  1.43619e-05   1.5251e-05 -9.97997e-06   0.00021189 -0.000248679  -0.00718424 -2.02201e-05  2.42627e-05     -9.80928 3015
               13.28 -0.00243532 -0.00319978  0.00679152    0.12688 -0.0695286   0.530619  -0.10771 0.0380929  0.234257  1.25239e-05  1.17875e-05 -1.02522e-05  0.000210667 -0.000255142  -0.00721686 -2.00865e-05  2.49104e-05     -9.80928 2998
              13.384 -0.00163903 -0.00141614  0.00653329   0.116054 -0.0655922   0.555724 -0.106436 0.0393365  0.228204  1.13173e-05  9.51021e-06 -1.04699e-05  0.000205836 -0.000259134  -0.00725019 -1.95999e-05  2.53158e-05     -9.80928 2987
              13.484 -0.00099818 0.000166438  0.00635887   0.105807 -0.0616389   0.579237 -0.102958 0.0396593  0.222008  1.06883e-05   8.6761e-06 -9.56105e-06   0.00019963 -0.000261443  -0.00728268 -1.89819e-05  2.55539e-05     -9.80928 2979
              13.584 -0.000762413   0.00149495   0.00616561  0.0961385 -0.0579607   0.602016 -0.100707 0.0393693  0.215664  7.95421e-06  6.64205e-06 -9.37057e-06  0.000189777 -0.000263601  -0.00730989 -1.8001e-05 2.57875e-05    -9.80927 2973
              13.688 -0.000471109   0.00243647   0.00593678  0.0862339 -0.0540153   0.625129 -0.0950415  0.0389343   0.210409 6.79789e-06 4.84987e-06 -8.6653e-06  0.000185605 -0.000262995  -0.00734067 -1.75879e-05  2.57418e-05     -9.80927 2959
              13.788 0.000199058  0.00327642  0.00571021  0.0774195 -0.0503622   0.646817 -0.0889794  0.0382689    0.20452  5.79707e-06  2.65641e-06 -8.30749e-06  0.000179692 -0.000260035  -0.00737057 -1.70034e-05  2.54681e-05     -9.80927 2943
              13.888 0.000865733  0.00399503  0.00550498  0.0693522 -0.0468148   0.668051 -0.0822138   0.036861   0.199036   4.7505e-06   6.3772e-07 -8.83434e-06  0.000167867 -0.000257149  -0.00740369 -1.58387e-05   2.5211e-05     -9.80926 2939
              13.992 0.00140964 0.00463574 0.00543492  0.0615679 -0.0432698   0.689549 -0.0752317  0.0345821   0.194125  3.66096e-06 -1.38935e-06 -8.64382e-06  0.000159114 -0.000255502  -0.00743701 -1.4983e-05  2.5074e-05    -9.80926 2931
              14.096 0.00177231  0.0050776 0.00539171  0.0545369 -0.0401649   0.710451 -0.0683974  0.0319676   0.188754  1.08429e-06 -3.88391e-06 -9.49606e-06   0.00015304 -0.000254427  -0.00746732 -1.43915e-05  2.49916e-05     -9.80926 2921
                14.2 0.00173225 0.00540163 0.00536487 0.0482919 -0.037282  0.730837 -0.0615772  0.0283104   0.181959 -4.94352e-07  -7.3121e-06 -1.06655e-05  0.000148456 -0.000251664  -0.00750178 -1.39529e-05  2.47445e-05     -9.80925 2912
              14.304 0.00166582 0.00556887 0.00541496  0.0428579 -0.0348487   0.750531 -0.0534955  0.0251416   0.175733 -3.72389e-06 -1.01812e-05 -1.10281e-05  0.000140015 -0.000253475  -0.00753348 -1.31365e-05  2.49528e-05     -9.80925 2901
              14.408 0.00147854  0.0055718 0.00552044  0.0381504 -0.0328035    0.76957 -0.0456935  0.0209168   0.169576 -6.23642e-06 -1.28179e-05 -1.17899e-05  0.000133353 -0.000250118  -0.00756498 -1.24929e-05  2.46476e-05     -9.80925 2890
              14.508 0.00151992 0.00561778 0.00559018  0.0342432 -0.0311288   0.787339 -0.0394345  0.0199686   0.163285 -9.21086e-06 -1.49065e-05   -1.243e-05  0.000126309 -0.000249992  -0.00759745 -1.18177e-05  2.46619e-05     -9.80924 2882
              14.612 0.00149522 0.00561218  0.0055661 0.0308996 -0.029476  0.804948 -0.0329609  0.0184225   0.156116 -1.09315e-05 -1.68228e-05 -1.37453e-05  0.000118237 -0.000245371   -0.0076248 -1.1035e-05 2.42307e-05    -9.80924 2876
              14.712 0.00129006 0.00542902 0.00558494  0.0283666 -0.0281166   0.821349 -0.0266151  0.0169981   0.151502 -1.29829e-05 -1.91601e-05 -1.50647e-05  0.000110956 -0.000241172  -0.00765354 -1.03333e-05  2.38412e-05     -9.80924 2868
              14.816 0.00122643 0.00480441 0.00558133  0.0262797 -0.0269524   0.837813 -0.0209495  0.0140047   0.145365   -1.626e-05 -2.05735e-05 -1.56707e-05 0.000101984  -0.0002403 -0.00768182 -9.46825e-06  2.37813e-05     -9.80924 2862
              14.916 0.000952884  0.00426425   0.0054884  0.0249291 -0.0260847   0.853066 -0.0138687   0.013734   0.138575 -1.85886e-05 -2.20204e-05 -1.61174e-05  9.31411e-05 -0.000234567  -0.00771125 -8.61325e-06  2.32413e-05     -9.80923 2851
              15.024 0.000346884  0.00387203  0.00549933  0.0240653 -0.0252709   0.868706 -0.00755584   0.0108111    0.131102 -2.11666e-05 -2.29537e-05 -1.64387e-05  8.60346e-05 -0.000227965  -0.00773985 -7.92915e-06  2.26128e-05     -9.80923 2842
              15.124 -5.35062e-05   0.00370803   0.00556083  0.0237916 -0.0245399   0.882332 -0.00453391  0.00990975    0.125169 -2.24838e-05 -2.39877e-05 -1.71623e-05  7.89339e-05 -0.000221727  -0.00776162 -7.24098e-06  2.20162e-05     -9.80923 2834
              15.224 -0.000153642   0.00337942   0.00562008  0.0237075 -0.0240189   0.895142 -0.00168393  0.00828384    0.117719 -2.51968e-05 -2.42655e-05 -1.72337e-05  7.15601e-05 -0.000219042  -0.00777882 -6.52609e-06  2.17682e-05     -9.80923 2825
              15.324 -5.09003e-05   0.00254224   0.00566452   0.023989 -0.0235536   0.907341 0.000608028  0.00856366    0.111467   -2.735e-05 -2.48391e-05 -1.75187e-05 6.27132e-05 -0.00021535 -0.00779754 -5.66652e-06  2.14226e-05     -9.80922 2816
              15.424 -2.39527e-05   0.00173514    0.0057238  0.0243475 -0.0230141    0.91885 0.00202422 0.00825887   0.103822 -2.89784e-05 -2.54466e-05 -1.73888e-05  5.83433e-05 -0.000212669  -0.00781521 -5.24914e-06  2.11722e-05     -9.80922 2810
              15.528 -5.00384e-05   0.00108555   0.00575805  0.0249885 -0.0224502   0.929965  0.0034676 0.00845746   0.097309 -3.06672e-05 -2.67644e-05 -1.74926e-05  5.28219e-05 -0.000208259  -0.00783095 -4.71537e-06  2.07501e-05     -9.80922 2807
              15.628 -7.65994e-05  0.000725827   0.00569022  0.0255865 -0.0220418   0.939977 0.00334435 0.00750914  0.0908177 -3.25737e-05  -2.7879e-05 -1.83229e-05  4.96486e-05 -0.000204518  -0.00784616 -4.41405e-06  2.03918e-05     -9.80922 2803
              15.732 -0.000286866  0.000153837   0.00577333  0.0261324 -0.0216659   0.949605 0.00490768 0.00786783  0.0829513 -3.50115e-05 -2.80956e-05 -1.88857e-05  4.41167e-05 -0.000200561   -0.0078588 -3.87835e-06  2.00131e-05     -9.80922 2799
              15.832 -0.000400643 -0.000412019   0.00577718  0.0267708 -0.0211301   0.958112 0.00514813 0.00786676  0.0750853 -3.58915e-05 -2.82226e-05 -1.90777e-05  4.05371e-05 -0.000196441  -0.00787225 -3.53435e-06  1.96173e-05     -9.80922 2795
              15.936 -0.000431024  -0.00100948   0.00577051  0.0273809 -0.0205225   0.966079 0.00372429 0.00943039  0.0673786 -3.72256e-05  -2.8447e-05 -1.98079e-05  3.64013e-05 -0.000192634  -0.00788499 -3.13585e-06  1.92524e-05     -9.80922 2793
              16.036 -0.000291221  -0.00127736    0.0057626  0.0278627 -0.0198596   0.973084 0.00402602 0.00898167  0.0609817 -3.83622e-05 -2.83384e-05 -1.98047e-05  3.25677e-05 -0.000190564  -0.00789762 -2.76811e-06  1.90589e-05     -9.80921 2789
              16.132 8.33189e-05 -0.00155792  0.00576638  0.0281823 -0.0193854   0.979063 0.00271269 0.00797704  0.0543492 -3.98442e-05 -2.73849e-05 -2.04991e-05  2.72569e-05 -0.000185674  -0.00790788 -2.25149e-06  1.85878e-05     -9.80921 2787
              16.236 0.000525613 -0.00199543  0.00578686  0.0282887 -0.0189226     0.9849 0.00113839 0.00768081  0.0497226 -4.17761e-05 -2.61464e-05 -2.00539e-05  2.52283e-05 -0.000182604  -0.00791693 -2.05983e-06  1.82938e-05     -9.80921 2783
              16.344 0.000804224 -0.00242322  0.00574492  0.0283487 -0.0184204   0.990436 -0.00048285   0.0066799   0.0437137 -4.33672e-05 -2.53723e-05 -1.98901e-05  2.26635e-05 -0.000179517  -0.00792703 -1.81573e-06  1.79986e-05     -9.80921 2779
              16.444 0.000810468 -0.00251743  0.00571643  0.0280543 -0.0181324   0.995065 -0.00396287   0.0052876   0.0372858 -4.47718e-05 -2.42114e-05 -2.03894e-05  1.92022e-05 -0.000175433  -0.00793918 -1.48416e-06  1.76075e-05     -9.80921 2776
              16.544  0.00057549 -0.00252744  0.00576531  0.0274587 -0.0178926   0.999077 -0.00629544  0.00379612   0.0313581 -4.54785e-05 -2.27567e-05 -2.01591e-05    1.493e-05 -0.000172008  -0.00795141 -1.07207e-06  1.72824e-05     -9.80921 2773
              16.648 0.000323526 -0.00274465  0.00574388  0.0266037 -0.0177662    1.00254 -0.00871535  0.00238617   0.0251077 -4.66146e-05  -2.1089e-05 -1.99568e-05  8.11784e-06 -0.000169774  -0.00796183 -4.09434e-07  1.70754e-05     -9.80921 2771
              16.748 0.000359534 -0.00310073  0.00584949  0.0254781 -0.0178611     1.0053 -0.0118146 0.00123084  0.0208877 -4.80386e-05  -1.9345e-05 -2.03825e-05  3.64486e-06 -0.000168251  -0.00797208 2.15953e-08 1.69372e-05    -9.80921 2769
              16.848 0.000573593 -0.00290933  0.00592647  0.0240536 -0.0178983    1.00786  -0.0147682 0.000326185   0.0175305 -4.79713e-05 -1.82577e-05 -2.07456e-05  1.45753e-06 -0.000164125   -0.0079858 2.27786e-07 1.65424e-05    -9.80921 2769
              16.952 0.000565047 -0.00290071  0.00593581   0.022142 -0.0179686    1.00995  -0.0182246 0.000424773   0.0131186 -4.83518e-05 -1.60928e-05 -2.07987e-05 -2.62025e-06 -0.000162232  -0.00799648 6.20928e-07 1.63684e-05    -9.80921 2768
              17.056 0.000583754 -0.00277507  0.00586646  0.0199983 -0.0181149    1.01169    -0.020893 -9.67373e-05   0.00874419 -4.87905e-05 -1.51752e-05 -2.17999e-05  -2.4002e-06 -0.000158774  -0.00800862  5.8939e-07 1.60369e-05     -9.8092 2767
              17.156 0.000757056 -0.00247522  0.00574191  0.0176741 -0.0183279     1.0131  -0.0224827 -0.00167893  0.00591029 -4.89122e-05 -1.36158e-05 -2.23363e-05 -6.12999e-06 -0.000155492  -0.00802155 9.46779e-07 1.57261e-05     -9.8092 2766
              17.256 0.000723782 -0.00204185  0.00564239  0.0152383 -0.0185479    1.01405  -0.0245127 -0.00194574  0.00424351 -4.86353e-05 -1.20792e-05 -2.26138e-05 -1.05809e-05 -0.000153373  -0.00803013 1.37904e-06 1.55274e-05     -9.8092 2766
              17.356 0.000826092 -0.00153414  0.00560482  0.0126679 -0.0188625    1.01508  -0.0250926 -0.00393594  0.00260896 -4.80023e-05 -1.14309e-05 -2.43924e-05 -1.09651e-05  -0.00015064  -0.00804302 1.40684e-06 1.52677e-05     -9.8092 2767
              17.456 0.000831698 -0.00130903  0.00565227  0.0102311 -0.0193112    1.01577  -0.0242188 -0.00508689 0.000590845 -4.76368e-05 -1.13031e-05 -2.56754e-05 -1.29626e-05 -0.000149608  -0.00805288 1.59517e-06 1.51736e-05     -9.8092 2768
               17.56   0.00118216 -0.000868607   0.00560531 0.00768803 -0.0198812    1.01623   -0.0250617  -0.00560259 -0.000591575 -4.67818e-05 -1.07042e-05 -2.67433e-05 -1.58479e-05 -0.000145071  -0.00806137 1.8743e-06 1.4734e-05    -9.8092 2768
               17.66  0.00208946 -2.1398e-06  0.00555029 0.00524646 -0.0204896    1.01673  -0.0231516 -0.00881093  0.00756918 -4.59424e-05 -9.97155e-06 -2.85268e-05 -1.95061e-05 -0.000144702  -0.00806816 2.22916e-06 1.47047e-05     -9.8092 2768
              17.764 0.00397751 0.00362286 0.00557114 0.00298723 -0.0213294    1.01884 -0.0176418 -0.0104453  0.0189544 -4.44857e-05 -8.71187e-06 -2.90271e-05 -2.33227e-05 -0.000143206  -0.00808122 2.59402e-06  1.4569e-05     -9.8092 2765
              17.868 0.00452992 0.00900407 0.00563453 0.00142099  -0.022472    1.02179  -0.011219 -0.0130231  0.0215069 -4.33279e-05 -7.81116e-06 -3.00155e-05 -2.69485e-05 -0.000141386  -0.00809578 2.93795e-06 1.44016e-05     -9.8092 2761
              17.968 0.00387411  0.0141783 0.00573525 0.000714185  -0.0237717     1.02497 -9.75996e-05   -0.0159069    0.0226407 -4.17157e-05 -7.33966e-06 -3.11928e-05 -2.71921e-05  -0.00013933  -0.00811242 2.94671e-06 1.42098e-05    -9.80919 2761
              18.068 0.00285287  0.0190741 0.00570044 0.00117401 -0.0254449     1.0285  0.0149392 -0.0181162  0.0254738 -4.04046e-05 -5.44978e-06 -3.19094e-05  -3.0839e-05 -0.000136866   -0.0081325 3.28696e-06 1.39826e-05    -9.80919 2757
              18.168 0.00182826  0.0242139 0.00571511 0.00351114 -0.0271804    1.03205  0.0353045 -0.0191017   0.027827 -3.89885e-05 -4.23008e-06 -3.25429e-05 -3.55011e-05 -0.000137656  -0.00814793 3.73108e-06 1.40726e-05    -9.80919 2752
              18.268   0.001058  0.0293749 0.00574282  0.0082186 -0.0290032    1.03587  0.0599821 -0.0189449  0.0300413 -3.80046e-05 -3.39787e-06 -3.31317e-05 -4.27268e-05 -0.000136729  -0.00816424 4.42807e-06 1.39943e-05    -9.80919 2751
              18.368 0.00057909  0.0329368 0.00579514   0.015568 -0.0307488    1.03994  0.0868914 -0.0189352  0.0323791 -3.62081e-05 -2.80822e-06 -3.36365e-05 -5.09008e-05 -0.000134957   -0.0081806 5.22083e-06 1.38325e-05    -9.80919 2748
              18.468 0.000382748   0.0348846  0.00579717  0.0256519 -0.0324834    1.04421   0.115104 -0.0187311  0.0363695 -3.45169e-05 -1.41441e-06 -3.37751e-05 -6.14916e-05 -0.000133095  -0.00819547 6.25445e-06 1.36627e-05    -9.80919 2745
              18.568 7.69167e-05   0.0360988  0.00586148  0.0387535 -0.0342633    1.04881   0.145721 -0.0178892  0.0416102 -3.39191e-05  -8.7434e-07 -3.35078e-05 -7.14737e-05 -0.000133978  -0.00820751 7.22997e-06 1.37605e-05    -9.80919 2741
              18.668 -0.000309589    0.0379055   0.00590432  0.0549844 -0.0357383    1.05409    0.17757 -0.0161511  0.0475862 -3.19251e-05 -5.79008e-07 -3.39752e-05  -8.0292e-05 -0.000133827  -0.00822164 8.09355e-06 1.37563e-05    -9.80918 2737
              18.772 -0.000826799    0.0401286   0.00605982  0.0752724 -0.0371993    1.06014  0.209243 -0.015743 0.0530381 -3.09628e-05 -5.14538e-07 -3.48487e-05 -9.08078e-05 -0.000135614  -0.00823512 9.12592e-06 1.39432e-05    -9.80918 2732
              18.872 -0.00126047    0.040197  0.00621772  0.0978087 -0.0385406    1.06633   0.238953 -0.0148753  0.0567759 -3.01776e-05 -3.43601e-07 -3.52102e-05 -0.000101874 -0.000140146  -0.00824548 1.02141e-05 1.43992e-05    -9.80918 2730
              18.972 -0.00149645    0.038944  0.00621718    0.12336 -0.0398516    1.07286   0.268318 -0.0135333  0.0610831 -2.97957e-05  9.28338e-08 -3.61668e-05  -0.00011457 -0.000144066   -0.0082555 1.14661e-05 1.47957e-05    -9.80918 2727
              19.072 -0.00164491   0.0372948  0.00626828   0.151824 -0.0409149    1.07992  0.296519 -0.010713 0.0649112 -2.91104e-05  5.79023e-07  -3.6923e-05 -0.000127489  -0.00014764  -0.00826741  1.2745e-05 1.51589e-05    -9.80918 2723
              19.172 -0.00175774   0.0358405  0.00629305   0.182882 -0.0416548    1.08722    0.322803 -0.00795589    0.069094  -2.7892e-05  1.52255e-06 -3.70549e-05 -0.000139216 -0.000148905  -0.00827661 1.39097e-05 1.52932e-05    -9.80918 2718
              19.276 -0.00182549   0.0346777  0.00643199   0.217927 -0.0421753    1.09526    0.347493 -0.00626534    0.074592 -2.68029e-05  1.48625e-06 -3.80684e-05   -0.0001475 -0.000152109  -0.00828609 1.47381e-05 1.56162e-05    -9.80918 2711
              19.372 -0.00158775   0.0336295   0.0065161   0.252465 -0.0425014    1.10324    0.369419 -0.00408246   0.0775212 -2.58427e-05  1.33543e-06 -3.88665e-05   -0.0001541 -0.000156366  -0.00829629 1.54051e-05 1.60421e-05    -9.80918 2711
              19.476 -0.00154374   0.0325142  0.00658518   0.292114 -0.0426978    1.11223    0.390429 -0.00221585   0.0840437 -2.51142e-05   1.2605e-06 -3.98263e-05 -0.000160417 -0.000158175  -0.00830543 1.60476e-05 1.62267e-05    -9.80918 2707
              19.576 -0.00177275   0.0311337  0.00671645    0.33238 -0.0426771    1.12125     0.409512 -0.000203094    0.0880959 -2.46259e-05  9.12092e-07 -4.03437e-05 -0.000168145 -0.000161929  -0.00831227 1.68249e-05 1.66027e-05    -9.80918 2707
              19.676 -0.00190171   0.0290291  0.00683414   0.374038 -0.0424526    1.13045  0.419954 0.0021353 0.0895351 -2.42375e-05  1.65285e-06 -4.05428e-05  -0.00017472 -0.000165931  -0.00831606 1.74829e-05 1.70017e-05    -9.80918 2702
               19.78 -0.00206105    0.020264  0.00703757   0.418133 -0.0419874     1.1399   0.428515 0.00462681  0.0844931 -2.32626e-05  1.37169e-06 -4.01872e-05 -0.000176004 -0.000166058  -0.00832201 1.76322e-05 1.70168e-05    -9.80917 2700
              19.884 -0.00209068   0.0148185  0.00722328   0.463291 -0.0413562    1.14907   0.438103 0.00659352   0.082995 -2.23599e-05  1.43367e-06 -4.05522e-05 -0.000177918 -0.000165758  -0.00832929 1.78529e-05  1.6991e-05    -9.80917 2696
               19.98 -0.00185878   0.0145367  0.00738234   0.50554 -0.040672   1.15745   0.441243 0.00817147  0.0852811 -2.23075e-05  2.31767e-06 -4.12328e-05 -0.000181553 -0.000166341  -0.00833361 1.82318e-05 1.70521e-05    -9.80917 2692
               20.08 -0.00149798   0.0162378  0.00747964   0.549645 -0.0397797    1.16644   0.442098 0.00975483  0.0877193 -2.21374e-05  3.14264e-06  -4.1167e-05 -0.000182665 -0.000166596  -0.00833823 1.83667e-05 1.70794e-05    -9.80917 2686
              20.184 -0.00134763   0.0178818  0.00754854   0.595459 -0.0386599    1.17573  0.441898 0.0121002 0.0896353  -2.2118e-05  4.93975e-06 -4.05291e-05 -0.000187124 -0.000165892  -0.00833916 1.88134e-05 1.70133e-05    -9.80917 2677
              20.288 -0.00131349   0.0183992  0.00751635   0.641137 -0.0373218    1.18531  0.441918 0.0131989 0.0911031 -2.20868e-05  7.80673e-06 -3.95055e-05 -0.000192823 -0.000166404  -0.00834172 1.93938e-05  1.7068e-05    -9.80917 2670
              20.388 -0.00113767   0.0183363  0.00744661   0.685168 -0.0359964    1.19466  0.445395 0.0135756 0.0934859 -2.24918e-05  1.04875e-05 -3.88865e-05 -0.000196145 -0.000167043  -0.00834374 1.97375e-05 1.71334e-05    -9.80917 2665
              20.488 -0.000834368    0.0180708    0.0074012   0.729569 -0.0346656     1.2044  0.447321 0.0146413 0.0972245 -2.27882e-05    1.198e-05 -3.79369e-05 -0.000195832 -0.000167188  -0.00834716 1.97337e-05 1.71484e-05    -9.80917 2660
              20.588 -0.000738052    0.0180353   0.00736113  0.774237 -0.033215   1.21449  0.450622 0.0156704  0.100026 -2.33857e-05  1.37531e-05 -3.61974e-05 -0.000195534  -0.00016884  -0.00835059 1.97326e-05 1.73114e-05    -9.80917 2650
              20.688 -0.00089606   0.0171914  0.00739721   0.819044 -0.0317263    1.22487  0.447801 0.0161853 0.0998853  -2.3827e-05  1.59643e-05 -3.53158e-05  -0.00019752 -0.000168373   -0.0083544 1.99625e-05 1.72679e-05    -9.80917 2646
              20.792 -0.00106042  0.00962134  0.00745341   0.865224 -0.0302542    1.23491  0.443464 0.0152026 0.0927268 -2.47535e-05  1.65456e-05 -3.39354e-05 -0.000197782 -0.000167712  -0.00835412 1.99867e-05 1.72028e-05    -9.80917 2636
                20.9 -0.000823211   0.00484482   0.00757276   0.912867 -0.0287525    1.24491  0.440627 0.0151515 0.0893359 -2.48615e-05  1.76407e-05 -3.30539e-05 -0.000198411 -0.000164967  -0.00835673 2.00756e-05 1.69343e-05    -9.80917 2621
                  21  -0.000729  0.0050531 0.00766065   0.956523 -0.0272985    1.25399  0.433706 0.0161338 0.0887426 -2.51394e-05  1.82337e-05 -3.19746e-05 -0.000197978 -0.000163824  -0.00835933 2.00594e-05 1.68228e-05    -9.80917 2615
              21.104 -0.000909632   0.00731135   0.00783677    1.00118 -0.0257059    1.26344  0.425711 0.0158424 0.0897172 -2.54094e-05  1.89214e-05 -3.10938e-05 -0.000195953 -0.000163369  -0.00836182 1.98867e-05 1.67774e-05    -9.80917 2613
              21.204 -0.000950161   0.00919497   0.00793006     1.0432 -0.0241804     1.2724  0.417288 0.0166552 0.0907818 -2.58118e-05  1.99552e-05 -3.02226e-05 -0.000197984 -0.000161268  -0.00836095 2.00797e-05 1.65717e-05    -9.80917 2610
              21.304 -0.000765889    0.0103995   0.00805904    1.08446 -0.0224935    1.28146  0.410978 0.0174749 0.0910017 -2.62102e-05  2.08168e-05   -2.904e-05 -0.000196828 -0.000162092  -0.00836068 1.99639e-05 1.66511e-05    -9.80917 2610
              21.408 -0.000465975    0.0110163   0.00811334    1.12668 -0.0207115     1.2908  0.406651 0.0184421 0.0916373 -2.66308e-05  2.23831e-05 -2.81308e-05 -0.000197102 -0.000161406  -0.00835875 1.99722e-05  1.6582e-05    -9.80917 2603
              21.512 -0.000230194    0.0111399   0.00804047    1.16874 -0.0190612    1.30034  0.403473 0.0168551 0.0934897 -2.74846e-05  2.28979e-05 -2.73322e-05 -0.000198031 -0.000159823  -0.00835821 2.00585e-05 1.64268e-05    -9.80917 2599
              21.616 -0.000236064    0.0111571   0.00800868    1.21036 -0.0173728     1.3103  0.400574 0.0169483   0.09419 -2.72881e-05  2.46304e-05  -2.6343e-05 -0.000200606 -0.000156297  -0.00836053 2.03424e-05 1.60834e-05    -9.80917 2594
               21.72 -0.000313674   0.00976225   0.00797426     1.2518 -0.0159262    1.32001  0.390209 0.0163967 0.0919553 -2.87246e-05  2.53416e-05 -2.60991e-05 -0.000205283 -0.000153933  -0.00835882 2.07822e-05 1.58539e-05    -9.80917 2593
              21.828 -0.000529993  -0.00175164   0.00803533    1.29319 -0.0143373    1.32964  0.377925 0.0163646 0.0803286 -2.91293e-05  2.53535e-05 -2.63383e-05 -0.000203405 -0.000153316  -0.00836305   2.065e-05 1.57944e-05    -9.80917 2576
              21.932 -0.000427123  -0.00776947   0.00811352    1.3321 -0.012844   1.33814  0.368237 0.0150696 0.0766368 -3.00824e-05  2.51209e-05 -2.68148e-05 -0.000201615 -0.000153887  -0.00836713 2.05242e-05 1.58517e-05    -9.80917 2577
              22.028 -0.000453446  -0.00719684   0.00823683    1.36693 -0.0114244    1.34612   0.35367 0.0153327 0.0784429 -3.01555e-05  2.41116e-05 -2.66367e-05 -0.000196557 -0.000154232   -0.0083737 2.01109e-05 1.58858e-05    -9.80917 2573
              22.128 -0.000669568  -0.00399982   0.00824875     1.40152 -0.00986502     1.35425  0.337108 0.0154226 0.0792793 -2.97055e-05  2.38338e-05  -2.7302e-05 -0.000193358 -0.000152689  -0.00837607 1.98291e-05 1.57332e-05    -9.80917 2567
              22.228 -0.000652356   -0.0010192   0.00830875     1.43463 -0.00837501     1.36234  0.321221 0.0155921 0.0803114  -2.9758e-05  2.28092e-05 -2.81532e-05 -0.000192023 -0.000151291  -0.00837778 1.97215e-05 1.55964e-05    -9.80917 2570
              22.328 -0.00029758  0.00070048  0.00841702     1.46626 -0.00689965     1.37017  0.308862 0.0156467 0.0796694 -3.03301e-05  2.20833e-05 -2.83731e-05 -0.000192393 -0.000150525  -0.00837569 1.97303e-05 1.55203e-05    -9.80917 2569
              22.428 -0.000154618   0.00174846    0.0084886     1.49677 -0.00533317     1.37792  0.299584 0.0160308 0.0799082 -3.02148e-05  2.17713e-05 -2.85337e-05 -0.000192642 -0.000147535  -0.00837346 1.97274e-05 1.52256e-05    -9.80917 2561
              22.528 -0.000340068   0.00262416   0.00852908     1.52642 -0.00393175     1.38577  0.292537 0.0160021 0.0792228 -3.12857e-05  2.16717e-05 -2.88235e-05 -0.000193179 -0.000147913   -0.0083723 1.97637e-05 1.52624e-05    -9.80917 2562
              22.628 -0.000668362   0.00341329   0.00854381     1.55544 -0.00257706     1.39383  0.285127 0.0156164  0.078837 -3.26726e-05  2.12712e-05 -2.95394e-05 -0.000193128 -0.000148769  -0.00837403 1.97814e-05 1.53478e-05    -9.80917 2558
              22.728 -0.000778353   0.00349318    0.0085975     1.58368 -0.00102788     1.40137  0.275267 0.0161849 0.0762155 -3.29944e-05   2.1567e-05 -2.97488e-05 -0.000196408 -0.000147498  -0.00837052 2.00558e-05 1.52234e-05    -9.80917 2560
              22.828  -0.00079758 -0.000938882   0.00868756     1.61096 0.000576211     1.40859  0.266048 0.0170726  0.068801 -3.32935e-05  1.99876e-05 -2.90286e-05 -0.000194025 -0.000146992   -0.0083701  1.9817e-05 1.51716e-05    -9.80917 2549
              22.928 -0.00077308 -0.00371854  0.00879951   1.63731 0.0022945   1.41503  0.257796 0.0178431 0.0663182 -3.33436e-05  1.93654e-05 -2.89868e-05 -0.000193903 -0.000145706  -0.00836658 1.97572e-05 1.50429e-05    -9.80917 2538
              23.028 -0.00067799 -0.00358539  0.00890618    1.66281 0.00389356    1.42152   0.24978 0.0163932 0.0672276  -3.4003e-05  1.88852e-05 -2.82165e-05 -0.000193888 -0.000144185  -0.00836477 1.97317e-05 1.48923e-05    -9.80917 2535
              23.128 -0.000308101  -0.00155082   0.00907158    1.68734 0.00556793    1.42821  0.238675 0.0163692 0.0682875 -3.32424e-05  1.88604e-05 -2.77962e-05 -0.000195834 -0.000140859  -0.00836398 1.99146e-05 1.45674e-05    -9.80917 2526
              23.232 0.000189548 0.000614424   0.0091696    1.71176 0.00733858    1.43547  0.229125 0.0176133 0.0694911   -3.303e-05  1.87107e-05 -2.65025e-05 -0.000196673  -0.00013931   -0.0083645 2.00059e-05 1.44168e-05    -9.80917 2521
              23.336 0.000432815   0.0021065  0.00927052    1.73536 0.00895284     1.4434  0.221075 0.0169306 0.0721503 -3.37539e-05  1.81446e-05 -2.48657e-05 -0.000196495 -0.000139597  -0.00836986 2.00648e-05 1.44494e-05    -9.80917 2524
               23.44 0.000278339   0.0031118  0.00928031   1.75836 0.0107633   1.45091  0.214832 0.0174284 0.0750451 -3.32879e-05  1.65062e-05 -2.34012e-05 -0.00019597 -0.00013808 -0.00836885 2.00014e-05 1.42997e-05    -9.80917 2519
              23.544 5.51758e-05  0.00384558  0.00890992   1.78066 0.0123877   1.45906  0.210287 0.0160535 0.0772504  -3.3913e-05  1.57448e-05 -2.15722e-05 -0.000196427 -0.000138945  -0.00837143 2.00829e-05 1.43874e-05    -9.80917 2517
              23.644 -3.82347e-05   0.00430054    0.0084361    1.8018 0.0137815   1.46666  0.208736 0.0151984 0.0808115 -3.50809e-05  1.51859e-05 -2.00597e-05 -0.000199025  -0.00013848  -0.00836856 2.02976e-05  1.4342e-05    -9.80917 2515
              23.744 1.1419e-05 0.00417078  0.0083653    1.8228 0.0151834   1.47485  0.204302 0.0139594 0.0825289 -3.53257e-05  1.40661e-05 -2.03025e-05 -0.000199726 -0.000137428  -0.00836791 2.03589e-05 1.42393e-05    -9.80917 2514
              23.844 0.000181793 -0.00102037  0.00869047   1.84296 0.0164987   1.48209   0.19489 0.0129363 0.0750329 -3.56984e-05  1.25368e-05 -2.02692e-05 -0.000199437 -0.000136517  -0.00836206 2.02487e-05 1.41449e-05    -9.80917 2516
              23.948 0.000491216 -0.00513426  0.00893513   1.86332 0.0178074   1.48926  0.188503 0.0129662 0.0723064 -3.55936e-05   1.0355e-05 -2.01269e-05 -0.000199328 -0.000132858  -0.00835751  2.0178e-05 1.37826e-05    -9.80917 2507
              24.048  0.00104941 -0.00540144  0.00898497     1.882 0.0188557   1.49572  0.180231 0.0115633  0.071949 -3.60773e-05   8.7603e-06   -2.073e-05 -0.000196255 -0.000128622  -0.00835053 1.97822e-05 1.33585e-05    -9.80917 2500
              24.148  0.00182205 -0.00393814  0.00899038   1.89981 0.0196838   1.50245  0.170982 0.0102721 0.0727998  -3.7875e-05    7.839e-06 -2.07658e-05 -0.000198312 -0.000129028  -0.00834545 1.99118e-05 1.33959e-05    -9.80917 2497
              24.248  0.00250953 -0.00200899  0.00903363   1.91674 0.0204719   1.50974  0.162104 0.0073502 0.0733755 -3.87613e-05  6.50427e-06 -2.11884e-05 -0.000197711 -0.000130258  -0.00834549 1.98529e-05 1.35159e-05    -9.80917 2499
              24.356  0.00328798 -0.00056746  0.00904411   1.93406 0.0209171   1.51739   0.154406 0.00284335  0.0720441 -3.95222e-05  5.33231e-06 -2.18731e-05 -0.000198011 -0.000128911  -0.00834349 1.98561e-05 1.33825e-05    -9.80917 2489
               24.46  0.00409784 0.000220714  0.00885802  1.95004 0.020909  1.52436     0.148122 -0.000867055    0.0710382 -4.01203e-05  4.11552e-06 -2.16884e-05 -0.000199917 -0.000127699  -0.00833949 1.99886e-05 1.32623e-05    -9.80917 2483
              24.564  0.00481565 0.000587435   0.0085878   1.96554 0.0204672   1.53147    0.143869 -0.00481936   0.0701304 -4.08556e-05  2.54352e-06  -2.2265e-05 -0.000201372 -0.000125992  -0.00833743 2.01052e-05 1.30948e-05    -9.80917 2478
              24.672 0.00537366 0.00123177 0.00834788   1.98125 0.0196309   1.53883   0.139193 -0.0103628  0.0711332 -4.10365e-05  4.33023e-07 -2.24689e-05 -0.000201841 -0.000126148  -0.00833527 2.01217e-05 1.31086e-05    -9.80917 2480
              24.772 0.00548293 0.00161062 0.00819452   1.99554 0.0181775   1.54537   0.135763 -0.0149928  0.0699074 -4.23182e-05 -1.79744e-06 -2.25955e-05 -0.000204387 -0.000125584   -0.0083303  2.0304e-05 1.30516e-05    -9.80917 2472
              24.876  0.00512928 0.000662825  0.00816275   2.00981 0.0163986   1.55211  0.132497 -0.019195 0.0670893 -4.25447e-05 -3.40227e-06 -2.30821e-05 -0.000205221  -0.00012608  -0.00832693 2.03395e-05 1.30981e-05    -9.80917 2468
              24.976   0.0048227 0.000576561  0.00819338   2.02335 0.0143367   1.55824   0.131313 -0.0226999   0.067761 -4.28978e-05 -5.37144e-06 -2.35901e-05 -0.000204158 -0.000126854  -0.00832183 2.01656e-05 1.31685e-05    -9.80917 2467
               25.08 0.00452995 0.00149734 0.00820331   2.03719 0.0117968    1.5652   0.128733 -0.0265978  0.0698187 -4.31727e-05 -7.20695e-06 -2.44294e-05 -0.000204032 -0.000127825  -0.00832027 2.01314e-05 1.32618e-05    -9.80917 2463
               25.18 0.00406697 0.00265698 0.00822297   2.05017 0.0089411    1.5714   0.126879 -0.0311044  0.0705447 -4.37625e-05 -8.15741e-06  -2.4851e-05 -0.000205162 -0.000129478   -0.0083136 2.01512e-05 1.34198e-05    -9.80918 2455
               25.28 0.00357523 0.00402915 0.00833397      2.063 0.00575746    1.57807   0.124124 -0.0333612  0.0710323 -4.37302e-05 -9.74021e-06 -2.55686e-05 -0.000205127 -0.000129195  -0.00831018 2.01027e-05 1.33891e-05    -9.80918 2449
              25.384 0.00301211 0.00533623 0.00832273    2.07613 0.00209838    1.58483   0.124033 -0.0362598  0.0717864 -4.44978e-05 -1.07068e-05 -2.65083e-05 -0.000206551 -0.000130654  -0.00830454 2.01664e-05 1.35294e-05    -9.80918 2449
              25.484 0.00215834 0.00603306 0.00832099     2.08879 -0.00174352     1.59149   0.125008 -0.0387997  0.0730817  -4.5855e-05 -1.16058e-05 -2.74729e-05 -0.000208968 -0.000133786  -0.00829983 2.03382e-05  1.3835e-05    -9.80918 2441
              25.584 0.00166292 0.00650273 0.00827732     2.10163 -0.00557561     1.59867   0.126189 -0.0398892  0.0750649 -4.54932e-05 -1.29106e-05 -2.88399e-05 -0.000210443 -0.000134488  -0.00829828  2.0462e-05 1.39036e-05    -9.80918 2436
              25.684 0.00107688 0.00661352 0.00833063     2.11457 -0.00953873     1.60602   0.128208 -0.0399604  0.0780191 -4.56947e-05 -1.42238e-05 -2.97307e-05 -0.000210493 -0.000135436  -0.00829609 2.04379e-05 1.39946e-05    -9.80918 2430
              25.788 0.000373569  0.00695817   0.0083463   2.12826 -0.013279   1.61376   0.131047 -0.0374734   0.080874 -4.47946e-05 -1.58486e-05 -3.00356e-05 -0.000209876 -0.000138041  -0.00829204 2.03238e-05 1.42462e-05    -9.80918 2422
              25.892 -0.000379695   0.00723628    0.0083622    2.14225 -0.0168899    1.62216   0.135064 -0.0358681  0.0809829 -4.37523e-05 -1.68163e-05  -2.9233e-05 -0.000211721 -0.000138451  -0.00829151 2.04978e-05 1.42871e-05    -9.80918 2414
              25.996 -0.000961303   0.00744288   0.00833032     2.1566 -0.0203252    1.63048   0.137091 -0.0340124  0.0820765 -4.30969e-05 -1.77476e-05 -2.93971e-05 -0.000212726 -0.000140394  -0.00829037 2.05803e-05 1.44771e-05    -9.80918 2414
              26.096 -0.00159291  0.00711409  0.00828023    2.17064 -0.0234209    1.63878   0.139355 -0.0305719  0.0832181 -4.27528e-05 -1.87418e-05 -2.96403e-05 -0.000213157 -0.000142167  -0.00829078  2.0626e-05 1.46504e-05    -9.80918 2408
                26.2 -0.00212332  0.00679721  0.00825986    2.18547 -0.0262396    1.64746    0.14067 -0.0269083  0.0852244 -4.15745e-05 -1.99053e-05 -2.99068e-05  -0.00021445 -0.000141898  -0.00829022 2.07465e-05 1.46242e-05    -9.80918 2399
                26.3 -0.00229973  0.00663253  0.00831185    2.19977 -0.0286726    1.65586     0.1417 -0.0239355  0.0863024  -4.0817e-05  -2.0625e-05 -3.00954e-05 -0.000215172 -0.000141242  -0.00828883 2.08012e-05 1.45599e-05    -9.80918 2393
                26.4 -0.00253803  0.00688123  0.00831919    2.21419 -0.0308877    1.66481   0.143529 -0.0197343   0.086624  -4.0469e-05 -2.16997e-05 -3.01241e-05 -0.000215219 -0.000140536  -0.00829119  2.0835e-05 1.44907e-05    -9.80918 2390
                26.5 -0.00260893  0.00689905  0.00832726    2.22877 -0.0325497     1.6737   0.144607 -0.0169286  0.0858352 -3.94755e-05 -2.26619e-05 -2.98946e-05 -0.000215516 -0.000140935  -0.00829301 2.08857e-05 1.45296e-05    -9.80918 2383
              26.604 -0.00278143  0.00670801  0.00837233    2.24406 -0.0341474    1.68265   0.145916 -0.0144218  0.0850733  -3.9099e-05 -2.37396e-05 -2.96907e-05 -0.000214632 -0.000140396  -0.00829368 2.08078e-05 1.44755e-05    -9.80918 2382
              26.704 -0.00272565   0.0069516  0.00828934    2.25899 -0.0353533    1.69071   0.148559 -0.0112887  0.0837925 -3.84091e-05 -2.45933e-05 -2.92367e-05 -0.000216613 -0.000139257  -0.00829094 2.09708e-05 1.43648e-05    -9.80918 2372
              26.804 -0.00283948  0.00670646  0.00824869    2.27413 -0.0360804    1.69849    0.150598 -0.00735802   0.0827688 -3.71642e-05 -2.56884e-05  -2.8182e-05 -0.000217194 -0.000136563  -0.00828711 2.09861e-05 1.41006e-05    -9.80918 2376
              26.904 -0.00272847  0.00614547  0.00818791    2.28934 -0.0364832    1.70697    0.150564 -0.00488893   0.0824227 -3.55616e-05 -2.58823e-05  -2.7259e-05 -0.000220045  -0.00013387  -0.00828877 2.12873e-05 1.38399e-05    -9.80918 2366
              27.008 -0.00233606  0.00564575  0.00817397     2.3053 -0.0367422    1.71507    0.153294 -0.00207814   0.0820582 -3.47011e-05 -2.68615e-05 -2.60888e-05 -0.000220765 -0.000132435  -0.00828539 2.13209e-05 1.36992e-05    -9.80918 2365
              27.108 -0.00201487   0.0053785   0.0081088    2.32067 -0.0367296    1.72318    0.153378 0.000329922   0.0806183 -3.42449e-05 -2.68485e-05 -2.46923e-05 -0.000222914 -0.000132656  -0.00828523 2.15292e-05 1.37225e-05    -9.80918 2355
              27.208 -0.00189584  0.00520184  0.00803679    2.33618 -0.0364915    1.73082   0.153883 0.00277309  0.0787606 -3.32949e-05 -2.74391e-05 -2.32997e-05 -0.000223121 -0.000131502  -0.00828265  2.1522e-05 1.36093e-05    -9.80918 2354
              27.308 -0.00173452  0.00482704  0.00796378    2.35163 -0.0361817    1.73838  0.153398 0.0037937 0.0773242 -3.31298e-05 -2.78884e-05 -2.19748e-05 -0.000223937 -0.000130487  -0.00828109 2.15853e-05 1.35104e-05    -9.80918 2351
              27.408 -0.00161333  0.00438251  0.00794806    2.36691 -0.0357024    1.74571   0.152866 0.00442216  0.0763167  -3.2642e-05 -2.75729e-05 -2.07577e-05 -0.000223383 -0.000129016  -0.00827869 2.15066e-05 1.33662e-05    -9.80918 2344
              27.508 -0.00163705  0.00390628  0.00799605    2.38196 -0.0351145    1.75318   0.152489 0.00677262   0.073952 -3.25718e-05 -2.65056e-05 -1.90947e-05 -0.000222057 -0.000129243  -0.00827817 2.13714e-05  1.3388e-05    -9.80918 2340
              27.608 -0.00169591  0.00378638   0.0080295    2.39701 -0.0344749    1.76025  0.151226 0.0081677 0.0712671 -3.25367e-05 -2.60132e-05  -1.7517e-05 -0.000220183 -0.000127054  -0.00827667 2.11743e-05 1.31728e-05    -9.80918 2333
              27.712 -0.00156069   0.0037353  0.00810862     2.4124 -0.0335855    1.76703   0.148724 0.00996503  0.0684181 -3.23089e-05 -2.47814e-05 -1.62679e-05 -0.000219249 -0.000124424  -0.00827315 2.10483e-05 1.29158e-05    -9.80918 2329
              27.812 -0.00145963  0.00358539  0.00817003    2.42704 -0.0326962    1.77342  0.147635 0.0104307 0.0670965 -3.24722e-05 -2.37747e-05 -1.52431e-05 -0.000218564 -0.000122155   -0.0082705 2.09556e-05 1.26942e-05    -9.80918 2325
              27.916 -0.00123247  0.00356111  0.00819096   2.44216 -0.031447   1.78028  0.145395 0.0111908 0.0652114 -3.18649e-05 -2.28641e-05 -1.43491e-05 -0.000217922 -0.000121554  -0.00827013 2.08902e-05 1.26356e-05    -9.80918 2321
              28.016 -0.000873198   0.00322759   0.00826098    2.45642 -0.0303374    1.78659  0.142774 0.0121547 0.0638012 -3.17114e-05 -2.17452e-05 -1.33227e-05 -0.000218029 -0.000119885  -0.00826893 2.08899e-05 1.24733e-05    -9.80918 2320
              28.116 -0.000819569   0.00305277   0.00836657     2.4703 -0.0293017    1.79239  0.140262 0.0123486 0.0613989 -3.19845e-05 -1.99529e-05  -1.2767e-05  -0.00021797 -0.000116373  -0.00826568 2.08544e-05 1.21313e-05    -9.80918 2309
               28.22 -0.000713248   0.00297739   0.00860846     2.4844 -0.0280558    1.79859  0.138664 0.0120816 0.0600352 -3.20647e-05 -1.79061e-05 -1.12129e-05 -0.000217442 -0.000115119  -0.00826491 2.07965e-05 1.20096e-05    -9.80918 2307
               28.32 -0.000441637   0.00290618   0.00874724   2.49799 -0.026854   1.80443  0.136864 0.0122139 0.0582918  -3.1918e-05 -1.68757e-05 -1.02853e-05 -0.000218261 -0.000113688  -0.00826447 2.08736e-05 1.18712e-05    -9.80918 2304
              28.424 -0.000460484   0.00280969    0.0088971    2.51187 -0.0256137    1.81028  0.135528  0.012823 0.0565952 -3.16714e-05 -1.54763e-05 -9.36789e-06 -0.000218469 -0.000112488  -0.00826372 2.0888e-05 1.1755e-05   -9.80918 2300
              28.528 -0.000657204   0.00264533   0.00911116   2.52555 -0.024456   1.81562  0.133174 0.0123162 0.0554574 -3.20986e-05 -1.36391e-05  -8.3454e-06 -0.000218748 -0.000112006  -0.00826045 2.08839e-05 1.17088e-05    -9.80918 2297
              28.628 -0.000687352   0.00221901   0.00928315     2.5385 -0.0232998    1.82097  0.130614  0.012392 0.0544712 -3.22969e-05 -1.23231e-05 -8.73577e-06  -0.00021993 -0.000111087  -0.00825926 2.09888e-05 1.16206e-05    -9.80918 2289
              28.728 -0.000436884   0.00214701    0.0095329    2.55126 -0.0221478    1.82617  0.127136 0.0137126 0.0526576 -3.25236e-05 -1.07641e-05 -8.72093e-06 -0.000222891 -0.000109376  -0.00825841 2.12714e-05 1.14568e-05    -9.80918 2286
              28.828 -8.18343e-05   0.00229881   0.00964312    2.56374 -0.0207711    1.83154  0.125212 0.0137244 0.0508927 -3.24983e-05 -9.64096e-06 -8.55901e-06 -0.000224921 -0.000108718  -0.00825945 2.14799e-05 1.13949e-05    -9.80918 2285
              28.928 -0.000182776   0.00262716   0.00964039    2.57598 -0.0193968    1.83647  0.123452 0.0136011 0.0486124 -3.26452e-05 -8.26377e-06 -8.23609e-06 -0.000225419 -0.000108865  -0.00825902 2.15245e-05   1.141e-05    -9.80918 2282
              29.028 -0.000185528   0.00244564   0.00973813    2.58799 -0.0181387    1.84137  0.121418 0.0134047 0.0472948  -3.2795e-05 -6.99037e-06  -8.1428e-06 -0.000225666 -0.000106768   -0.0082595 2.15551e-05 1.12061e-05    -9.80918 2284
              29.132 -8.25315e-05   0.00209312   0.00981101    2.60027 -0.0167315    1.84647  0.119819 0.0138601 0.0458929 -3.27063e-05 -5.60457e-06 -8.72759e-06  -0.00022639 -0.000105049  -0.00826109 2.16417e-05 1.10396e-05    -9.80918 2274
              29.232 5.9692e-05 0.00205473 0.00989383    2.61186 -0.0155022    1.85089  0.117803 0.0144349 0.0459379 -3.34312e-05 -4.07437e-06 -8.53536e-06 -0.000226653 -0.000105379  -0.00825989 2.16564e-05  1.1072e-05    -9.80918 2270
              29.332 -0.000162239   0.00213574    0.0100172     2.6233 -0.0142807    1.85532  0.117084 0.0145853 0.0457535 -3.47616e-05 -2.59158e-06 -7.97094e-06  -0.00022666 -0.000106359  -0.00825911 2.16494e-05 1.11676e-05    -9.80918 2268
              29.436 -0.000213935   0.00231619    0.0101118    2.63507 -0.0131637    1.86024 0.115121 0.012923 0.047455 -3.66489e-05  -1.1095e-06 -7.69292e-06 -0.000225961 -0.000106585  -0.00825916 2.15814e-05 1.11889e-05    -9.80918 2265
              29.536 -8.9326e-05  0.00261885   0.0102545    2.64627 -0.0121853    1.86423  0.114075 0.0120461 0.0474305 -3.82183e-05 -6.73892e-08 -7.02591e-06 -0.000224319 -0.000108421  -0.00825452 2.13808e-05 1.13655e-05    -9.80918 2266
              29.636 -4.42531e-05    0.0032044    0.0103333    2.65736 -0.0111782    1.86896  0.112514 0.0134374 0.0481762 -3.93125e-05  1.26326e-06 -6.28202e-06 -0.000223511 -0.000108761  -0.00825418 2.12989e-05 1.13975e-05    -9.80918 2261
              29.744 4.64939e-05  0.00336818   0.0103436    2.66919 -0.0101188    1.87339  0.110784 0.0123574 0.0476837 -4.08792e-05  2.46091e-06 -5.47971e-06  -0.00022205 -0.000109728  -0.00824954 2.11184e-05 1.14893e-05    -9.80918 2263
              29.844 9.01553e-05  0.00338172    0.010301     2.67982 -0.00930044     1.87816  0.109766 0.0120233  0.047261 -4.25553e-05  4.38954e-06  -5.3574e-06 -0.000221635  -0.00010896  -0.00824948 2.10786e-05 1.14134e-05    -9.80918 2253
              29.944 0.000131848  0.00350089   0.0102266     2.69048 -0.00842979     1.88286  0.109931 0.0122199 0.0486326 -4.39195e-05  5.85127e-06 -5.67136e-06 -0.000220812  -0.00010818  -0.00824895 2.09955e-05  1.1336e-05    -9.80918 2252
              30.048 6.10616e-05  0.00364885   0.0101177     2.70149 -0.00742815     1.88779   0.10977 0.0114467  0.050461 -4.49745e-05  7.62037e-06 -5.18652e-06  -0.00021956 -0.000108463  -0.00824792 2.08657e-05 1.13613e-05    -9.80918 2247
              30.148 -0.000224341   0.00378307   0.00997867     2.71233 -0.00654954     1.89282  0.109975 0.0120383 0.0509548 -4.60585e-05  8.54693e-06 -5.48951e-06 -0.000219454  -0.00010659  -0.00824751 2.08548e-05 1.11782e-05    -9.80918 2244
              30.248 -0.000432179   0.00380173   0.00987398     2.72308 -0.00576248     1.89791  0.109881 0.0104582 0.0515837 -4.78109e-05  9.81084e-06  -5.3762e-06 -0.000219117 -0.000105935  -0.00824708 2.08204e-05 1.11132e-05    -9.80918 2242
              30.352 -0.000469066   0.00396127   0.00982175     2.73415 -0.00485163     1.90335   0.10991 0.0111449 0.0523797 -4.87499e-05  1.14756e-05 -6.13026e-06 -0.000218429  -0.00010618  -0.00824739 2.07558e-05 1.11355e-05    -9.80918 2232
              30.456 -0.000666049   0.00413056   0.00979427     2.74525 -0.00390954     1.90853  0.110014 0.0104796 0.0521371 -4.99202e-05  1.27446e-05 -6.00126e-06 -0.000215531 -0.000108463  -0.00824565 2.04592e-05 1.13536e-05    -9.80918 2231
               30.56 -0.000802052   0.00414279   0.00977947     2.75643 -0.00307502     1.91401  0.110135 0.0100949 0.0529934 -5.14448e-05  1.36979e-05 -6.57371e-06 -0.000214028 -0.000110434  -0.00824581 2.03123e-05 1.15434e-05    -9.80918 2223
               30.66 -0.000848819   0.00412914   0.00983568     2.76723 -0.00216648     1.91877   0.11054 0.0114487 0.0542496  -5.2335e-05  1.51516e-05 -7.08205e-06 -0.000214885 -0.000110937  -0.00824228  2.0372e-05 1.15919e-05    -9.80918 2225
              30.764 -0.00087177  0.00419496  0.00998599     2.77843 -0.00118074     1.92405  0.110892 0.0117349 0.0543142 -5.34762e-05  1.66655e-05 -8.09827e-06 -0.000214631 -0.000112003   -0.0082402 2.03328e-05 1.16942e-05    -9.80918 2221
               30.86 -0.000615041   0.00393283    0.0101926      2.78878 -0.000311701      1.92888  0.110799 0.0121702 0.0536082 -5.47398e-05  1.80761e-05 -7.87354e-06 -0.000213915 -0.000112118  -0.00823801 2.02496e-05 1.17033e-05    -9.80918 2217
               30.96 -0.000445955   0.00377962    0.0103146     2.79954 0.000635222     1.93371  0.110561 0.0123147 0.0523076 -5.65319e-05  1.91806e-05 -7.76046e-06 -0.000210051 -0.000116317  -0.00823541 1.98525e-05 1.21065e-05    -9.80918 2216
               31.06 -0.00044097  0.00351911   0.0104334    2.81026 0.00171352    1.93829  0.109687 0.0100725 0.0516398 -5.67543e-05  2.06064e-05  -7.3912e-06 -0.000208964 -0.000116772  -0.00823167 1.97233e-05 1.21478e-05    -9.80918 2213
               31.16 -0.000524022   0.00332153    0.0106057    2.82097 0.00282952    1.94283  0.109036 0.0101829 0.0506596 -5.66326e-05  2.16187e-05    -7.27e-06 -0.000207498  -0.00011933  -0.00822844 1.95579e-05 1.23939e-05    -9.80918 2209
              31.268 -0.000485055   0.00330605    0.0107549    2.83248 0.00412203    1.94785   0.10803  0.010693 0.0488977 -5.60172e-05  2.27941e-05 -7.00602e-06 -0.000207001 -0.000120657  -0.00822631 1.94952e-05 1.25214e-05    -9.80918 2206
              31.368 -0.000172872   0.00315432    0.0108472    2.84303 0.00526907    1.95198   0.107088 0.00945138  0.0467819 -5.56218e-05  2.39612e-05 -5.41424e-06 -0.000205684 -0.000121813  -0.00822232 1.93426e-05 1.26308e-05    -9.80918 2200
              31.468 0.00020296 0.00295871  0.0108852    2.85358 0.00629458    1.95584   0.105852 0.00928086  0.0447877 -5.53125e-05  2.44181e-05 -4.64318e-06 -0.000203027 -0.000123331  -0.00821812 1.90584e-05  1.2774e-05    -9.80918 2195
              31.568 0.000217826  0.00286658   0.0109079    2.86409 0.00745547    1.95976   0.105359 0.00971528  0.0450694 -5.43764e-05  2.47884e-05 -3.83941e-06 -0.000202863 -0.000124119   -0.0082149 1.90236e-05 1.28495e-05    -9.80918 2192
              31.668 0.000298048  0.00261682   0.0108371    2.87453 0.00862685    1.96382   0.103442 0.00944243  0.0442914 -5.32287e-05  2.48519e-05 -2.43606e-06 -0.000201869 -0.000124135  -0.00821263 1.89143e-05 1.28492e-05    -9.80918 2188
              31.772 0.00043322 0.00208068   0.010819    2.88524 0.00976435    1.96822   0.101956 0.00831213   0.042944 -5.24288e-05  2.46473e-05 -7.73176e-07 -0.000200732 -0.000124852  -0.00821173 1.87978e-05 1.29174e-05    -9.80918 2188
              31.868 0.000476743  0.00182108   0.0108329 2.89517 0.01063 1.97193   0.100965 0.00706922  0.0422459  -5.211e-05 2.35062e-05 9.77753e-07 -0.000199471 -0.000126565  -0.00820971 1.86625e-05 1.30823e-05    -9.80918 2182
              31.968  0.000586382 -0.000775031    0.0107984   2.90493 0.0116366   1.97559  0.0908595 0.00622891  0.0282679 -5.06323e-05  2.40329e-05  1.68625e-06 -0.000201382 -0.000127118  -0.00820852 1.88416e-05 1.31379e-05    -9.80918 2180
              32.068 0.000664701 -0.00964564   0.0107565    2.9135 0.0126016   1.97703  0.0828259 0.00692793 0.00549745 -4.93056e-05  2.49644e-05  3.71163e-06 -0.000202815 -0.000128913  -0.00820707 1.89714e-05 1.33135e-05    -9.80918 2171
              32.172 0.000861923  -0.0147289   0.0107215   2.92166 0.0136926   1.97695  0.0736347 0.00594666 -0.0083168 -4.72485e-05   2.4932e-05  5.12811e-06 -0.000202883 -0.000128233   -0.0082076 1.89807e-05 1.32475e-05    -9.80918 2175
              32.272 0.000806111   -0.014808   0.0106852   2.92856 0.0144872   1.97549  0.0600061 0.00480541  -0.014944 -4.59711e-05  2.44123e-05  6.53796e-06 -0.000202577  -0.00012839  -0.00820591 1.89428e-05  1.3262e-05    -9.80918 2176
              32.376 0.000637676  -0.0123049   0.0107161   2.93411 0.0152454   1.97344  0.0451621 0.00338467 -0.0204612 -4.42861e-05  2.45673e-05   7.7499e-06 -0.000204674 -0.000127664  -0.00820461 1.91419e-05 1.31935e-05    -9.80918 2173
              32.476 0.000670434 -0.00989994   0.0108048   2.93817 0.0158472   1.97067  0.0323482 0.00195828 -0.0273264 -4.28947e-05  2.39341e-05  9.37644e-06 -0.000204992 -0.000128554  -0.00820226 1.91618e-05 1.32799e-05    -9.80918 2172
              32.576 0.000779943 -0.00832331   0.0108747   2.94118 0.0164624   1.96751  0.0227666   0.001621 -0.0343593 -4.09385e-05  2.29567e-05  9.96575e-06 -0.000205263 -0.000128318  -0.00820142 1.91848e-05 1.32573e-05    -9.80918 2174
              32.676 0.000915863 -0.00758426   0.0110173   2.94289 0.0171402   1.96355  0.0117123 0.00166769 -0.0425371 -3.86675e-05  2.31842e-05  1.08914e-05 -0.000205243 -0.000128251  -0.00820063 1.91796e-05 1.32505e-05    -9.80918 2177
               32.78 0.000883882 -0.00694259   0.0110295   2.94388 0.0177307   1.95853 0.00381637 0.00157041 -0.0490906 -3.68165e-05  2.23374e-05  1.11726e-05 -0.000205455 -0.000128356   -0.0081994 1.91956e-05 1.32607e-05    -9.80918 2181
              32.888 0.000604254  -0.0058433   0.0110656   2.94415 0.0182789   1.95253 -0.00301105  0.00152581  -0.0540816 -3.54972e-05  2.13133e-05  1.18495e-05 -0.000205226 -0.000130394  -0.00819704 1.91631e-05  1.3458e-05    -9.80918 2186
              32.988 0.000428644 -0.00492077   0.0109933   2.94386 0.0187856   1.94649 -0.0081926 0.00148476   -0.05609 -3.39104e-05  2.03475e-05  1.20791e-05 -0.000207026 -0.000131151  -0.00819422 1.93289e-05 1.35331e-05    -9.80919 2190
              33.092 0.000339899 -0.00409098   0.0109756   2.94309 0.0191946    1.9402  -0.0133716 0.000589683  -0.0583621 -3.31652e-05  1.87514e-05  1.29483e-05 -0.000207245 -0.000134964  -0.00819237 1.93403e-05 1.39035e-05    -9.80919 2193
              33.196 0.000357548 -0.00318781   0.0109577   2.94206 0.0196602   1.93414  -0.0159728 0.000312347  -0.0566751 -3.13821e-05  1.66961e-05  1.29254e-05 -0.000208596 -0.000134791  -0.00819201 1.94708e-05 1.38885e-05    -9.80919 2195
              33.296 0.000529946 -0.00208198   0.0110329   2.94063 0.0199258   1.92806   -0.0186792 -0.000341476   -0.0522669 -3.04496e-05  1.57226e-05  1.27835e-05 -0.000210424 -0.000137066  -0.00818893  1.9639e-05 1.41111e-05    -9.80919 2198
                33.4  0.000528395 -0.000798499    0.0110266   2.93901 0.0201134    1.9222  -0.0196786 -0.00131667  -0.0479613 -2.91901e-05  1.40204e-05  1.26192e-05 -0.000211335 -0.000137163  -0.00818555 1.97211e-05 1.41208e-05    -9.80919 2199
              33.504 0.000740789 0.000167837   0.0110117   2.93746 0.0201709   1.91732  -0.0202944 -0.00263616  -0.0431009 -2.78536e-05  1.14446e-05  1.24493e-05 -0.000211783 -0.000137114   -0.0081849 1.97636e-05 1.41164e-05    -9.80919 2201
              33.604  0.00111022 0.000717003   0.0109852   2.93593 0.0201013   1.91283  -0.0194243 -0.00386378  -0.0378952 -2.71201e-05  9.16271e-06  1.21625e-05 -0.000211572 -0.000139216  -0.00818291 1.97376e-05 1.43199e-05    -9.80919 2202
              33.704 0.00118137 0.00143436  0.0109848   2.93449 0.0200439   1.90887  -0.0177939 -0.00424834  -0.0310854 -2.55579e-05  7.36945e-06  1.23692e-05 -0.000213819  -0.00013875  -0.00818027 1.99538e-05 1.42767e-05    -9.80919 2201
              33.804  0.0011398 0.00200738  0.0109496   2.93325 0.0199427   1.90588   -0.015918 -0.00586865  -0.0231062 -2.39087e-05  4.98567e-06  1.21775e-05 -0.000214802  -0.00013976  -0.00817873 2.00467e-05 1.43756e-05    -9.80919 2201
              33.904 0.00116416 0.00230308  0.0109901  2.93241 0.019703  1.90365  -0.0120982 -0.00657023  -0.0169025 -2.21521e-05  2.68418e-06  1.19546e-05 -0.000218265 -0.000139405   -0.0081776  2.0383e-05 1.43449e-05    -9.80919 2201
              34.004 0.00125377 0.00246005   0.010995    2.9318 0.0194347   1.90217 -0.00794457 -0.00726981  -0.0101259 -2.01924e-05  5.99035e-07  1.17285e-05 -0.000219389 -0.000138731  -0.00817694  2.0493e-05 1.42806e-05    -9.80919 2200
              34.104 0.00136245  0.0030571  0.0110217   2.93151 0.0189927   1.90103 -0.00483757 -0.00875901 -0.00516194 -1.85824e-05 -1.04339e-06   1.0726e-05 -0.000221293 -0.000138029  -0.00817502 2.06787e-05 1.42142e-05    -9.80919 2200
              34.204 0.00150279 0.00371832  0.0110477   2.93159 0.0183127   1.90065  -0.00217571   -0.0102061 -0.000424183   -1.713e-05 -2.63663e-06  1.06782e-05 -0.000224803 -0.000137438  -0.00817449 2.10207e-05 1.41609e-05    -9.80919 2197
              34.304 0.00132139 0.00387549   0.011125   2.93181 0.0176886   1.90041 0.00131784 -0.0100975 0.00296617  -1.5635e-05 -3.96511e-06  1.01107e-05 -0.000225507 -0.000138979  -0.00817256  2.1088e-05 1.43108e-05    -9.80919 2196
              34.408 0.00100619 0.00393445  0.0112079   2.93257 0.0169816    1.9007 0.00631823 -0.0103104 0.00887607 -1.39195e-05 -5.47963e-06  9.39241e-06 -0.000227272 -0.000138361    -0.008171 2.12614e-05 1.42525e-05    -9.80919 2194
              34.508 0.000959889  0.00399604   0.0111902    2.9336 0.0162732   1.90178 0.00871331 -0.0104365  0.0126742 -1.23903e-05 -6.58696e-06  8.59823e-06 -0.000230283 -0.000137789  -0.00817129 2.15546e-05 1.42005e-05    -9.80919 2191
              34.608 0.00114631  0.0041083  0.0111755   2.93499 0.0155087   1.90296   0.012137 -0.0113507  0.0168099 -1.10063e-05 -7.64081e-06  7.60252e-06 -0.000233487 -0.000137628   -0.0081696 2.18679e-05 1.41885e-05    -9.80919 2187
              34.708 0.00127999 0.00433521  0.0112053   2.93659 0.0146547   1.90469  0.0146927 -0.0121542  0.0215696 -9.51123e-06 -8.55433e-06  6.84873e-06 -0.000235283 -0.000136727  -0.00816885 2.20446e-05  1.4103e-05    -9.80919 2183
              34.812 0.00117131 0.00418562  0.0111768    2.9387 0.0136722   1.90714  0.0173666 -0.0117154  0.0265887 -8.22967e-06 -1.01249e-05  6.60464e-06 -0.000237768 -0.000136494  -0.00816863 2.22867e-05  1.4083e-05    -9.80919 2179
              34.912 0.00098131  0.0037054   0.011224   2.94085 0.0127374   1.90941  0.0205098 -0.0126738  0.0296109 -7.16746e-06 -1.12171e-05  5.67235e-06 -0.000238621 -0.000137385  -0.00816559 2.23735e-05 1.41701e-05    -9.80919 2174
              35.016 0.00105612  0.0029399  0.0112877   2.94335 0.0117729   1.91263  0.0240287 -0.0128336  0.0339393 -5.42907e-06 -1.20023e-05    5.659e-06 -0.000240005 -0.000136358  -0.00816547 2.25099e-05 1.40719e-05    -9.80919 2172
              35.116 0.00100173 0.00254918  0.0114737   2.94622 0.0107583   1.91612  0.0273376 -0.0117579  0.0358339 -4.39911e-06 -1.32179e-05  6.00945e-06 -0.000241623   -0.0001363   -0.0081657 2.26667e-05 1.40679e-05    -9.80919 2170
              35.216 0.00056905 0.00244856  0.0115374     2.9493 0.00981843     1.9193  0.0299631 -0.0119579  0.0381112 -3.34898e-06 -1.40939e-05  5.56712e-06 -0.000241837 -0.000136599  -0.00816305 2.26932e-05 1.40971e-05    -9.80919 2167
              35.316 0.00039246 0.00245375  0.0116582    2.95249 0.00875218    1.92261  0.0313817 -0.0129072   0.039257 -2.73844e-06 -1.46617e-05  5.50077e-06  -0.00024224 -0.000138049   -0.0081601 2.27375e-05 1.42382e-05    -9.80919 2163
               35.42 9.05363e-05  0.00229915   0.0117887    2.95578 0.00763629    1.92667  0.0319407 -0.0122013  0.0401804 -1.85899e-06 -1.45393e-05  5.88372e-06 -0.000243322 -0.000138215   -0.0081599 2.28431e-05 1.42556e-05    -9.80919 2156
               35.52 -7.4254e-05   0.0020887   0.0119045    2.95906 0.00650863     1.9307  0.0325258 -0.0124789  0.0403148 -1.32066e-06 -1.43322e-05   6.2395e-06 -0.000245757 -0.000137906   -0.0081598 2.30803e-05 1.42288e-05    -9.80919 2157
              35.628 -0.000237965   0.00182833    0.0119056    2.96264 0.00531624     1.9347  0.0337557 -0.0109147  0.0402564 -9.83999e-07 -1.40001e-05  6.23256e-06 -0.000247004 -0.000138419  -0.00815801 2.32059e-05 1.42803e-05    -9.80919 2155
              35.728 -0.000447317   0.00135446      0.01196   2.96597 0.0043071   1.93833  0.0343239 -0.0104789  0.0403521 -5.72891e-07 -1.34296e-05  6.72835e-06 -0.000248014 -0.000138249    -0.008156 2.33105e-05 1.42655e-05    -9.80919 2151
              35.828 -0.000627173  0.000940049     0.011999   2.96945 0.0033392   1.94202    0.034455 -0.00860611   0.0394032 -6.97345e-07 -1.29144e-05  6.77396e-06 -0.000250919 -0.000139689  -0.00815448 2.35954e-05  1.4409e-05    -9.80919 2142
              35.932 -0.000685202  0.000789061    0.0120307    2.97289 0.00247869    1.94578   0.0354784 -0.00646698   0.0397971 -8.36525e-07 -1.18111e-05  7.36459e-06 -0.000252133 -0.000139156   -0.0081528 2.37196e-05 1.43594e-05    -9.80919 2136
              36.036 -0.000824856  0.000716518    0.0120305    2.97634 0.00177766     1.9497   0.0330542 -0.00576367   0.0379857 -1.06286e-06 -1.09407e-05  7.41806e-06 -0.000253144  -0.00013876  -0.00815214 2.38205e-05 1.43225e-05    -9.80919 2132
               36.14 -0.000976415  0.000383772    0.0120763    2.97949 0.00100918    1.95313   0.0325445 -0.00469558   0.0357032 -1.87479e-06  -9.3984e-06  7.62704e-06 -0.000253929 -0.000138706   -0.0081499 2.39049e-05  1.4319e-05    -9.80919 2126
              36.252 -0.000951436  0.000104824    0.0121292     2.98311 0.000477723     1.95678  0.0328965 -0.0032591  0.0332002 -2.25599e-06 -9.04242e-06  8.61192e-06 -0.000254599 -0.000138871  -0.00814883 2.39738e-05 1.43361e-05    -9.80919 2119
              36.352  -0.00106156 -2.36031e-05    0.0121218      2.9861 0.000137516     1.95969   0.0325953 -0.00250175   0.0305576 -2.46376e-06 -7.45573e-06  8.64978e-06 -0.000255113 -0.000139141  -0.00814733 2.40294e-05 1.43635e-05    -9.80919 2116
              36.456  -0.00103402 -0.000267008    0.0121183      2.98921 -0.000213615      1.96241   0.0323519 -0.00116944   0.0265365 -3.12117e-06  -6.2884e-06  8.88871e-06 -0.000254341  -0.00013977  -0.00814581   2.396e-05 1.44239e-05    -9.80919 2115
               36.56 -0.000901551 -0.000447713    0.0121975      2.99211 -0.000345058       1.9646   0.0304933 -0.00073269   0.0227944 -3.42384e-06 -4.41884e-06  9.29489e-06 -0.000255156 -0.000139903   -0.0081439 2.40472e-05 1.44384e-05    -9.80919 2114
              36.668  -0.00110082 -0.000831958    0.0122909      2.99485 -0.000539927       1.9664   0.0284886 0.000568164   0.0202838 -3.98158e-06  -2.1406e-06  9.28203e-06 -0.000254483 -0.000138953  -0.00814118 2.39954e-05 1.43463e-05    -9.80919 2110
              36.768 -0.00109767 -0.00129008   0.0123188      2.99701 -0.000632763      1.96807   0.0255513 0.000902257   0.0184237 -4.67806e-06  3.60902e-07  9.80735e-06 -0.000253521 -0.000138666  -0.00813976 2.39092e-05 1.43176e-05    -9.80919 2108
              36.868 -0.000828507  -0.00129766    0.0123283      2.99907 -0.000661602      1.96909  0.0239393 0.00327414  0.0170842 -5.37633e-06  2.57763e-06  1.03633e-05  -0.00025317 -0.000137961  -0.00813599 2.38941e-05 1.42499e-05    -9.80919 2106
              36.968 -0.000599658  -0.00134419    0.0123139     3.00093 -0.00052549     1.97022  0.0218543 0.00348011  0.0157491 -6.12747e-06  4.70239e-06  1.07945e-05 -0.000251873 -0.000137381  -0.00813337 2.37821e-05 1.41927e-05    -9.80919 2106
              37.068 -0.000390345  -0.00166715    0.0122596      3.00261 -0.000499551       1.9713  0.0193504 0.00304805  0.0129988 -7.00262e-06  6.37256e-06  1.15452e-05 -0.000251175 -0.000136173  -0.00813144 2.37258e-05 1.40753e-05    -9.80919 2105
              37.172 -0.000356459  -0.00202225    0.0121807      3.00393 -0.000436103      1.97215    0.01688 0.00273182  0.0120837 -7.82448e-06  9.09118e-06  1.19151e-05 -0.000249965 -0.000135461   -0.0081289 2.36227e-05 1.40053e-05    -9.80919 2103
               37.28 -0.000681834  -0.00230181    0.0121148     3.00512 -0.00043972     1.97292  0.0134117 0.00321625 0.00965944 -9.19525e-06  1.13671e-05  1.22011e-05 -0.000249454  -0.00013478  -0.00812674 2.35857e-05 1.39392e-05    -9.80919 2102
              37.384 -0.00056483 -0.00251263   0.0120239      3.00599 -0.000252634      1.97341  0.0112294 0.00448536 0.00860002 -9.95705e-06  1.33707e-05  1.30568e-05 -0.000247505 -0.000134382   -0.0081246 2.34092e-05 1.38985e-05    -9.80919 2102
              37.484 -0.000499184  -0.00280924    0.0119701      3.00638 -6.24606e-05      1.97352 0.00751117  0.0041379 0.00711389 -1.05946e-05   1.6057e-05  1.33613e-05 -0.000246681 -0.000132639  -0.00812103 2.33519e-05 1.37295e-05    -9.80919 2101
              37.584 -0.000448009  -0.00296755    0.0118532     3.00646 0.000153612     1.97337 0.00437947 0.00379674 0.00513826 -1.09852e-05  1.86083e-05  1.35447e-05 -0.000245722 -0.000131143  -0.00811733 2.32825e-05 1.35843e-05    -9.80919 2099
              37.688 -0.000314305  -0.00327075    0.0117707     3.00621 0.000214859     1.97319 0.000909593  0.00344269  0.00477412 -1.2079e-05 2.10185e-05 1.36386e-05 -0.000245464 -0.000130269  -0.00811387 2.32792e-05 1.35002e-05    -9.80919 2098
              37.792 -0.000404679  -0.00325817    0.0117262     3.00566 0.000492556     1.97283 -0.00309371  0.00500493  0.00383623 -1.2463e-05  2.3186e-05 1.38239e-05 -0.000245146 -0.000129153  -0.00810988 2.32744e-05 1.33929e-05    -9.80919 2098
              37.892 -0.000425274  -0.00328685    0.0116858     3.00478 0.000742916     1.97232 -0.00733114  0.00537459  0.00331289 -1.33332e-05  2.48601e-05  1.42624e-05 -0.000244231 -0.000128226   -0.0081057 2.32131e-05 1.33032e-05    -9.80919 2097
              37.992 -0.000317521  -0.00349824    0.0115717    3.00365 0.00118108    1.97195 -0.00955956  0.00576847  0.00301464 -1.3491e-05 2.65192e-05 1.52641e-05 -0.000244501 -0.000127416  -0.00810237 2.32616e-05 1.32262e-05    -9.80919 2096
              38.096 -0.000249196  -0.00354123    0.0115668    3.00218 0.00148947    1.97188 -0.0132568 0.00488039 0.00183523 -1.42991e-05  2.80421e-05  1.58499e-05  -0.00024452 -0.000126352  -0.00810078 2.32752e-05 1.31238e-05    -9.80919 2094
              38.204 -0.000343971   -0.0034289    0.0116266    3.00031 0.00179503    1.97174   -0.016478  0.00472268 0.000361532 -1.50892e-05  2.94468e-05  1.67126e-05 -0.000243794 -0.000125765  -0.00809938  2.3215e-05 1.30665e-05    -9.80919 2092
              38.308 -0.000314292  -0.00345584    0.0115618    2.99816 0.00204141    1.97116   -0.0197894   0.00446114 -0.000874415 -1.56715e-05  3.07696e-05  1.69077e-05 -0.000243374 -0.000124545  -0.00809662 2.31949e-05 1.29488e-05    -9.80919 2092
              38.412 -0.00031783 -0.00336063   0.0115607    2.99573 0.00235169    1.97046  -0.0226829  0.00515509 -0.00150348 -1.61635e-05  3.19546e-05  1.73358e-05 -0.000243444 -0.000122602  -0.00809384 2.32237e-05  1.2762e-05    -9.80919 2093
              38.516 -0.000302473  -0.00298199    0.0115712     2.9932 0.00276856    1.96973  -0.0237882  0.00483058 -0.00354822 -1.64642e-05  3.20903e-05  1.74223e-05 -0.000242323 -0.000122364  -0.00809144 2.31327e-05 1.27381e-05    -9.80919 2095
              38.616 -0.000280963  -0.00262688    0.0114929    2.99057 0.00300263    1.96895  -0.0264521   0.0043391 -0.00546406 -1.73016e-05  3.27115e-05  1.75548e-05 -0.000241044 -0.000122079  -0.00808966 2.30221e-05 1.27095e-05    -9.80919 2094
               38.72 -0.000197899  -0.00243737    0.0114426    2.98755 0.00339447    1.96761  -0.0281823  0.00426149 -0.00637851 -1.71163e-05  3.35607e-05  1.73578e-05 -0.000240669 -0.000121054  -0.00808606 2.30143e-05 1.26111e-05    -9.80919 2093
               38.82 -0.00034155 -0.00224617   0.0114017    2.98467 0.00379948    1.96645  -0.0292563  0.00448443 -0.00719037 -1.68859e-05  3.38218e-05  1.74758e-05 -0.000240495 -0.000119559  -0.00808382 2.30167e-05  1.2467e-05    -9.80919 2091
               38.92 -0.000380532  -0.00205885    0.0113189   2.98164 0.0041852   1.96516  -0.0305855  0.00509948 -0.00740313 -1.67078e-05  3.41406e-05  1.77322e-05 -0.000241384 -0.000118323  -0.00808097 2.31267e-05 1.23496e-05    -9.80919 2091
              39.028 -0.000448548  -0.00203388    0.0113366    2.97841 0.00459003    1.96379 -0.0313555 0.00470974 -0.0090384 -1.68433e-05  3.35647e-05  1.73704e-05 -0.000240929 -0.000116928  -0.00807856 2.31038e-05 1.22146e-05    -9.80919 2089
              39.132 -0.000613862  -0.00180965    0.0112751    2.97505 0.00505957    1.96199  -0.0322698  0.00482959 -0.00932757 -1.68226e-05  3.40332e-05  1.86565e-05 -0.00024125 -0.00011622 -0.00807446 2.31691e-05 1.21478e-05    -9.80919 2089
              39.236 -0.000540406   -0.0014137    0.0111713    2.97159 0.00562953    1.96056  -0.0336674  0.00491181 -0.00930775 -1.62862e-05  3.40589e-05  1.83149e-05 -0.000239769 -0.000116107  -0.00807232 2.30439e-05 1.21355e-05    -9.80919 2089
               39.34 -0.000322105  -0.00106905    0.0111782   2.96809 0.0061974   1.95881  -0.0335802  0.00567475 -0.00924847 -1.59964e-05  3.39371e-05  1.75123e-05 -0.000239658 -0.000115858  -0.00806868 2.30643e-05 1.21121e-05    -9.80919 2088
               39.44  2.25619e-05 -0.000799314    0.0112383    2.96487 0.00679546    1.95725  -0.0340437  0.00615195 -0.00863562 -1.58305e-05  3.35061e-05  1.67592e-05 -0.000240876 -0.000115982   -0.0080657 2.32076e-05 1.21261e-05    -9.80919 2092
               39.54  4.12042e-05 -0.000469071    0.0113263    2.96169 0.00736128    1.95583  -0.0332549  0.00568975 -0.00825874 -1.58362e-05  3.27945e-05   1.6103e-05 -0.000241227 -0.000115844  -0.00806283 2.32667e-05 1.21135e-05    -9.80919 2092
              39.644 -3.12328e-06 -0.000338814    0.0113639    2.95838 0.00792178    1.95449  -0.0327581  0.00516221 -0.00644862 -1.57737e-05  3.21802e-05  1.54127e-05 -0.000242154 -0.000116225  -0.00806007 2.33803e-05 1.21516e-05    -9.80919 2088
              39.748 -9.28349e-05  1.12865e-05    0.0113657    2.95533 0.00864176    1.95351  -0.0299317  0.00482906 -0.00724758 -1.47694e-05  3.10369e-05  1.48384e-05 -0.000243119 -0.000115126  -0.00805867 2.34883e-05 1.20463e-05    -9.80919 2087
              39.848 5.13605e-06 0.000580919   0.0115039    2.95253 0.00920997    1.95225   -0.028651  0.00461537 -0.00661603 -1.4143e-05 3.08351e-05 1.51039e-05 -0.000244629 -0.000115218  -0.00805602 2.36587e-05 1.20575e-05    -9.80919 2086
              39.948 -0.000105076  0.000925502     0.011512    2.94985 0.00969819    1.95094  -0.0270666  0.00482314 -0.00751122 -1.40434e-05   3.0452e-05  1.47835e-05 -0.000246073 -0.000115341  -0.00805336 2.38229e-05 1.20714e-05    -9.80919 2085
              40.048 -0.000335726   0.00104804    0.0115205   2.94736 0.0102629   1.94958 -0.0253846 0.00525432 -0.0056474 -1.37048e-05  3.00252e-05  1.43941e-05 -0.000247272 -0.000115579  -0.00805003 2.39701e-05 1.20962e-05    -9.80919 2084
              40.152 -0.000385674   0.00126335    0.0116281   2.94496 0.0107289   1.94844  -0.0235171  0.00520519 -0.00391987 -1.39997e-05  2.96883e-05   1.4632e-05  -0.00024883 -0.000115623  -0.00804711 2.41483e-05 1.21025e-05     -9.8092 2083
              40.252 -0.000264879   0.00116081    0.0116508   2.94282 0.0112608   1.94773  -0.0217872  0.00538775 -0.00278424 -1.41182e-05  2.90887e-05  1.50521e-05 -0.000249311 -0.000116229  -0.00804525 2.42118e-05 1.21615e-05     -9.8092 2082
               40.36 -0.000129305   0.00118512    0.0115961  2.94085 0.011902  1.94691  -0.0188039  0.00579947 -0.00236328 -1.41101e-05  2.80572e-05  1.53178e-05 -0.000249631 -0.000118336  -0.00804277 2.42644e-05 1.23651e-05     -9.8092 2084
              40.468 -1.57589e-05   0.00124604    0.0115296  2.93908 0.012583  1.94637  -0.0175263  0.00583363 -0.00141313 -1.36943e-05  2.73839e-05  1.48891e-05 -0.000251468 -0.000118637  -0.00804122 2.44571e-05 1.23961e-05     -9.8092 2084
              40.568 0.000236009  0.00129087   0.0115431   2.93762 0.0129897   1.94549  -0.015032 0.00535109 6.4701e-05 -1.43002e-05  2.63776e-05  1.50284e-05 -0.000251008 -0.000119855   -0.0080375  2.4448e-05 1.25129e-05     -9.8092 2083
              40.668 0.000177794  0.00135121   0.0115049  2.93631 0.013519  1.94459 -0.0139637 0.00544958 0.00059267 -1.45613e-05  2.56989e-05  1.47858e-05 -0.000250657 -0.000122094  -0.00803326  2.4454e-05 1.27287e-05     -9.8092 2083
              40.772 0.000172525  0.00119948   0.0115597  2.93507 0.013939  1.94379   -0.011216   0.0046659 0.000692548 -1.49217e-05  2.53413e-05  1.36101e-05 -0.000250857 -0.000121974  -0.00802919 2.45148e-05 1.27177e-05     -9.8092 2081
              40.876 0.000575357 0.000947958   0.0115476   2.93409 0.0142757   1.94339  -0.00976664   0.00325761 -0.000310689 -1.51642e-05  2.48532e-05  1.28116e-05 -0.000251631 -0.000121362  -0.00802719 2.46108e-05 1.26596e-05     -9.8092 2078
              40.976 0.000857267 0.000808097   0.0115564   2.93339 0.0145063   1.94289  -0.00743566   0.00252463 -0.000730999 -1.51331e-05  2.42509e-05  1.21704e-05 -0.000252347 -0.000119929    -0.008025 2.47046e-05 1.25221e-05     -9.8092 2076
               41.08 0.00101012 0.00060436  0.0115377   2.93286 0.0145537   1.94246 -0.00626618  0.00100295 -0.00188124 -1.56304e-05  2.35538e-05  1.17663e-05 -0.000253024 -0.000119834  -0.00802336  2.4787e-05 1.25136e-05     -9.8092 2074
              41.188 0.000961015 0.000176704    0.011599   2.93228 0.0145872   1.94168 -0.00608755  0.00138103 -0.00265992 -1.57548e-05  2.32092e-05  1.22336e-05 -0.000254023 -0.000119365  -0.00802077 2.49116e-05 1.24696e-05     -9.8092 2072
              41.296   0.00101147 -1.63931e-05    0.0116754   2.93177 0.0146624   1.94098 -0.00418016 -0.00101263 -0.00261429 -1.5276e-05  2.3163e-05 1.20299e-05 -0.000255532 -0.000118954  -0.00801892 2.50778e-05  1.2432e-05     -9.8092 2068
                41.4   0.00120923 -9.85978e-05    0.0117953   2.93145 0.0146796   1.94151 -0.00377835 -0.00243519  -0.0027437 -1.55874e-05  2.36974e-05  1.16678e-05 -0.000262715 -0.000123025  -0.00802263 2.57259e-05 1.28331e-05     -9.8092 2067
                41.5   0.00134844 -0.000178385    0.0118141   2.93125 0.0144035   1.94068 -0.00225127 -0.00410068  -0.0022983 -1.50747e-05  2.34731e-05  1.21297e-05 -0.000263169 -0.000122426     -0.00802 2.57994e-05  1.2776e-05     -9.8092 2065
              41.608   0.00146426 -0.000433761    0.0117681   2.93089 0.0140722   1.93994 -0.00284606   -0.004819 -0.00329542 -1.44321e-05  2.41506e-05  1.16401e-05 -0.000264161 -0.000122506  -0.00801792 2.59183e-05 1.27854e-05     -9.8092 2064
              41.712   0.00149903 -0.000574416    0.0117316   2.93061 0.0136708   1.93887 -0.00345846 -0.00580971 -0.00536948 -1.3909e-05  2.3908e-05 1.25424e-05 -0.000263126 -0.000124438  -0.00801504 2.58479e-05 1.29706e-05     -9.8092 2064
              41.816   0.00167216 -0.000681922    0.0116629   2.93031 0.0133403    1.9379 -0.00269386 -0.00704527 -0.00799498 -1.24774e-05  2.37479e-05  1.26333e-05 -0.000262973 -0.000124662  -0.00801373 2.58481e-05 1.29921e-05     -9.8092 2062
               41.92   0.00186234 -0.000519054    0.0117329   2.92981 0.0128458   1.93677 -0.00348606 -0.00967557  -0.0093872 -1.10228e-05  2.48482e-05  1.24453e-05 -0.000264416 -0.000125095  -0.00801262 2.59998e-05 1.30361e-05     -9.8092 2060
              42.024    0.0021424 -0.000577802    0.0117627   2.92925 0.0119534   1.93552 -0.00377368  -0.0114097  -0.0103462 -9.96353e-06  2.58723e-05  1.24684e-05 -0.000265541 -0.000124522   -0.0080114 2.61232e-05 1.29827e-05     -9.8092 2060
              42.128   0.00227121 -0.000728624    0.0117703   2.92865 0.0109349   1.93419 -0.00557261  -0.0133644  -0.0117963 -9.00535e-06  2.65385e-05  1.26464e-05 -0.000266319 -0.000125161  -0.00801056 2.62073e-05 1.30456e-05     -9.8092 2059
              42.228   0.00218835 -0.000866222    0.0117458    2.92784 0.00972022    1.93269 -0.00599287  -0.0154459  -0.0122267 -7.95389e-06  2.78555e-05  1.33093e-05 -0.000266936 -0.000125374   -0.0080091 2.62835e-05 1.30675e-05     -9.8092 2058
              42.328   0.00230276 -0.000833101    0.0118003    2.92699 0.00843176    1.93114 -0.00677464  -0.0174828  -0.0142137 -6.47572e-06  2.89703e-05  1.32723e-05 -0.000267888 -0.000125611  -0.00800791 2.63891e-05 1.30919e-05     -9.8092 2055
              42.428   0.00233732 -0.000836918     0.011907    2.92608 0.00701026    1.92946 -0.00740552  -0.0178291  -0.0149838 -5.10253e-06  2.99734e-05  1.31895e-05 -0.000268402  -0.00012731   -0.0080069 2.64485e-05 1.32566e-05     -9.8092 2053
              42.528  0.00228697 -0.00086506   0.0119318    2.92522 0.00553602    1.92726 -0.00725651  -0.0198112   -0.016557 -3.52363e-06  3.03157e-05    1.335e-05 -0.000267407 -0.000128938  -0.00800388 2.63858e-05  1.3413e-05     -9.8092 2051
              42.628   0.00215197 -0.000785896     0.011914    2.92432 0.00390528    1.92508 -0.00769392  -0.0213317  -0.0170654 -1.6597e-06 3.11966e-05 1.35102e-05 -0.000267491 -0.000129582  -0.00800171 2.64189e-05 1.34758e-05     -9.8092 2051
              42.728   0.00216766 -0.000786063    0.0118306    2.92346 0.00216104     1.9232 -0.00846312  -0.0227167  -0.0186508 2.80486e-07 3.16993e-05 1.37028e-05 -0.000268719 -0.000130604  -0.00800106 2.65437e-05 1.35761e-05     -9.8092 2049
               42.84   0.00206545 -0.000807702    0.0117558     2.92234 2.26081e-06     1.92099 -0.00927071  -0.0241992  -0.0201557 2.28733e-06 3.24431e-05 1.26123e-05 -0.000269138 -0.000130986  -0.00800088  2.6586e-05 1.36136e-05     -9.8092 2048
               42.94   0.00174218 -0.000747496     0.011833     2.92137 -0.00193077     1.91852 -0.00917677  -0.0242544  -0.0219993 4.48668e-06  3.2952e-05 1.12476e-05 -0.000271143  -0.00013046  -0.00799921 2.68001e-05 1.35661e-05     -9.8092 2047
               43.04   0.00143127 -0.000563847    0.0119159     2.92025 -0.00398054     1.91656 -0.00930471  -0.0260199  -0.0216664 6.27385e-06 3.36859e-05 1.01679e-05 -0.000271273 -0.000131106  -0.00800011 2.68012e-05 1.36283e-05     -9.8092 2046
               43.14   0.00113025 -0.000235274    0.0119766     2.91937 -0.00610607     1.91422 -0.00811863  -0.0265601   -0.021167 8.44058e-06 3.36151e-05 9.70891e-06 -0.000271035 -0.000131686  -0.00799923 2.67882e-05 1.36842e-05     -9.8092 2046
               43.24 0.000988586 7.38589e-06    0.011974     2.91843 -0.00828046     1.91238 -0.00815386  -0.0257836  -0.0204031 1.02041e-05 3.43292e-05 8.50142e-06 -0.000271161 -0.000133019  -0.00800023 2.67867e-05 1.38123e-05     -9.8092 2045
               43.34 0.000840309 2.35197e-05   0.0119546    2.91752 -0.0102287    1.91035 -0.00746228  -0.0245474  -0.0203697 1.24971e-05 3.46575e-05  8.1719e-06 -0.000271088 -0.000135166  -0.00800041 2.67747e-05 1.40188e-05     -9.8092 2044
              43.444  0.000579543 -0.000261901    0.0119081    2.91673 -0.0121197    1.90817 -0.00767776  -0.0243385  -0.0198035  1.4936e-05 3.49135e-05 7.83135e-06 -0.000272262 -0.000136438  -0.00800008 2.68902e-05  1.4143e-05     -9.8092 2043
              43.548  0.000448959 -0.000459546    0.0119622    2.91584 -0.0142027    1.90655 -0.00759468  -0.0246055  -0.0187012  1.6586e-05 3.54416e-05  7.1693e-06 -0.000273208 -0.000138075  -0.00800185 2.69576e-05 1.43008e-05     -9.8092 2040
              43.656  0.000262118 -0.000584481    0.0119767    2.91485 -0.0163166    1.90493 -0.00744703  -0.0225821  -0.0174099 1.83153e-05 3.62548e-05  6.8746e-06  -0.00027285 -0.000140271  -0.00800353 2.68997e-05 1.45108e-05     -9.8092 2034
              43.756  -0.00020892 -0.000459566    0.0120282    2.91405 -0.0180118    1.90362 -0.00735135  -0.0209818  -0.0156698 1.98796e-05  3.6542e-05 6.39121e-06  -0.00027238 -0.000143205  -0.00800537 2.68279e-05 1.47914e-05     -9.8092 2034
               43.86 -0.000813457 -0.000488742    0.0120348    2.91314 -0.0196743    1.90227 -0.00756676   -0.018942  -0.0153523 2.12395e-05 3.70471e-05 4.98323e-06 -0.000272576 -0.000145589  -0.00800675 2.68265e-05 1.50202e-05     -9.8092 2031
              43.964  -0.00128552 -0.000687495    0.0120722     2.9122 -0.0210776    1.90115 -0.00846319  -0.0165874  -0.0153957 2.29086e-05 3.74964e-05 3.55848e-06 -0.000272084 -0.000146862   -0.0080089 2.67509e-05 1.51406e-05     -9.8092 2034
              44.068  -0.00150197 -0.000975278    0.0121029    2.91137 -0.0224276    1.89972 -0.00956625  -0.0139995  -0.0153579  2.3812e-05 3.69708e-05 2.30631e-06 -0.000271634  -0.00014859  -0.00800976 2.66947e-05 1.53056e-05     -9.8092 2032
              44.168 -0.00165187 -0.00111167    0.012115   2.91025 -0.023423   1.89858  -0.010394 -0.0113344 -0.0137669 2.49099e-05  3.7503e-05 9.79707e-07 -0.000272334 -0.000149527  -0.00801111 2.67439e-05 1.53957e-05     -9.8092 2031
              44.268 -0.00155498 -0.00112695   0.0120806    2.90911 -0.0242445    1.89735 -0.0119692  -0.010044 -0.0123516 2.58326e-05 3.76458e-05 1.10681e-06 -0.000273327 -0.000150348  -0.00801154 2.68331e-05 1.54757e-05     -9.8092 2030
              44.368 -0.00157083 -0.00123128   0.0120987    2.90784 -0.0251377    1.89657 -0.0131422 -0.0096139 -0.0122156  2.5955e-05 3.76823e-05 4.65376e-07 -0.000273795 -0.000151511  -0.00801361 2.68508e-05 1.55866e-05     -9.8092 2028
              44.476 -0.00149567 -0.00126841   0.0121286    2.90644 -0.0260132    1.89549  -0.0138106 -0.00865545  -0.0123108 2.62368e-05 3.75691e-05 2.34749e-07 -0.000274882 -0.000152363  -0.00801484 2.6939e-05 1.5669e-05    -9.8092 2027
               44.58 -0.00176243 -0.00110231   0.0121658    2.90508 -0.0266627    1.89479  -0.0149802 -0.00747551   -0.012002   2.6403e-05  3.71865e-05 -5.46906e-07  -0.00027673 -0.000154416   -0.0080176 2.70796e-05 1.58667e-05     -9.8092 2023
               44.68 -0.00189459 -0.00116771   0.0122712     2.9037 -0.0271585    1.89415  -0.0153128 -0.00375919 -0.00996663 2.66269e-05 3.68378e-05 -1.4951e-06 -0.000278543 -0.000155978  -0.00801974 2.72251e-05 1.60175e-05     -9.8092 2021
               44.78 -0.00186675 -0.00119675   0.0123603    2.90236 -0.0272625    1.89352  -0.0158276 -0.00184156   -0.010696  2.71999e-05  3.59656e-05 -2.14977e-06 -0.000280361 -0.000156988   -0.0080216 2.73753e-05 1.61156e-05     -9.8092 2020
               44.88   -0.0016057 -0.000992672     0.012518    2.90093 -0.0272812    1.89231  -0.0160142 -0.00127996  -0.0107157  2.76448e-05  3.55335e-05 -2.30526e-06 -0.000283055 -0.000158319  -0.00802102 2.76401e-05 1.62476e-05     -9.8092 2019
               44.98  -0.00114228 -0.000610258    0.0126012     2.8996 -0.0272799    1.89133   -0.0162205 -0.000859035   -0.0101948   2.7422e-05  3.45104e-05 -2.18064e-06 -0.000284619 -0.000162607  -0.00802138 2.77801e-05 1.66615e-05     -9.8092 2018
               45.08 -0.000787517  -0.00032058    0.0126655   2.89829 -0.027158   1.89054   -0.015298  0.00103582 -0.00836382   2.7587e-05  3.33262e-05 -2.82368e-06 -0.000285061    -0.000164  -0.00802211 2.78115e-05 1.67954e-05     -9.8092 2018
               45.18 -0.000692923 -0.000100383    0.0126732    2.89702 -0.0267897    1.88968  -0.0163178  0.00205695 -0.00787908  2.84259e-05  3.24408e-05 -2.96754e-06 -0.000288509 -0.000165337  -0.00802184 2.81449e-05 1.69288e-05     -9.8092 2018
               45.28  -0.0007345 3.29512e-05   0.0126229    2.89568 -0.0263756    1.88902   -0.016197  0.00337233 -0.00596454  2.82669e-05  3.15093e-05 -3.70939e-06 -0.000291404 -0.000169515  -0.00802208 2.84145e-05 1.73339e-05     -9.8092 2014
              45.384 -0.000725546  0.000105835    0.0125632    2.89423 -0.0258996    1.88878  -0.0162632   0.0038035 -0.00401278  2.84575e-05  3.04879e-05 -3.62382e-06 -0.000292855 -0.000170576   -0.0080233 2.8537e-05 1.7437e-05    -9.8092 2011
              45.488 -0.000806323 -1.57037e-05    0.0124627    2.89284 -0.0255455    1.88849  -0.0160618  0.00407733 -0.00378142  2.78809e-05  2.94089e-05 -4.35367e-06 -0.000296055 -0.000171901  -0.00802381 2.88367e-05 1.75683e-05     -9.8092 2009
              45.588 -0.000945318  0.000161899    0.0123838    2.89163 -0.0252102    1.88803  -0.0152269  0.00398042 -0.00247137  2.73701e-05  2.81462e-05 -5.02767e-06 -0.000298766 -0.000172358  -0.00802318 2.91048e-05 1.76164e-05     -9.8092 2006
              45.688 -0.000918818   0.00050863    0.0122555   2.89051 -0.024743    1.8882    -0.014255     0.004345 -5.53398e-05 2.70777e-05  2.6736e-05 -6.1315e-06 -0.000301003 -0.000174284  -0.00802477  2.9297e-05 1.78033e-05     -9.8092 2004
              45.792 -0.00111155 0.000664757   0.0122316    2.88936 -0.0241349    1.88859 -0.0135697 0.00545234 0.00253746 2.69749e-05  2.5577e-05 -7.0201e-06 -0.000303942 -0.000176743  -0.00802617 2.95583e-05 1.80426e-05     -9.8092 2002
              45.892 -0.00135537 0.000686581   0.0122411    2.88849 -0.0234611    1.88869 -0.0120787 0.00621195 0.00496269  2.74034e-05  2.39875e-05 -7.74117e-06 -0.000306269 -0.000176852  -0.00802493 2.97977e-05 1.80573e-05     -9.8092 1996
              45.996 -0.00130755 0.000944421   0.0122866    2.88767 -0.0227746    1.88924  -0.010465 0.00692381 0.00756886  2.72683e-05  2.20415e-05 -8.70498e-06 -0.000306151 -0.000177787  -0.00802439 2.97919e-05 1.81475e-05     -9.8092 1994
              46.096 -0.00148525  0.00105582   0.0123837    2.88728 -0.0218146    1.88992 -0.00776781  0.00888653   0.0108616  2.78698e-05  1.96638e-05 -8.80801e-06 -0.000307242  -0.00017876  -0.00802329 2.99095e-05 1.82433e-05     -9.8092 1992
              46.196 -0.00172513  0.00115112   0.0124863    2.88693 -0.0206728    1.89137 -0.00708676   0.0108955   0.0139479  2.83937e-05  1.78493e-05 -8.79623e-06 -0.000308109 -0.000179185  -0.00802421 2.99805e-05 1.82847e-05     -9.8092 1990
              46.296 -0.0018966 0.00107089  0.0125191    2.88675 -0.0193778    1.89326 -0.00466236   0.0133287   0.0174699 2.85184e-05 1.59056e-05 -8.6171e-06 -0.000309741 -0.000180411  -0.00802594 3.01136e-05 1.84038e-05     -9.8092 1986
                46.4 -0.00182186  0.00136674   0.0124265   2.88671 -0.017872   1.89539 -0.00244185   0.0144023   0.0191282  2.87754e-05  1.44073e-05 -8.96279e-06 -0.000309925 -0.000180034  -0.00802696 3.01191e-05 1.83673e-05     -9.8092 1983
              46.504 -0.00165586  0.00176361   0.0123993   2.88684 -0.016387    1.8979 -0.000499439    0.0155877     0.020761  2.84385e-05  1.31084e-05 -9.61097e-06 -0.000311465 -0.000179463  -0.00802901 3.02419e-05 1.83135e-05     -9.8092 1983
              46.608 -0.00141051   0.0018009   0.0124072    2.88711 -0.0149192    1.90038 0.0018926 0.0162274 0.0226131  2.76131e-05  1.19912e-05 -9.82555e-06 -0.000312168 -0.000179409  -0.00803016 3.02951e-05 1.83086e-05     -9.8092 1980
              46.708 -0.00118098  0.00182581    0.012336   2.88778 -0.013257    1.9033 0.00438893  0.0158905  0.0244921  2.78694e-05  1.03897e-05 -9.63588e-06 -0.000313409 -0.000178251  -0.00803302   3.038e-05 1.81978e-05     -9.8092 1976
              46.808 -0.000913771   0.00178647     0.012205    2.88857 -0.0116345    1.90619 0.00555317  0.0165216  0.0244489   2.8013e-05  9.29249e-06 -9.29056e-06 -0.000315813 -0.000176986  -0.00803511 3.05865e-05 1.80787e-05     -9.8092 1972
              46.916 -0.000792367   0.00180456    0.0120571    2.88944 -0.0100133    1.90929 0.00696157  0.0152372  0.0249974  2.79425e-05  8.83959e-06 -9.76685e-06 -0.000318475 -0.000174805  -0.00803737  3.0817e-05 1.78722e-05     -9.8092 1968
              47.016 -0.000644258   0.00178946    0.0119892     2.89036 -0.00859982     1.91249 0.00927724    0.01494  0.0249226  2.72398e-05  8.44632e-06 -1.06599e-05 -0.000320459 -0.000174328  -0.00804082 3.09652e-05 1.78277e-05     -9.8092 1965
              47.116 -0.000542023   0.00181683    0.0119745     2.89142 -0.00699795     1.91613 0.0100944 0.0159886 0.0242777  2.77541e-05  8.31623e-06 -1.05065e-05  -0.0003235 -0.00017197 -0.00804633  3.1192e-05 1.76035e-05     -9.8092 1959
              47.216 -0.000712954   0.00183385     0.011877     2.89268 -0.00536888     1.91944 0.0114535 0.0161588 0.0233054  2.78565e-05  7.99577e-06 -1.06613e-05 -0.000326465 -0.000171244  -0.00805053 3.14256e-05 1.75364e-05     -9.8092 1955
               47.32 -0.000861874   0.00193279     0.011735     2.89419 -0.00358973     1.92212 0.0136423  0.017141 0.0217514  2.79983e-05  7.38222e-06 -1.19484e-05 -0.000328576 -0.000171415  -0.00805198 3.16102e-05 1.75553e-05     -9.8092 1950
              47.428 -0.000900081   0.00185296    0.0116464     2.89595 -0.00178668     1.92472 0.0156759 0.0183023 0.0205303 2.75558e-05 6.77351e-06 -1.3293e-05 -0.000331155 -0.000171347  -0.00805342 3.18401e-05 1.75517e-05     -9.8092 1947
              47.528 -0.000923736   0.00167755    0.0116046     2.89783 -1.5198e-05     1.92634 0.0171855 0.0179531 0.0187554  2.70679e-05  5.83346e-06 -1.52163e-05 -0.000333393 -0.000172443  -0.00805193 3.20717e-05 1.76601e-05     -9.8092 1946
              47.628 -0.000818184   0.00147777    0.0115337    2.89971 0.00171736    1.92818 0.0180971 0.0176373 0.0184142  2.67128e-05  5.51891e-06 -1.70054e-05 -0.000334551 -0.000172411  -0.00805183 3.21842e-05 1.76585e-05     -9.8092 1944
              47.728 -0.00081432   0.0014694   0.0114826     2.9019 0.00357232    1.92952  0.020408 0.0167326 0.0167438  2.70067e-05  4.29566e-06 -1.83164e-05 -0.000335193  -0.00017249  -0.00804964 3.22722e-05 1.76671e-05     -9.8092 1941
              47.828 -0.000565134    0.0012219    0.0114139    2.90412 0.00517044    1.93096 0.0219169 0.0162981 0.0158091  2.69472e-05  3.84595e-06 -1.87991e-05 -0.000336254 -0.000171343  -0.00804881 3.23857e-05 1.75586e-05     -9.8092 1940
              47.928 -0.000108539   0.00108462    0.0112673    2.90629 0.00687633    1.93192 0.0220622 0.0158053 0.0139547  2.73535e-05  4.02095e-06 -1.97028e-05 -0.000337132 -0.000171696  -0.00804646 3.24977e-05 1.75939e-05     -9.8092 1936
              48.028 -0.000140685  0.000779091    0.0111784    2.90862 0.00845047    1.93289 0.0233735 0.0163117 0.0122494  2.72687e-05  3.61745e-06 -2.09075e-05 -0.000337746 -0.000171201  -0.00804471 3.25781e-05 1.75472e-05     -9.8092 1937
              48.128 -0.000477676  0.000707376    0.0111012   2.9109 0.010087  1.93335 0.0228695 0.0171317 0.0103815  2.70374e-05  4.16268e-06 -2.20636e-05 -0.000338641 -0.000172682  -0.00804137 3.27014e-05 1.76905e-05     -9.8092 1935
              48.228 -0.00057851 0.000389236   0.0111073   2.91304 0.0118566   1.93371  0.0217807  0.0160001 0.00865715  2.72183e-05    4.687e-06 -2.21183e-05 -0.000338502 -0.000174621   -0.0080386 3.27182e-05 1.78763e-05     -9.8092 1933
              48.332 -0.000615461  0.000162044    0.0110775   2.91529 0.0136412   1.93415  0.0218272   0.016123 0.00720549  2.79849e-05  4.93473e-06 -2.30302e-05 -0.000338922 -0.000173325  -0.00803669 3.27827e-05 1.77528e-05     -9.8092 1932
              48.436 -0.000536381  5.49412e-05    0.0109577   2.91731 0.0153351   1.93485  0.0211945  0.0168218 0.00558178  2.79801e-05  5.75174e-06 -2.33008e-05 -0.000339157 -0.000173262  -0.00803687 3.28033e-05 1.77475e-05     -9.8092 1929
               48.54 -0.000349962  0.000245122    0.0108413   2.91942 0.0172136   1.93509  0.0208879  0.0181467 0.00371761  2.83038e-05  6.09954e-06 -2.41271e-05 -0.000338632 -0.000174115  -0.00803573  3.2765e-05 1.78285e-05     -9.8092 1924
               48.64 -0.000435687  0.000382656    0.0108399   2.92132 0.0191137   1.93488  0.0198239  0.0182087 0.00211132    2.827e-05  6.53053e-06 -2.45948e-05 -0.000337552 -0.000176201  -0.00803332 3.26864e-05 1.80269e-05     -9.8092 1922
               48.74 -0.000660638  0.000220296    0.0108478 2.92322 0.02079 1.93476   0.0187869   0.0185434 0.000863154   2.7681e-05  6.64556e-06 -2.56142e-05 -0.000336964 -0.000175179   -0.0080319 3.26472e-05 1.79282e-05     -9.8092 1921
              48.844 -0.000817231  0.000202839    0.0108681   2.92521 0.0229526   1.93471    0.0185575    0.0194978 -0.000828214  2.85177e-05  6.46462e-06 -2.59177e-05 -0.000336974 -0.000174711  -0.00803156 3.26531e-05 1.78832e-05     -9.8092 1920
              48.944 -0.000712997  0.000263503    0.0108717   2.92696 0.0247972   1.93462    0.0175777    0.0188779 -0.000699461  2.83224e-05  6.82866e-06 -2.66398e-05 -0.000338077 -0.000173547  -0.00803145 3.27614e-05 1.77732e-05     -9.8092 1917
              49.048 -0.000412352  0.000316141    0.0107789   2.92882 0.0267381   1.93455    0.0166102    0.0187983 -0.000819958  2.83872e-05  6.84665e-06 -2.67001e-05 -0.000340293 -0.000172332  -0.00803156 3.29741e-05 1.76595e-05     -9.8092 1919
              49.148 7.85924e-05 2.20981e-05   0.0107072   2.93054 0.0284494   1.93438     0.015821       0.0176 -0.000751414  2.80133e-05  6.66588e-06 -2.71619e-05 -0.000341382 -0.000171218  -0.00803131 3.30825e-05  1.7554e-05     -9.8092 1918
              49.248  0.000248682 -0.000287705     0.010645   2.93234 0.0301206   1.93399    0.0152644    0.0174612 -0.000618024 2.77239e-05 5.59947e-06  -2.833e-05 -0.000342657 -0.000170852  -0.00802999 3.32196e-05 1.75191e-05     -9.8092 1918
              49.352  0.000279196 -0.000378479    0.0105207   2.93399 0.0316567   1.93393    0.0150078    0.0161608 -0.000703557  2.71479e-05  5.48997e-06 -2.89117e-05 -0.000343814  -0.00016988     -0.00803 3.33312e-05 1.74274e-05     -9.8092 1915
              49.456  0.000243605 -0.000409327    0.0104743    2.9358 0.0332435   1.93386    0.0152795    0.0142899 -0.000532094  2.73009e-05  4.36531e-06 -2.98362e-05 -0.000344713 -0.000168712  -0.00802984 3.34206e-05 1.73157e-05     -9.8092 1913
              49.556  0.000407182 -0.000609756    0.0104194   2.93752 0.0345697   1.93372   0.0142788   0.0133426 0.000510363  2.68961e-05  3.08152e-06 -2.97241e-05 -0.000344393  -0.00016982  -0.00802909 3.33964e-05   1.742e-05     -9.8092 1911
              49.656  0.000653379 -0.000999551    0.0102777    2.9391 0.0357696   1.93442 0.0124369  0.012242  0.002245  2.66432e-05  2.11969e-06 -3.00098e-05 -0.000345106 -0.000169576  -0.00803174 3.34364e-05 1.73978e-05     -9.8092 1908
              49.756  0.00104103 -0.00134785   0.0101884   2.94058 0.0368438   1.93501    0.01264  0.0110786 0.00310229  2.60907e-05   1.1987e-06 -3.01873e-05 -0.000345902  -0.00017008  -0.00803339 3.34939e-05  1.7447e-05     -9.8092 1905
               49.86 0.00138935 -0.0016579  0.0102702   2.94211 0.0378199   1.93583  0.0121108  0.0100981 0.00428597  2.54823e-05  1.36859e-07 -3.02821e-05 -0.000347235 -0.000169435  -0.00803533 3.36014e-05 1.73868e-05     -9.8092 1902
              49.964  0.00158968 -0.00184194   0.0101934  2.9435 0.03869 1.93668 0.00903598 0.00883028 0.00477406  2.51133e-05 -8.06931e-07 -3.09401e-05 -0.000348194  -0.00016892  -0.00803696 3.36763e-05 1.73386e-05     -9.8092 1900
              50.064   0.0015934 -0.00194455   0.0101943    2.9446 0.0394339   1.93724 0.00786964  0.0076082 0.00487411  2.44278e-05 -1.77568e-06 -3.19789e-05 -0.000349868 -0.000169871  -0.00803739 3.38305e-05 1.74308e-05     -9.8092 1898
              50.164  0.00163756 -0.00215762   0.0101463   2.94555 0.0401231   1.93748 0.00538741 0.00595713 0.00428221  2.42436e-05 -3.06083e-06 -3.27658e-05 -0.000349773 -0.000170479  -0.00803651 3.38298e-05 1.74873e-05     -9.8092 1895
              50.264  0.00185289 -0.00256345   0.0101536   2.94623 0.0407589   1.93793  0.0045394 0.00425727  0.0051432   2.4743e-05 -3.96879e-06 -3.29752e-05  -0.00034927 -0.000170576  -0.00803643 3.37827e-05 1.74952e-05     -9.8092 1893
              50.368  0.00210292 -0.00279868    0.010131   2.94665 0.0411251    1.9387 0.000763221  0.00306841  0.00575413    2.452e-05 -4.48308e-06 -3.37027e-05 -0.000349392 -0.000170591  -0.00803738 3.37844e-05 1.74969e-05     -9.8092 1892
              50.468  0.00224648 -0.00333563   0.0101821   2.94669 0.0412487   1.93912 -0.00297642  0.00233229  0.00611782  2.40731e-05 -4.91804e-06 -3.40845e-05 -0.000350368 -0.000171124  -0.00803649 3.3886e-05 1.7548e-05    -9.8092 1889
              50.572  0.00237229 -0.00354422   0.0102084   2.94643 0.0412836   1.93925  -0.00539438 -0.000143682   0.00495402  2.36618e-05 -5.58885e-06  -3.3807e-05 -0.000350283 -0.000171623  -0.00803456 3.38971e-05 1.75939e-05     -9.8092 1887
              50.672  0.00226622 -0.00366967   0.0101736   2.94586 0.0410937   1.93959 -0.00903092 -0.00236918  0.00551084    2.347e-05 -6.38475e-06 -3.40759e-05 -0.000349538    -0.000171  -0.00803376 3.38345e-05 1.75325e-05     -9.8092 1886
              50.776  0.00220297 -0.00360322   0.0101069   2.94506 0.0406349   1.94008  -0.0119782 -0.00319537  0.00590176  2.29244e-05  -7.4236e-06 -3.39244e-05 -0.000350052 -0.000170691  -0.00803325 3.38888e-05 1.75024e-05     -9.8092 1881
               50.88 0.00209372 -0.0036828  0.0101322   2.94383 0.0401101   1.94082  -0.0150345 -0.00753684  0.00560568  2.26767e-05 -8.44612e-06 -3.42891e-05 -0.000349178 -0.000171415  -0.00803381 3.37986e-05 1.75702e-05     -9.8092 1879
              50.984  0.00216273 -0.00366297   0.0101131  2.94225 0.039048  1.94148 -0.0171106 -0.0099287 0.00720939  2.23197e-05 -8.38121e-06 -3.47982e-05  -0.00035111 -0.000169866   -0.0080339 3.39838e-05 1.74242e-05     -9.8092 1873
              51.084  0.00210353 -0.00384526   0.0101489   2.94061 0.0377948    1.9419 -0.0202753 -0.0117427 0.00675799  2.15977e-05 -9.37667e-06 -3.52371e-05 -0.000351982 -0.000169141  -0.00803253 3.40815e-05 1.73543e-05     -9.8092 1870
              51.192  0.00195968 -0.00413147   0.0102111   2.93842 0.0362996   1.94222 -0.0234856 -0.0143958 0.00668275  2.11258e-05 -9.95875e-06 -3.58705e-05 -0.000352784 -0.000169179  -0.00803081 3.41753e-05 1.73575e-05     -9.8092 1865
              51.292  0.00186059 -0.00410718   0.0101822   2.93604 0.0348275   1.94277  -0.026793 -0.0170359  0.0070534  2.12158e-05 -1.07209e-05 -3.58445e-05 -0.000352666 -0.000169567  -0.00803028 3.41691e-05 1.73938e-05     -9.8092 1862
              51.396  0.00191392 -0.00384514   0.0101993   2.93344 0.0331038   1.94391 -0.0291113 -0.0186932 0.00650161  2.19252e-05 -1.20757e-05 -3.56685e-05 -0.000352607 -0.000168425  -0.00803234 3.41442e-05 1.72846e-05     -9.8092 1858
              51.496  0.00169508 -0.00365578   0.0101533   2.93053 0.0312161   1.94465 -0.0318099 -0.0199554 0.00610267  2.25369e-05 -1.25155e-05 -3.47802e-05 -0.000353399 -0.000166048  -0.00803289 3.42172e-05 1.70583e-05     -9.8092 1854
              51.596  0.00145424 -0.00375981   0.0100905   2.92753 0.0290988    1.9451 -0.0335709   -0.02102 0.00588586  2.20761e-05 -1.36549e-05 -3.45296e-05 -0.000353486 -0.000167385  -0.00803216 3.42313e-05 1.71851e-05     -9.8092 1849
              51.696  0.00116905 -0.00367522   0.0100114   2.92429 0.0270327   1.94556 -0.0363889 -0.0224497 0.00427414  2.22762e-05 -1.48276e-05 -3.50497e-05 -0.000353441 -0.000168789   -0.0080318 3.42292e-05 1.73184e-05     -9.8092 1846
                51.8  0.00111267 -0.00357029  0.00996696   2.92062 0.0250295   1.94617 -0.0383028   -0.02192 0.00502765  2.31993e-05  -1.5867e-05 -3.51431e-05 -0.000354691 -0.000169611  -0.00803224  3.4344e-05 1.73978e-05     -9.8092 1841
                51.9  0.00102361 -0.00342225  0.00989404   2.91693 0.0231003   1.94713 -0.0398282 -0.0228502 0.00537601  2.44563e-05 -1.68453e-05 -3.44471e-05 -0.000354467 -0.000170111  -0.00803418 3.43029e-05 1.74455e-05     -9.8092 1843
                  52 0.000932385 -0.00323649   0.0098406   2.91312 0.0210579   1.94784 -0.0400721 -0.0229597 0.00580258  2.55204e-05 -1.75431e-05 -3.45692e-05 -0.000356374 -0.000170423  -0.00803485 3.44783e-05 1.74771e-05     -9.8092 1837
              52.104 0.000907518  -0.0027942  0.00978892    2.9091 0.0189154   1.94903 -0.0410466 -0.0237388 0.00613725  2.69449e-05 -1.84003e-05 -3.40763e-05 -0.000356834 -0.000169437  -0.00803724 3.44995e-05 1.73836e-05     -9.8092 1834
              52.204 0.000675609 -0.00242171  0.00975745   2.90513 0.0168567   1.95025 -0.0428338 -0.0229802 0.00594022  2.79562e-05 -1.92096e-05 -3.42828e-05 -0.000357982 -0.000169606  -0.00804008 3.45802e-05 1.74012e-05     -9.8092 1829
              52.304  0.00041962 -0.00226896  0.00973261   2.90101 0.0147751   1.95146 -0.0421181 -0.0244931 0.00435897  2.92018e-05 -1.96704e-05 -3.40014e-05 -0.000359024 -0.000168916  -0.00804308 3.46502e-05 1.73366e-05     -9.8092 1821
              52.404 0.000370283 -0.00207933  0.00965319   2.89686 0.0127784   1.95242 -0.0411168 -0.0233824 0.00573479  3.09676e-05 -1.95942e-05  -3.3236e-05 -0.000360338 -0.000168477  -0.00804507 3.47563e-05 1.72964e-05     -9.8092 1818
              52.504 0.000421287 -0.00149802  0.00959277   2.89285 0.0107964    1.9535  -0.040769 -0.0234631  0.0065458  3.24937e-05 -1.95672e-05 -3.37712e-05 -0.000362375 -0.000167961  -0.00804703 3.49316e-05 1.72494e-05     -9.8092 1816
              52.612 0.000462986 -0.00115928  0.00963462    2.88836 0.00865432    1.95471 -0.0424194  -0.022583 0.00651807  3.38887e-05 -1.92912e-05 -3.44711e-05 -0.000363967 -0.000168262  -0.00804911 3.50622e-05   1.728e-05     -9.8092 1813
              52.712  0.000558677 -0.000952912   0.00964586    2.88412 0.00671462    1.95596 -0.0422623 -0.0217493 0.00710667  3.50668e-05 -1.90075e-05  -3.4538e-05 -0.000365641 -0.000168351   -0.0080517 3.51954e-05 1.72902e-05     -9.8092 1808
              52.812  0.000601894 -0.000485839    0.0096419    2.87997 0.00506319    1.95688 -0.0412844  -0.020638 0.00802143  3.71799e-05 -1.89096e-05 -3.39231e-05 -0.000367036 -0.000167925   -0.0080525 3.53214e-05 1.72511e-05     -9.8092 1803
              52.912  0.000301502 -6.62576e-05   0.00961685    2.87593 0.00350561    1.95751 -0.0393064  -0.018777 0.00815441  3.89161e-05 -1.89997e-05 -3.31783e-05 -0.000368439 -0.000167239  -0.00805183 3.54636e-05 1.71871e-05     -9.8092 1799
              53.016 0.000161553 0.000495354  0.00962735    2.87208 0.00185639    1.95958 -0.0371233 -0.0186665 0.00861229  4.02574e-05 -1.91404e-05 -3.19156e-05 -0.000371439 -0.000165894  -0.00805707 3.56971e-05 1.70614e-05    -9.80919 1795
              53.116 0.000218346 0.000855656  0.00953873     2.86846 0.000161113     1.96163  -0.036181 -0.0192118 0.00957678   4.1458e-05  -1.8852e-05 -3.18641e-05 -0.000374458 -0.000164235  -0.00806194 3.59363e-05 1.69058e-05    -9.80919 1791
               53.22 0.000287093  0.00112914  0.00952524     2.86469 -0.00177041     1.96391 -0.0346501 -0.0186163    0.01032  4.19578e-05 -1.79974e-05 -3.12763e-05 -0.000377544  -0.00016176   -0.0080674 3.61763e-05 1.66723e-05    -9.80919 1787
              53.324 0.000284556  0.00147706  0.00949959     2.86147 -0.00346778     1.96593 -0.0310328 -0.0186593  0.0103959  4.26707e-05  -1.8414e-05 -3.02827e-05 -0.000380546 -0.000161712  -0.00807162 3.64187e-05 1.66698e-05    -9.80919 1782
              53.428 0.000184148   0.0017989  0.00941991     2.85847 -0.00515349     1.96786 -0.0285671 -0.0189074  0.0102847  4.37156e-05 -1.83926e-05  -3.0129e-05 -0.000383203 -0.000160754  -0.00807525 3.66355e-05 1.65805e-05    -9.80919 1777
              53.528 0.000161288  0.00205803  0.00946689     2.85585 -0.00687199     1.96972  -0.025765 -0.0179937 0.00939626  4.42235e-05 -1.85539e-05 -2.99547e-05 -0.000384531  -0.00016032   -0.0080792 3.67213e-05 1.65395e-05    -9.80919 1773
              53.628 0.000468608  0.00233402  0.00942976      2.8535 -0.00844217     1.97199 -0.0218234 -0.0163411 0.00694726  4.48437e-05 -1.86033e-05 -2.96387e-05 -0.000386976 -0.000159483  -0.00808564 3.68879e-05 1.64606e-05    -9.80919 1770
              53.732 0.00063328 0.00253756 0.00941579     2.85145 -0.00995976     1.97284 -0.0185829 -0.0149371 0.00445101   4.5214e-05 -1.84558e-05 -2.91894e-05 -0.000389681 -0.000160131  -0.00808666 3.71348e-05 1.65247e-05    -9.80919 1764
              53.836 0.000467469   0.0031323  0.00933737    2.84992 -0.0114174    1.97409  -0.0146153  -0.0149278 0.000848653   4.5778e-05  -1.8794e-05 -2.88958e-05    -0.000393 -0.000159248  -0.00809094 3.74076e-05 1.64425e-05    -9.80919 1757
              53.936 0.000217473  0.00338117  0.00928719     2.8486 -0.0128826    1.97453  -0.0115439  -0.0146691 -0.00116391  4.60318e-05 -1.82436e-05  -2.8669e-05 -0.000396992  -0.00015844  -0.00809292 3.77687e-05 1.63688e-05    -9.80919 1752
              54.036 -8.6492e-05  0.00354881  0.00925655   2.84776 -0.014278   1.97463 -0.00759358  -0.0132262 -0.00281875  4.60366e-05 -1.84764e-05 -2.86067e-05 -0.000399704 -0.000158691  -0.00809416 3.80143e-05 1.63949e-05    -9.80919 1751
              54.144 -0.000192967   0.00391881   0.00923379    2.84723 -0.0157933    1.97482 -0.00367488  -0.0140559 -0.00425668  4.56152e-05 -1.85506e-05 -2.83712e-05 -0.000402379 -0.000159791  -0.00809678  3.8241e-05 1.65013e-05    -9.80919 1750
              54.244 -0.000165468   0.00435842    0.0091828   2.84714 -0.017306    1.9742 0.000134564  -0.0141054 -0.00509673  4.48747e-05 -1.90481e-05 -2.83075e-05  -0.00040281 -0.000160614  -0.00809624 3.82869e-05 1.65802e-05    -9.80919 1747
              54.348 -0.000145549    0.0043779   0.00905542    2.84749 -0.0188867    1.97309  0.00434753  -0.0129619 -0.00554702  4.41792e-05  -1.9461e-05 -2.81814e-05 -0.000404275 -0.000160678  -0.00809381 3.84514e-05 1.65887e-05    -9.80919 1744
              54.448 -0.00029805  0.00453893  0.00897105    2.84822 -0.0203704    1.97217  0.00855546  -0.0122933 -0.00712397  4.33076e-05 -1.98004e-05 -2.76114e-05 -0.000405143 -0.000160505   -0.0080926 3.85467e-05 1.65735e-05    -9.80919 1742
              54.548 -0.000295339   0.00492277   0.00891997    2.84944 -0.0216456    1.97094   0.0125479  -0.0107334 -0.00763112  4.28186e-05 -2.04035e-05 -2.77837e-05 -0.000406724 -0.000160822  -0.00809054  3.8718e-05 1.66061e-05    -9.80919 1738
              54.648 -0.000514328   0.00526135   0.00894248    2.85113 -0.0227723    1.97006   0.0179285 -0.00993362 -0.00774851  4.24962e-05 -2.11596e-05 -2.78955e-05 -0.000406742 -0.000160963  -0.00808999 3.87251e-05 1.66197e-05    -9.80919 1737
              54.748 -0.000766928   0.00547464   0.00887301   2.85328 -0.023872   1.96965   0.0225413  -0.0083844 -0.00796899  4.18054e-05  -2.1747e-05 -2.76805e-05 -0.000407876 -0.000160749  -0.00809182 3.88151e-05 1.65994e-05    -9.80919 1733
              54.848 -0.000920634   0.00548236   0.00873693   2.85599 -0.024921   1.96909   0.0277172 -0.00692354 -0.00566945  4.07027e-05 -2.24057e-05 -2.77064e-05 -0.000410024 -0.000160471  -0.00809255 3.90127e-05 1.65743e-05    -9.80919 1733
              54.948 -0.00111967  0.00563201  0.00853249    2.85909 -0.0256155    1.96889    0.032525 -0.00567137  -0.0032851  4.01917e-05 -2.26448e-05 -2.80644e-05 -0.000411753 -0.000161746  -0.00809381 3.91638e-05 1.66966e-05    -9.80919 1730
              55.052 -0.00142031  0.00550888  0.00839698    2.86299 -0.0262601    1.96859   0.0367246 -0.00509904  -0.0017892  3.97563e-05 -2.40339e-05 -2.85858e-05  -0.00041216 -0.000162592  -0.00809375 3.92024e-05 1.67773e-05    -9.80919 1726
              55.156 -0.00144272  0.00515989  0.00836231    2.86731 -0.0267902    1.96842   0.0418045 -0.00325076 -0.00183963  3.94396e-05 -2.51811e-05 -2.87502e-05 -0.000412134 -0.000163186   -0.0080939 3.91978e-05 1.68336e-05    -9.80919 1724
              55.256 -0.00149001   0.0051442  0.00828806    2.87185 -0.0271747    1.96825    0.0458148  -0.00103134 -0.000962643  3.87311e-05 -2.53833e-05 -2.89427e-05 -0.000415508  -0.00016405  -0.00809387 3.95188e-05 1.69189e-05    -9.80919 1719
               55.36 -0.00178696  0.00513648  0.00817568    2.87686 -0.0273251    1.96847   0.0497165  0.00108983 0.000598161  3.79579e-05 -2.51114e-05 -2.96557e-05 -0.000418853 -0.000164687  -0.00809469  3.9829e-05 1.69821e-05    -9.80919 1713
              55.464 -0.00193355  0.00504436  0.00809147    2.88235 -0.0274017    1.96835  0.0533215 0.00318408  0.0012225  3.66394e-05 -2.55234e-05 -2.99644e-05 -0.000419705 -0.000165579  -0.00809358 3.99193e-05 1.70683e-05    -9.80919 1714
              55.564 -0.00206919  0.00493445  0.00804555    2.88801 -0.0271243    1.96849  0.0566883 0.00641322 0.00197612  3.56299e-05 -2.61693e-05 -3.03892e-05 -0.000421641  -0.00016673  -0.00809372 4.01012e-05 1.71792e-05    -9.80919 1713
              55.664 -0.00208633  0.00437557   0.0081304    2.89394 -0.0265576    1.96851  0.0588493 0.00810947 0.00239287  3.48477e-05 -2.69703e-05 -3.06383e-05  -0.00042154 -0.000167376  -0.00809291 4.00982e-05 1.72408e-05    -9.80919 1710
              55.768 -0.00185177  0.00382491   0.0082145    2.90029 -0.0259358     1.9688  0.0611494 0.00924061 0.00263615  3.34689e-05 -2.71125e-05 -3.06679e-05 -0.000422665 -0.000168913  -0.00809306 4.02022e-05 1.73879e-05    -9.80919 1705
              55.868 -0.00177035  0.00344403  0.00821798    2.90656 -0.0252289    1.96882  0.0618632  0.0089819 0.00264837  3.26546e-05 -2.73991e-05 -3.08727e-05 -0.000424028 -0.000168601  -0.00809198 4.03415e-05 1.73598e-05    -9.80919 1706
              55.968 -0.00186186  0.00289336  0.00825915    2.91295 -0.0242498    1.96867  0.0632278  0.0106616 0.00296812  3.27961e-05 -2.76439e-05 -3.13142e-05 -0.000425696 -0.000167808  -0.00809017 4.05168e-05 1.72867e-05    -9.80919 1704
              56.072 -0.00166812  0.00215069  0.00827394    2.91967 -0.0234186    1.96864  0.0642686  0.0109871 0.00258249  3.17361e-05 -2.79539e-05   -3.106e-05 -0.000426856 -0.000167103  -0.00808874 4.06396e-05 1.72211e-05    -9.80919 1703
              56.172 -0.00138375   0.0013971  0.00829628     2.9262 -0.0225322    1.96857  0.0631861  0.0114891 0.00082114  3.08564e-05 -2.85648e-05 -3.12443e-05 -0.000426612 -0.000166584   -0.0080876 4.06262e-05 1.71718e-05    -9.80919 1700
              56.272 -0.00107331 0.000862802   0.0083622    2.93248 -0.0217367    1.96841    0.0618055    0.0122569 -0.000521978  2.93572e-05 -2.86704e-05 -3.08089e-05 -0.000426929 -0.000165551  -0.00808663 4.06647e-05 1.70742e-05    -9.80919 1697
              56.376 -0.000859275  0.000425899   0.00835416      2.939 -0.0206921    1.96754   0.0610155   0.0128255 -0.00144716  2.86132e-05 -2.89977e-05 -3.18806e-05 -0.000427113 -0.000163826  -0.00808329 4.07104e-05 1.69115e-05    -9.80919 1697
              56.476 -0.000920129 -2.07662e-06   0.00834691   2.94519 -0.019614   1.96659   0.0599299   0.0129168 -0.00184524   2.8324e-05 -2.96453e-05 -3.21313e-05 -0.000427066 -0.000160832     -0.00808 4.07347e-05 1.66279e-05    -9.80919 1695
               56.58 -0.000876854 -0.000728405   0.00827917     2.9513 -0.0185888    1.96576   0.0573837   0.0129398 -0.00398146  2.74508e-05 -2.97755e-05 -3.26779e-05 -0.000426601 -0.000159014  -0.00807778  4.0709e-05 1.64554e-05    -9.80919 1692
               56.68 -0.000780376  -0.00158381   0.00827864    2.95695 -0.0174369    1.96498    0.055364   0.0134038 -0.00541394  2.69592e-05  -3.0261e-05 -3.33798e-05 -0.000424091 -0.000157682  -0.00807656 4.04805e-05  1.6327e-05    -9.80919 1688
               56.78 -0.000608699  -0.00226278   0.00825036    2.96232 -0.0161565    1.96367   0.0514818   0.0132591 -0.00794015  2.69655e-05 -3.05077e-05 -3.41994e-05 -0.000423391 -0.000155842  -0.00807369 4.04371e-05 1.61524e-05    -9.80919 1686
               56.88 -0.000362058  -0.00265403   0.00829748    2.96733 -0.0147623    1.96292   0.0476727   0.0131727 -0.00923693  2.75104e-05 -3.07004e-05 -3.52696e-05 -0.000422989 -0.000153799  -0.00807396 4.03988e-05 1.59578e-05    -9.80919 1684
               56.98 -0.000144242  -0.00299292   0.00826726    2.97188 -0.0134408    1.96141   0.042797  0.0136465 -0.0108003  2.73184e-05 -3.05933e-05 -3.57988e-05 -0.000423535 -0.000153535  -0.00807179 4.04669e-05 1.59337e-05    -9.80919 1682
               57.08 0.000117988 -0.00324975  0.00818457    2.97584 -0.0120228    1.95966  0.0377571  0.0141896 -0.0121466  2.77326e-05 -3.01303e-05 -3.58116e-05 -0.000423186 -0.000152718  -0.00806935 4.04521e-05 1.58566e-05    -9.80919 1680
               57.18 0.000226838 -0.00358325  0.00817676    2.97944 -0.0105954    1.95782  0.0336922  0.0137181 -0.0127003  2.81197e-05 -3.01748e-05 -3.57788e-05 -0.000422671 -0.000151657  -0.00806689 4.04217e-05 1.57559e-05    -9.80919 1679
               57.28 0.000267768 -0.00370373  0.00814706    2.98267 -0.0092268    1.95672  0.0280999  0.0135249 -0.0146962  2.85549e-05 -3.11139e-05 -3.62048e-05 -0.000420532 -0.000149185  -0.00806809  4.0212e-05 1.55188e-05    -9.80919 1678
               57.38 0.000203695  -0.0040579  0.00805141     2.98536 -0.00772776     1.95523    0.02439  0.0119882 -0.0167373  2.98749e-05 -3.16282e-05 -3.65752e-05 -0.000419814 -0.000146096  -0.00806835 4.01448e-05 1.52247e-05    -9.80919 1676
               57.48 0.000552336  -0.0043608  0.00794483      2.9877 -0.00661908     1.95292  0.0205129  0.0114688 -0.0169362  2.95205e-05 -3.20063e-05 -3.68062e-05 -0.000419541 -0.000145968  -0.00806576 4.01368e-05 1.52125e-05    -9.80919 1675
               57.58 0.000741672 -0.00454997  0.00790668     2.98956 -0.00552605      1.9512  0.0155772  0.0107366 -0.0168621  2.97913e-05 -3.27367e-05 -3.64483e-05 -0.000416321 -0.000143884   -0.0080655 3.98342e-05  1.5012e-05    -9.80919 1672
              57.684 0.000812366 -0.00441225  0.00795023     2.99098 -0.00454774     1.94822  0.0101569  0.0097954 -0.0178675  2.95834e-05   -3.331e-05 -3.69566e-05 -0.000414166 -0.000143381  -0.00806067 3.96623e-05 1.49629e-05    -9.80919 1670
              57.784 0.000846898 -0.00421522  0.00789434    2.99175 -0.0035134    1.94639 0.00523436 0.00880688 -0.0178917  2.99122e-05 -3.32254e-05 -3.78004e-05 -0.000413198 -0.000142997   -0.0080604 3.95725e-05 1.49258e-05    -9.80919 1668
              57.884 0.000935009 -0.00433776  0.00785631     2.99197 -0.00255669      1.9443 3.03415e-05  0.00865784  -0.0168916  3.06081e-05 -3.27609e-05 -3.78848e-05 -0.000413442 -0.000141513   -0.0080589  3.9607e-05 1.47852e-05    -9.80919 1666
              57.984 0.000908402 -0.00443593  0.00778378     2.99188 -0.00173788     1.94227 -0.00344026  0.00725806  -0.0148867  3.09013e-05 -3.34698e-05  -3.8043e-05 -0.000411311 -0.000140446  -0.00805709 3.94174e-05 1.46823e-05    -9.80919 1664
              58.084 0.000657546 -0.00463812  0.00766964      2.9912 -0.00112548     1.94041 -0.00844877  0.00593365  -0.0147263  3.07225e-05 -3.30719e-05 -3.76285e-05 -0.000411246 -0.000140707  -0.00805559 3.94209e-05 1.47071e-05    -9.80919 1662
              58.184 0.000639506 -0.00448557  0.00764415      2.99031 -0.000709479      1.93888 -0.0119688 0.00433101  -0.014128  3.04805e-05 -3.34361e-05 -3.84413e-05 -0.000410084 -0.000140147  -0.00805524 3.93133e-05 1.46531e-05    -9.80919 1659
              58.284 0.000724035 -0.00407514  0.00762277       2.989 -0.00019654     1.93747 -0.0154842 0.00342845 -0.0113093  3.14775e-05  -3.3693e-05 -3.88936e-05 -0.000410334 -0.000138556  -0.00805455  3.9343e-05 1.45022e-05    -9.80919 1656
              58.388 0.000631144 -0.00371464  0.00761398     2.98734 0.000245924     1.93628 -0.0191391 0.00344667 -0.0102345  3.21844e-05 -3.41632e-05 -3.96495e-05 -0.000410068 -0.000136605  -0.00805426 3.93212e-05 1.43167e-05    -9.80919 1652
              58.488 0.000490207 -0.00335614  0.00760469     2.98549 0.000434738     1.93466  -0.0215792  0.00310817 -0.00944236    3.135e-05 -3.52201e-05 -4.00694e-05 -0.000408859 -0.000137347   -0.0080517 3.92223e-05 1.43862e-05     -9.8092 1648
              58.588 0.000290549 -0.00278468  0.00763744    2.98325 0.00074868    1.93372  -0.0233097  0.00283498 -0.00733048  3.12896e-05 -3.54871e-05 -4.07148e-05 -0.000407878 -0.000137846  -0.00805116 3.91323e-05 1.44328e-05     -9.8092 1644
              58.688 0.000197265 -0.00254607  0.00758224    2.98093 0.00103139    1.93267  -0.0254993  0.00300771 -0.00623225    3.116e-05 -3.60067e-05  -4.1665e-05 -0.000407668 -0.000138577  -0.00804955 3.91222e-05 1.45019e-05     -9.8092 1639
              58.788   1.268e-05 -0.00220624  0.00752004    2.97844 0.00146247    1.93201  -0.0270041  0.00301271 -0.00403865  3.15522e-05 -3.64884e-05 -4.18972e-05  -0.00040837 -0.000138342  -0.00804903 3.91925e-05   1.448e-05     -9.8092 1635
              58.888 -0.000158094  -0.00190146   0.00753429     2.9757 0.00157436    1.93105   -0.0275806   0.00280808 -0.000453895  3.09615e-05 -3.66576e-05 -4.26254e-05 -0.000407425 -0.000138317  -0.00804605 3.91221e-05 1.44768e-05     -9.8092 1630
              58.988 -0.000332685   -0.0014364    0.0074973     2.9729 0.00183396    1.93094 -0.0269268 0.00379057 0.00304257  3.07019e-05 -3.63177e-05 -4.34404e-05 -0.000408761   -0.0001381  -0.00804514 3.92551e-05 1.44573e-05     -9.8092 1625
              59.092 -0.000614602  -0.00114835   0.00747043    2.97001 0.00212846    1.93114 -0.0268097 0.00474019 0.00491897  2.99356e-05 -3.61132e-05  -4.4575e-05 -0.000408346 -0.000138669  -0.00804434 3.92204e-05  1.4511e-05     -9.8092 1621
              59.196  -0.00100515 -0.000939856    0.0075202    2.96707 0.00237546    1.93151  -0.027838 0.00342269 0.00624917  2.91422e-05 -3.55044e-05 -4.54157e-05 -0.000409153 -0.000139024  -0.00804348 3.93023e-05 1.45452e-05     -9.8092 1612
              59.292 -0.000960464  -0.00114382   0.00752117    2.96434 0.00263163    1.93176 -0.0273975 0.00364519 0.00908879  2.91695e-05 -3.51887e-05 -4.67145e-05 -0.000409946 -0.000137431  -0.00804151 3.93917e-05 1.43947e-05     -9.8092 1604
              59.396 -0.000775828  -0.00122376   0.00751211    2.96134 0.00300443    1.93268 -0.0272842  0.0035204  0.0114449  2.89369e-05 -3.44401e-05 -4.73408e-05 -0.000409766   -0.0001384    -0.008041 3.93772e-05 1.44865e-05     -9.8092 1599
              59.496 -0.000732988 -0.000932376   0.00748489    2.95848 0.00344446    1.93383 -0.0267784 0.00383033   0.012975  2.91405e-05 -3.37781e-05 -4.86561e-05 -0.000410674 -0.000138287  -0.00804074 3.94651e-05 1.44765e-05     -9.8092 1596
                59.6 -0.000793249 -0.000386285   0.00739264    2.95542 0.00408487    1.93525 -0.0281894 0.00350459  0.0147106  2.99721e-05 -3.29509e-05 -4.98674e-05 -0.000410272 -0.000139272  -0.00804066 3.94268e-05 1.45697e-05     -9.8092 1592
              59.704 -0.000944012 -0.000153437    0.0072489    2.95229 0.00468359    1.93665 -0.0275207   0.003477  0.0177649  3.07704e-05 -3.23412e-05 -5.08674e-05 -0.000409461 -0.000139574  -0.00803962 3.93565e-05 1.45977e-05     -9.8092 1587
              59.808 -0.00110988 0.000366795  0.00717983    2.94924 0.00532775    1.93828 -0.0278219 0.00428955  0.0178862  3.17187e-05 -3.15022e-05 -5.24632e-05 -0.000409475 -0.000139118   -0.0080386  3.9365e-05 1.45544e-05     -9.8092 1582
              59.908 -0.00117068 0.000878382  0.00719483     2.9464 0.00594248    1.93965   -0.02661 0.00593896  0.0190134  3.23076e-05 -3.06775e-05 -5.33707e-05 -0.000410097 -0.000138524  -0.00803659 3.94377e-05 1.44983e-05     -9.8092 1580
              60.008 -0.00103655  0.00102557  0.00716453    2.94363 0.00692212    1.94159 -0.0236526 0.00717947  0.0207882  3.35436e-05 -2.99026e-05 -5.45326e-05 -0.000409674 -0.000139787  -0.00803633 3.93984e-05 1.46178e-05     -9.8092 1574
              60.108 -0.000777223   0.00129656    0.0072162   2.94126 0.0079322   1.94333 -0.0210579 0.00844286  0.0215186  3.47459e-05 -2.90543e-05 -5.65646e-05 -0.000411227 -0.000139196  -0.00803489 3.95557e-05 1.45628e-05     -9.8092 1569
              60.208 -0.000592272   0.00176918   0.00718929    2.93914 0.00916424    1.94504 -0.0190363  0.0096669  0.0230675  3.58453e-05 -2.81039e-05 -5.80878e-05 -0.000412576 -0.000139905  -0.00803275 3.96973e-05 1.46306e-05     -9.8092 1560
              60.308 -0.000360018   0.00219388   0.00717193   2.93707 0.0103884   1.94682 -0.0165581 0.00984688  0.0239508  3.68377e-05 -2.65428e-05  -5.9058e-05  -0.00041525 -0.000140113  -0.00803059 3.9965e-05 1.4652e-05    -9.8092 1554
              60.408 -0.000155231   0.00266499   0.00718343   2.93538 0.0117318   1.94878 -0.0144458  0.0102992  0.0252425  3.83118e-05 -2.55754e-05 -5.97983e-05 -0.000417316 -0.000139378  -0.00802852 4.01752e-05 1.45835e-05     -9.8092 1546
              60.508 1.83062e-05  0.00299725  0.00714214   2.93372 0.0130997   1.95175 -0.0125349  0.0104201  0.0268456  3.95512e-05 -2.44952e-05 -6.11726e-05 -0.000416336 -0.000139662  -0.00803003 4.00721e-05 1.46102e-05     -9.8092 1542
              60.608 0.000103708  0.00309047  0.00708584   2.93246 0.0144678   1.95431 -0.00917098   0.0112031   0.0277155  4.08249e-05 -2.35224e-05 -6.15863e-05 -0.000417846 -0.000139266  -0.00802951 4.02191e-05 1.45737e-05     -9.8092 1536
              60.708 0.000120775  0.00300187  0.00703085   2.93171 0.0158498   1.95707 -0.00553797   0.0107085   0.0279507  4.18485e-05 -2.34728e-05 -6.24676e-05  -0.00041877 -0.000139415  -0.00802943 4.03072e-05 1.45884e-05     -9.8092 1531
              60.812 8.83861e-05  0.00298795  0.00702196   2.93111 0.0171466   1.96014 -0.00331929   0.0108099    0.029202  4.27024e-05 -2.31637e-05 -6.31633e-05 -0.000418481 -0.000138271  -0.00802984  4.0278e-05 1.44801e-05     -9.8092 1522
              60.916 3.85981e-05  0.00311035  0.00706482   2.93071 0.0183793    1.9631 -0.00110292   0.0108627   0.0296967   4.3242e-05 -2.24465e-05 -6.43868e-05 -0.000419403 -0.000137264  -0.00802944 4.03688e-05 1.43853e-05     -9.8092 1518
              61.016 1.35505e-06  0.00317775  0.00703903   2.93073 0.0195046    1.9661 0.0027176 0.0110677 0.0304865  4.38273e-05 -2.22588e-05 -6.54202e-05 -0.000419142 -0.000135294  -0.00802941 4.03458e-05 1.41986e-05     -9.8092 1512
              61.116 -8.53508e-05   0.00315749   0.00707255   2.93105 0.0206671   1.96917 0.00683906   0.011823  0.0325445  4.42286e-05 -2.20114e-05 -6.68676e-05 -0.000417866 -0.000132992  -0.00802911 4.02286e-05 1.39797e-05     -9.8092 1507
              61.224 0.000678554  0.00268138  0.00711938   2.93182 0.0218214   1.97279 0.00825693  0.0105425  0.0267863  4.45297e-05 -2.21073e-05 -6.73095e-05 -0.000416513 -0.000130129  -0.00803025 4.00953e-05 1.37082e-05     -9.8092 1503
              61.328 0.00170957 0.00204096 0.00716066   2.93274 0.0228165   1.97548  0.0111958 0.00971838  0.0234011  4.48885e-05 -2.20236e-05 -6.84596e-05 -0.000415218 -0.000126892  -0.00803062 3.99727e-05  1.3401e-05     -9.8092 1498
              61.428 0.00194263  0.0019234 0.00713666   2.93377 0.0234564   1.97739  0.0124113 0.00844245  0.0246638   4.4105e-05 -2.14081e-05 -6.91552e-05 -0.000414956 -0.000126105  -0.00802884 3.99596e-05 1.33258e-05     -9.8092 1495
              61.528  0.0013377 0.00176163 0.00713639   2.93501 0.0241368   1.97965  0.0144316 0.00784056  0.0259608  4.37894e-05 -2.12732e-05 -6.99774e-05 -0.000414593 -0.000125114  -0.00802786  3.9932e-05 1.32314e-05     -9.8092 1491
               61.64 0.000718825  0.00159933  0.00715844   2.93656 0.0247613   1.98232  0.0148273 0.00655544  0.0273558  4.32187e-05 -2.07399e-05 -7.09361e-05 -0.000415096 -0.000122747  -0.00802666 3.99888e-05 1.30073e-05     -9.8092 1483
              61.736 0.000412425   0.0013179  0.00713874    2.9379 0.0249685   1.98469  0.0147559 0.00551355  0.0276024   4.1802e-05 -2.03253e-05 -7.11708e-05 -0.000415499 -0.000122492  -0.00802544 4.00346e-05 1.29831e-05     -9.8092 1478
               61.84  0.00018025 0.000978584  0.00712189   2.93925 0.0251345   1.98709  0.0150274 0.00419235  0.0287112  4.05605e-05 -1.94389e-05 -7.13774e-05 -0.000415116 -0.000121941  -0.00802343 4.00109e-05   1.293e-05     -9.8092 1470
              61.944 8.09965e-05 0.000894453  0.00704387   2.94079 0.0251514   1.98975  0.0161263 0.00234353  0.0281199  3.93803e-05  -1.9101e-05 -7.20949e-05 -0.000415414 -0.000120947  -0.00802216 4.00476e-05 1.28357e-05     -9.8092 1462
              62.048  4.2075e-05 0.000823884  0.00700418    2.9422 0.0249745   1.99216   0.015228 0.00238911  0.0276891  3.77596e-05 -1.80575e-05 -7.23539e-05 -0.000415294 -0.000121444  -0.00802021 4.00474e-05 1.28818e-05     -9.8092 1458
              62.148 -6.09813e-05  0.000667026   0.00697944   2.94358 0.0246611   1.99411  0.0151932 0.00164686  0.0258011  3.59439e-05 -1.73911e-05 -7.25729e-05  -0.00041588 -0.000121424  -0.00801719 4.01208e-05 1.28792e-05     -9.8092 1451
              62.248  2.6028e-05 0.000568543  0.00696678   2.94504 0.0245555    1.9961  0.0157067 0.00235305  0.0245335  3.47161e-05 -1.70558e-05 -7.27829e-05 -0.000415678 -0.000122464  -0.00801498 4.01139e-05 1.29766e-05     -9.8092 1441
              62.348 2.22906e-05 0.000446655  0.00708441   2.94648 0.0244131   1.99779  0.0151622 0.00183523  0.0219532  3.34974e-05 -1.64367e-05 -7.29599e-05 -0.000416515 -0.000121817  -0.00801237 4.02089e-05  1.2915e-05     -9.8092 1436
              62.448 0.000229618 0.000166465  0.00713782   2.94796 0.0241614   1.99925   0.0153631 0.000612774   0.0202847  3.22267e-05 -1.61591e-05  -7.2091e-05 -0.000417472  -0.00012172  -0.00800984 4.03141e-05 1.29055e-05     -9.8092 1429
              62.548  0.000496151 -6.11565e-05   0.00719119   2.94946 0.0238754   2.00082   0.0144922 0.000831242   0.0177086  3.07883e-05 -1.60916e-05 -7.12873e-05 -0.000417676 -0.000121816   -0.0080082 4.03428e-05  1.2914e-05     -9.8092 1420
              62.648  0.000975724 -0.000313295   0.00724269   2.95084 0.0236514   2.00195   0.0131333 0.000249998   0.0147041  2.97988e-05 -1.57635e-05 -7.09948e-05 -0.000418222 -0.000121572  -0.00800613 4.04065e-05 1.28905e-05     -9.8092 1417
              62.752   0.00130646 -0.000356511   0.00724467   2.95219 0.0232442   2.00251    0.012751 6.48849e-05   0.0109888  2.85998e-05 -1.57801e-05 -7.08613e-05 -0.000417567 -0.000120074  -0.00800291 4.03639e-05 1.27473e-05     -9.8092 1410
              62.852   0.00152494 -0.000435627     0.007266   2.95335 0.0229826   2.00274    0.011258 -0.00212492  0.00719938  2.80214e-05 -1.54806e-05  -7.0446e-05 -0.000417375 -0.000119504  -0.00800025  4.0361e-05 1.26923e-05     -9.8092 1403
               62.96   0.00194883 -0.000745481   0.00709271   2.95456 0.0222583   2.00226   0.0100561 -0.00391685  0.00307402  2.66659e-05 -1.57384e-05 -6.99315e-05 -0.000417129 -0.000118434  -0.00799592 4.03627e-05 1.25894e-05     -9.8092 1398
               63.06  0.00187785 -0.00104383  0.00699145  2.95571 0.021397  2.00189  0.00976008 -0.00656969  0.00127974  2.57761e-05 -1.63285e-05 -7.05093e-05 -0.000417461  -0.00011662  -0.00799365  4.0408e-05 1.24174e-05     -9.8092 1395
              63.168  0.00178652 -0.00132917  0.00704953  2.95665 0.020117  2.00106  0.00751798 -0.00925146 -0.00198056  2.43213e-05 -1.61568e-05 -7.00164e-05  -0.00041706 -0.000115568  -0.00799054  4.0388e-05 1.23166e-05     -9.8092 1391
              63.268  0.00179206 -0.00164388  0.00706482   2.95733 0.0186912   1.99999  0.00477442  -0.0114895 -0.00597321   2.3199e-05 -1.65043e-05 -6.91958e-05 -0.000415985 -0.000114654  -0.00798783 4.03019e-05 1.22287e-05     -9.8092 1388
              63.368  0.00193063 -0.00162794   0.0071494   2.95789 0.0171519   1.99778  0.00274494  -0.0130665 -0.00887601  2.25637e-05 -1.73141e-05 -6.89587e-05 -0.000415246 -0.000111664  -0.00798196 4.02659e-05 1.19439e-05     -9.8092 1384
              63.476  0.00188928 -0.00149528  0.00727217   2.95809 0.0153686   1.99579 0.000578809  -0.0145192    -0.01283  2.16778e-05 -1.74307e-05 -6.80768e-05 -0.000414794 -0.000110384  -0.00797877 4.02413e-05 1.18217e-05     -9.8092 1378
              63.576  0.00183924 -0.00153044  0.00737234  2.95823 0.013619  1.99385 -0.00144358  -0.0157801  -0.0152456  2.11123e-05 -1.81406e-05 -6.79952e-05 -0.000414995 -0.000108648  -0.00797668 4.02728e-05 1.16574e-05     -9.8092 1373
              63.684  0.00177573 -0.00180794  0.00750464   2.95819 0.0115877    1.9914 -0.00261629  -0.0173725  -0.0175025  2.03301e-05 -1.90388e-05 -6.72132e-05 -0.000413935 -0.000107963  -0.00797395 4.01878e-05 1.15914e-05     -9.8092 1367
              63.788  0.00144251 -0.00169859  0.00760703    2.95801 0.00953394    1.98896 -0.00375753  -0.0180253  -0.0195815  1.99729e-05 -1.99313e-05 -6.69247e-05 -0.000412949 -0.000105943  -0.00797183 4.01073e-05 1.13996e-05     -9.8092 1363
              63.888  0.00124412 -0.00143152  0.00775333    2.95774 0.00756102    1.98637  -0.005092 -0.0193213 -0.0200357  2.00103e-05 -2.02189e-05 -6.66527e-05 -0.000414161 -0.000103862  -0.00796952 4.02356e-05 1.12034e-05     -9.8092 1362
              63.996 0.00090036 -0.0011941 0.00784203    2.95715 0.00531894    1.98307 -0.00645216  -0.0208232  -0.0194621  2.01796e-05 -2.04277e-05  -6.5797e-05 -0.000413069 -0.000100962  -0.00796512 4.01576e-05  1.0928e-05     -9.8092 1356
              64.096  0.00070061 -0.00110411  0.00795157    2.95649 0.00303945    1.98018 -0.00661177  -0.0215583   -0.019084  1.98406e-05 -2.07144e-05 -6.49672e-05 -0.000411535 -9.99503e-05  -0.00796159 4.00318e-05 1.08309e-05     -9.8092 1355
                64.2  0.000462543 -0.000963311   0.00798917     2.95571 0.000837866     1.97779 -0.00721988  -0.0218931  -0.0179535  2.00345e-05 -2.07989e-05  -6.4241e-05 -0.000410044  -0.00010016   -0.0079598 3.99001e-05 1.08494e-05     -9.8092 1347
                64.3 0.000215353 -0.00087616  0.00802237     2.95511 -0.00136562     1.97537 -0.00870446  -0.0229261  -0.0169606  2.07436e-05 -2.14931e-05 -6.38512e-05  -0.00040931 -9.73693e-05  -0.00795735 3.98454e-05 1.05854e-05     -9.8092 1342
              64.404   1.7877e-05 -0.000566483   0.00796994     2.95438 -0.00359783     1.97343 -0.00940813  -0.0220766  -0.0149672  2.14508e-05 -2.22014e-05 -6.33446e-05 -0.000409852  -9.5854e-05  -0.00795628  3.9903e-05 1.04429e-05     -9.8092 1339
              64.508 -0.00020311 0.000107218  0.00786158     2.95347 -0.00576123     1.97168 -0.00879255  -0.0210377  -0.0123592  2.22056e-05 -2.22012e-05 -6.24817e-05 -0.000411149 -9.41191e-05  -0.00795498 4.00334e-05 1.02801e-05     -9.8092 1334
              64.608 -0.000597946  0.000804739   0.00780399     2.95268 -0.00775882     1.97001 -0.00691528  -0.0202681  -0.0109601  2.26229e-05 -2.22011e-05 -6.15424e-05 -0.000411497 -9.36863e-05  -0.00795322 4.00755e-05 1.02394e-05     -9.8092 1329
              64.716 -0.00103405  0.00135705  0.00780601     2.95188 -0.00976044     1.96838 -0.00591325  -0.0193897  -0.0107573  2.36513e-05 -2.15204e-05 -6.08998e-05 -0.000412339 -9.17578e-05  -0.00795146 4.01652e-05 1.00578e-05     -9.8092 1328
              64.816 -0.00133502  0.00145628  0.00772309    2.95111 -0.0114796    1.96708 -0.0033843  -0.017363 -0.0112404  2.41612e-05 -2.03699e-05 -6.04243e-05 -0.000412145 -9.14242e-05  -0.00795074 4.01506e-05 1.00257e-05     -9.8092 1324
              64.916 -0.00138139   0.0014528  0.00774897    2.95065 -0.0129527    1.96602 -0.0026651 -0.0161826 -0.0114771  2.51462e-05 -1.97464e-05 -5.99943e-05 -0.000412105 -9.02701e-05  -0.00795104 4.01458e-05 9.91648e-06     -9.8092 1321
              65.016 -0.00134498  0.00173915  0.00773555    2.95047 -0.0143321    1.96485 -0.000437009    -0.013984   -0.0116414  2.57865e-05 -1.94612e-05 -5.91706e-05 -0.000412801 -9.00563e-05    -0.007951 4.02116e-05 9.89675e-06     -9.8092 1319
              65.124 -0.00160133  0.00228201  0.00773231    2.95017 -0.0154655    1.96336 0.00119091 -0.0110165 -0.0122119  2.68058e-05 -1.77851e-05 -5.85325e-05 -0.000414316 -8.99743e-05  -0.00795029 4.03577e-05 9.88943e-06     -9.8092 1312
              65.228 -0.00186758  0.00245892   0.0076695    2.94993 -0.0162624    1.96174 0.00287124 -0.0092588 -0.0116786  2.76644e-05 -1.58603e-05 -5.80512e-05 -0.000415597 -9.05019e-05  -0.00794887 4.04849e-05 9.93933e-06     -9.8092 1307
              65.328 -0.00216702  0.00263915   0.0077518   2.94989 -0.016879   1.96031   0.0049203 -0.00744205  -0.0106077  2.84813e-05 -1.38777e-05  -5.8107e-05 -0.000417269 -9.09041e-05  -0.00794761 4.06482e-05 9.97768e-06     -9.8092 1298
              65.428 -0.0022889   0.002821 0.00776009    2.95006 -0.0172669    1.95907  0.00610148 -0.00565561 -0.00998782  2.94391e-05 -1.22055e-05 -5.74656e-05 -0.000418555 -9.11724e-05  -0.00794683 4.07728e-05 1.00032e-05     -9.8092 1288
              65.528 -0.00196499   0.0025771  0.00772445    2.95037 -0.0176092    1.95772  0.00697579 -0.00533762 -0.00911932  2.99601e-05 -1.04961e-05 -5.69488e-05 -0.000419536 -9.25287e-05  -0.00794541 4.08709e-05 1.01311e-05     -9.8092 1285
              65.628 -0.00149223    0.002273  0.00773718    2.95086 -0.0176285    1.95667    0.010524 -0.00301276 -0.00834165  3.15745e-05 -8.87724e-06 -5.68965e-05 -0.000420188 -9.21374e-05   -0.0079446 4.09358e-05  1.0094e-05     -9.8092 1283
              65.728 -0.00121281  0.00223763  0.00768281    2.95171 -0.0177802     1.9558   0.0141354 -0.00126864 -0.00722705  3.15901e-05 -7.43258e-06 -5.62791e-05 -0.000420472 -9.32485e-05  -0.00794427 4.09632e-05 1.01983e-05     -9.8092 1281
              65.828 -0.00112576  0.00218074  0.00760599    2.95277 -0.0175956    1.95482    0.015098  0.00131662 -0.00637713  3.21656e-05 -5.71349e-06 -5.55192e-05 -0.000421244 -9.38388e-05  -0.00794331 4.10399e-05 1.02538e-05     -9.8092 1279
              65.928 -0.00100055  0.00220442  0.00751927    2.95392 -0.0172137    1.95355   0.0174745  0.00284915 -0.00627052  3.30257e-05 -3.81468e-06 -5.53054e-05 -0.000421577 -9.34043e-05  -0.00794104 4.10821e-05 1.02123e-05     -9.8092 1277
              66.028 -0.000789452   0.00245483   0.00740538    2.95525 -0.0169524    1.95285   0.0197366   0.0019269 -0.00467592  3.31912e-05 -1.56763e-06 -5.58999e-05 -0.000421635 -9.33546e-05  -0.00794051   4.109e-05 1.02066e-05     -9.8092 1274
              66.128 -0.000543645   0.00275859     0.007311    2.95673 -0.0165365    1.95219   0.0209508   0.0031043 -0.00369754  3.39437e-05  8.62645e-07 -5.54101e-05   -0.0004222 -9.36198e-05  -0.00793965 4.11466e-05  1.0231e-05     -9.8092 1273
              66.228 -0.000486679   0.00255789   0.00731728    2.95838 -0.0160994    1.95129  0.0220045 0.00369033 -0.0038713  3.45863e-05  2.88259e-06 -5.51558e-05 -0.000423058 -9.26259e-05  -0.00793776 4.12369e-05 1.01372e-05     -9.8092 1271
              66.328 -0.000809321   0.00224823   0.00722071    2.96008 -0.0155395    1.95053   0.0243067  0.00519263 -0.00353591  3.53713e-05  5.87802e-06 -5.53353e-05 -0.000425058 -9.18363e-05   -0.0079363 4.14324e-05 1.00632e-05     -9.8092 1268
              66.428 -0.00120027  0.00165514  0.00713849    2.96192 -0.0148934    1.94978   0.0255529  0.00590871 -0.00332606  3.58544e-05  8.79456e-06 -5.55017e-05 -0.000426852 -9.12759e-05  -0.00793473  4.1609e-05 1.00107e-05     -9.8092 1264
              66.532 -0.00128569   0.0012313  0.00714454    2.96381 -0.0142865    1.94901   0.0258645   0.0062636 -0.00450898  3.60518e-05  1.20284e-05 -5.62767e-05 -0.000427739  -9.0502e-05  -0.00793326 4.16998e-05 9.93737e-06     -9.8092 1260
              66.632 -0.00108686  0.00108399  0.00712532    2.96564 -0.0135312    1.94808   0.0254158  0.00761241 -0.00382851  3.65555e-05  1.52667e-05 -5.67443e-05  -0.00042939 -8.97439e-05  -0.00793131 4.18645e-05  9.8662e-06     -9.8092 1256
              66.732 -0.000846079  0.000984927   0.00711991    2.96749 -0.0128998    1.94737  0.0254857 0.00837515   -0.00327  3.60237e-05  1.78848e-05 -5.75309e-05 -0.000428952 -8.89959e-05  -0.00793002 4.18296e-05 9.79455e-06     -9.8092 1249
              66.832 -0.000780342  0.000744684    0.0070201    2.96935 -0.0122167    1.94702   0.0247213  0.00989041 -0.00342909  3.52097e-05  2.03747e-05 -5.78469e-05 -0.000428436 -8.92646e-05   -0.0079301 4.17807e-05 9.81875e-06     -9.8092 1247
              66.932 -0.000751423  0.000293183   0.00705917    2.97131 -0.0113397    1.94661   0.0254416  0.00967788 -0.00318049  3.48513e-05  2.23589e-05 -5.89419e-05 -0.000427647 -8.86152e-05  -0.00792992 4.17077e-05 9.75649e-06     -9.8092 1245
              67.032 -0.000609298  0.000200143   0.00701076      2.973 -0.0104567     1.9462   0.0249591   0.0103625 -0.00352019  3.46915e-05  2.56449e-05 -5.95281e-05 -0.000427355 -8.79506e-05  -0.00792975 4.16815e-05 9.69301e-06     -9.8092 1244
              67.136 -0.000655447 -2.89263e-05    0.0070774     2.97496 -0.00965484     1.94581   0.0239224   0.0115458 -0.00441095  3.35278e-05  2.78425e-05 -6.04934e-05 -0.000426948 -8.71172e-05  -0.00792998  4.1643e-05 9.61388e-06     -9.8092 1241
              67.236 -0.000871153 -0.000161649   0.00720117     2.97678 -0.00891352     1.94495     0.02321   0.0114904 -0.00577067  3.22166e-05  2.98113e-05 -6.04191e-05 -0.000426464 -8.60272e-05  -0.00792874 4.16036e-05 9.51049e-06     -9.8092 1240
               67.34 -0.000972283 -0.000296762   0.00719022     2.97843 -0.00799416     1.94372   0.0220141   0.0123101 -0.00559095  3.08844e-05  3.24519e-05 -6.02405e-05 -0.000425908 -8.67312e-05  -0.00792647   4.156e-05 9.57575e-06     -9.8092 1238
              67.444  -0.00100459 -0.000524204   0.00725499     2.97998 -0.00711056     1.94265   0.0200215   0.0114156 -0.00470893 2.95676e-05 3.51667e-05 -5.9324e-05 -0.000426401 -8.75086e-05  -0.00792451 4.16138e-05 9.64879e-06     -9.8092 1236
              67.544 -0.000787941 -0.000846996   0.00733851     2.98123 -0.00632945     1.94188   0.0175105   0.0111547 -0.00389698  2.81534e-05  3.79088e-05 -5.87503e-05 -0.000427362 -8.70945e-05  -0.00792338 4.17092e-05 9.61024e-06     -9.8092 1234
              67.648 -0.000394387  -0.00116542   0.00734543     2.98229 -0.00553409     1.94109  0.0145292  0.0104834 -0.0019674  2.68994e-05  4.03375e-05 -5.82447e-05 -0.000427003  -8.6699e-05   -0.0079217 4.16823e-05 9.57239e-06     -9.8092 1231
              67.748 -0.000229872  -0.00149727   0.00739684     2.98318 -0.00484921     1.94072    0.0120736    0.0102738 -0.000712442  2.56788e-05  4.21521e-05 -5.79424e-05 -0.000427484 -8.58572e-05  -0.00792078 4.17319e-05 9.49336e-06     -9.8092 1229
              67.848 -0.000267702  -0.00153183   0.00738084     2.98393 -0.00432314     1.94103    0.0105147   0.00954323 -0.000100442  2.38201e-05  4.30029e-05 -5.73362e-05 -0.000423923 -8.58338e-05  -0.00792207 4.13917e-05 9.48883e-06     -9.8092 1226
              67.948 -0.000260585   -0.0016435   0.00732821     2.98459 -0.00365844     1.94065   0.00858127   0.00787777 -0.000297971    2.321e-05  4.42311e-05 -5.68957e-05 -0.000423841 -8.45692e-05  -0.00792061 4.13905e-05  9.3695e-06     -9.8092 1224
              68.048 -0.000267726   -0.0018295   0.00727721      2.9851 -0.00335236     1.94074    0.0054816   0.00856998 -2.34524e-05  2.13009e-05  4.49853e-05 -5.66776e-05 -0.000422627 -8.42019e-05    -0.007921 4.12751e-05 9.33419e-06     -9.8092 1221
              68.148 -0.000368086  -0.00196545   0.00721167     2.98532 -0.00278694     1.94013   0.00328084   0.00806411 -0.000270635  2.03074e-05  4.60164e-05 -5.51411e-05 -0.000422965 -8.46751e-05  -0.00791876 4.13149e-05 9.37835e-06     -9.8092 1217
              68.248 -0.000444765  -0.00213961   0.00721472     2.98531 -0.00229095     1.93976  0.000583382   0.00854542 -0.000711494  1.92706e-05  4.69002e-05 -5.42845e-05 -0.000423207 -8.39295e-05  -0.00791761 4.13425e-05 9.30811e-06     -9.8092 1213
              68.352 -0.000650047  -0.00217801    0.0072075     2.98535 -0.00195393     1.93956   -0.0015302   0.00807448 -0.000667009  1.72787e-05   4.6638e-05 -5.30415e-05 -0.000423179 -8.37671e-05  -0.00791715 4.13417e-05 9.29264e-06     -9.8092 1210
              68.456 -0.00065491 -0.00211488  0.00722977     2.98526 -0.00141161     1.93888 -0.00370563  0.00870587 -0.00111049  1.59275e-05  4.62966e-05 -5.19267e-05 -0.000424818 -8.46418e-05  -0.00791503 4.15029e-05 9.37529e-06     -9.8092 1205
               68.56 -0.000652805  -0.00234282   0.00722173        2.985 -0.000819122      1.93833  -0.00640892    0.0083108 -0.000269493 1.48608e-05 4.57664e-05 -5.1089e-05 -0.000426669 -8.41271e-05  -0.00791336 4.16836e-05 9.32756e-06     -9.8092 1201
               68.66 -0.000811665  -0.00256111    0.0072087      2.98443 -0.000425754      1.93773 -0.00763361  0.00763813 -0.00106243  1.33495e-05   4.5548e-05 -5.00543e-05 -0.000428112 -8.47688e-05  -0.00791118 4.18267e-05 9.38806e-06     -9.8092 1197
               68.76 -0.000873126  -0.00244052   0.00714477      2.98376 -8.70788e-05       1.9375   -0.0099587   0.00829337 -0.000309487  1.19009e-05  4.47955e-05 -5.01503e-05 -0.000428918 -8.31071e-05  -0.00791069 4.19055e-05 9.23217e-06     -9.8092 1188
              68.864 -0.000988884  -0.00230819   0.00717364     2.98291 0.000485476     1.93669  -0.0113129   0.0091494 -0.00190707  1.06104e-05   4.4086e-05 -4.92327e-05 -0.000429695 -8.35141e-05  -0.00790813 4.19876e-05 9.26983e-06     -9.8092 1182
              68.968 -0.00114541 -0.00239991  0.00714285    2.98192 0.00122542    1.93617 -0.0137976   0.010107 -0.0034165  9.73608e-06  4.30224e-05 -4.86867e-05 -0.000430141 -8.28994e-05  -0.00790724 4.20332e-05  9.2119e-06     -9.8092 1181
              69.068 -0.00129807 -0.00264596  0.00714625     2.9808 0.00177978    1.93551 -0.0149229  0.0106226 -0.0034816 7.84734e-06 4.17068e-05 -4.7987e-05 -0.000429797 -8.33977e-05  -0.00790605 4.20047e-05 9.25783e-06     -9.8092 1177
              69.168 -0.00140229  -0.0029234  0.00721348    2.97956 0.00252737    1.93466  -0.0171026   0.0114811 -0.00529761  6.50761e-06  4.04885e-05 -4.66293e-05 -0.000430438 -8.43137e-05   -0.0079045 4.20699e-05  9.3435e-06     -9.8092 1173
              69.272 -0.00155011 -0.00319515  0.00727662    2.97804 0.00304141    1.93367  -0.0192712   0.0126506 -0.00566544   4.0204e-06  3.89413e-05 -4.57149e-05 -0.000429945 -8.36149e-05  -0.00790319 4.20287e-05 9.27672e-06     -9.8092 1170
              69.372 -0.00163558 -0.00322774  0.00739234    2.97642 0.00390256    1.93298  -0.0211679   0.0144904 -0.00558763  2.58689e-06  3.76202e-05 -4.50998e-05 -0.000430689  -8.1656e-05  -0.00790285 4.21014e-05 9.09295e-06     -9.8092 1165
              69.476 -0.00159531  -0.0031387  0.00743235     2.9745 0.00473821    1.93198  -0.0221479   0.0143233 -0.00627969 -1.26668e-07  3.64019e-05 -4.39484e-05 -0.000430477 -8.28909e-05  -0.00790147 4.20855e-05 9.20795e-06     -9.8092 1161
              69.576 -0.00174833 -0.00305754  0.00748993    2.97241 0.00577794    1.93119 -0.0239426  0.0165417 -0.0079966 -1.59718e-06  3.57292e-05  -4.2489e-05 -0.000431427 -8.19632e-05  -0.00790105 4.21771e-05 9.12119e-06     -9.8092 1156
              69.684 -0.00154934   -0.002955   0.0074759    2.97027 0.00701253    1.93017  -0.0258287    0.018205 -0.00874349 -3.50549e-06  3.37323e-05 -4.17796e-05 -0.000431513 -8.03164e-05  -0.00790053 4.21883e-05  8.9662e-06     -9.8092 1150
              69.784 -0.00134754 -0.00310741  0.00741454    2.96784 0.00809163    1.92936  -0.0277872   0.0186818 -0.00988613 -6.03554e-06  3.30082e-05 -4.01953e-05 -0.000432143 -7.86338e-05  -0.00790088 4.22475e-05 8.80883e-06     -9.8092 1144
              69.888 -0.00123376 -0.00298721  0.00736482    2.96533 0.00933633     1.9287 -0.0295526  0.0185166 -0.0109827  -8.3996e-06  3.12821e-05 -3.89454e-05 -0.000432125 -7.72637e-05  -0.00790247 4.22408e-05 8.68126e-06     -9.8092 1135
              69.992 -0.000934316  -0.00284896   0.00730157   2.96264 0.0106208   1.92756  -0.031096  0.0188034 -0.0107068 -1.04805e-05  2.96823e-05 -3.75821e-05  -0.00043288 -7.59781e-05  -0.00790245 4.23129e-05 8.56109e-06     -9.8092 1127
              70.096 -0.000836308  -0.00290504   0.00735456   2.95961 0.0119083   1.92656 -0.0326899  0.0185168 -0.0103502 -1.28019e-05  2.84814e-05 -3.64617e-05 -0.000432963 -7.57392e-05  -0.00790288 4.23193e-05 8.53905e-06     -9.8092 1118
              70.196 -0.000974227  -0.00284833   0.00727933   2.95675 0.0132422   1.92583 -0.0346591  0.0185294 -0.0100926 -1.46604e-05  2.67175e-05 -3.45673e-05 -0.000433489 -7.55087e-05  -0.00790397 4.23647e-05  8.5187e-06     -9.8092 1114
              70.296 -0.00108841  -0.0028499  0.00726631    2.9536 0.0143425   1.92485  -0.0375035    0.018312 -0.00850398 -1.71613e-05  2.50301e-05 -3.48939e-05 -0.000434153 -7.42914e-05  -0.00790389 4.24285e-05 8.40493e-06     -9.8092 1111
                70.4  -0.0010462 -0.00298979  0.00727836   2.94998 0.0156352   1.92397  -0.0381541   0.0168077 -0.00664612 -1.92567e-05  2.41911e-05 -3.40294e-05 -0.000435311 -7.47147e-05  -0.00790362 4.25381e-05 8.44529e-06     -9.8092 1106
              70.504 -0.000888045  -0.00302524   0.00727458  2.94642 0.016704  1.92375  -0.0387663   0.0165021 -0.00555816 -2.18289e-05  2.28539e-05 -3.35859e-05 -0.000436186 -7.55269e-05  -0.00790508 4.26139e-05 8.52351e-06     -9.8092 1103
              70.608 -0.000620669  -0.00311986   0.00722683   2.94274 0.0176816   1.92315  -0.0403007    0.015511 -0.00540665 -2.44291e-05  2.14171e-05 -3.24873e-05 -0.000436653 -7.59666e-05  -0.00790484 4.26586e-05 8.56499e-06     -9.8092 1098
              70.708 -0.000100226  -0.00348431   0.00722406   2.93894 0.0188321   1.92308 -0.0424585  0.0144924 -0.0043989 -2.58005e-05  2.03823e-05 -3.15012e-05 -0.000437373 -7.60348e-05  -0.00790635 4.27201e-05 8.57344e-06     -9.8092 1095
              70.808 0.000160319 -0.00359065  0.00726922  2.93479 0.019829  1.92275  -0.0440049   0.0134164 -0.00203242 -2.72926e-05  1.97923e-05  -3.0515e-05 -0.000437345 -7.52327e-05  -0.00790644 4.27178e-05 8.49831e-06     -9.8092 1092
              70.908 0.000285299  -0.0036148  0.00733662    2.9308 0.0208378   1.92248   -0.0439444    0.0125133 -0.000699391 -2.84818e-05  1.84596e-05 -3.02243e-05 -0.000438579 -7.60154e-05  -0.00790581 4.28358e-05 8.57211e-06     -9.8092 1091
              71.008 0.000345269 -0.00372707   0.0073928   2.92664 0.0217002   1.92237  -0.044989  0.0117524 0.00081182 -2.99753e-05  1.77098e-05 -2.94768e-05 -0.000440536 -7.72276e-05   -0.0079053  4.3021e-05 8.68678e-06     -9.8092 1090
              71.108 0.000247042 -0.00358447  0.00740845   2.92226 0.0225393   1.92233 -0.0477462  0.0105684 0.00173404 -3.13053e-05  1.69948e-05 -2.92461e-05 -0.000441841 -7.83145e-05  -0.00790461 4.31457e-05   8.789e-06     -9.8092 1088
              71.208   0.0001565 -0.00342624  0.00735966   2.91756 0.0234127    1.9228 -0.0492598 0.00898914 0.00231001 -3.17113e-05  1.64707e-05 -2.88652e-05 -0.000442502  -7.7779e-05  -0.00790556  4.3204e-05 8.74037e-06     -9.8092 1086
              71.308  0.00016183 -0.00324258  0.00721898    2.9128 0.0239325   1.92306 -0.0511736 0.00847394 0.00326937 -3.31796e-05  1.56935e-05 -2.91571e-05 -0.000443464 -7.91938e-05  -0.00790548 4.32937e-05 8.87374e-06     -9.8092 1085
              71.408 8.03037e-05 -0.00327398  0.00719345  2.90787 0.024582  1.92335 -0.0518977  0.0084727 0.00442183 -3.3828e-05 1.48288e-05 -2.8584e-05 -0.000443554 -7.90925e-05  -0.00790504 4.33043e-05 8.86392e-06     -9.8092 1083
              71.508 7.49639e-05 -0.00297539  0.00721237  2.90301 0.025312  1.92357 -0.0520608 0.00825876 0.00597588 -3.42426e-05   1.3848e-05 -2.85294e-05 -0.000444516  -7.9516e-05   -0.0079039 4.33997e-05 8.90314e-06     -9.8092 1082
              71.608 0.000203682 -0.00282641  0.00726611   2.89798 0.0261279   1.92405  -0.054154 0.00756435 0.00685618 -3.45716e-05    1.285e-05 -2.83332e-05 -0.000444727 -8.18824e-05  -0.00790325 4.34207e-05 9.12452e-06     -9.8092 1080
              71.708 0.000503341 -0.00313318  0.00731235   2.89277 0.0269445   1.92504 -0.0545952 0.00694224 0.00789525 -3.41057e-05  1.19033e-05 -2.77912e-05 -0.000445176 -8.06931e-05  -0.00790425 4.34588e-05  9.0147e-06     -9.8092 1076
              71.808 0.00060913 -0.0033451 0.00733414  2.88758 0.027747  1.92626 -0.0553812 0.00635599 0.00938252 -3.34494e-05  1.07843e-05 -2.71883e-05 -0.000444947  -8.0229e-05  -0.00790552 4.34314e-05 8.97275e-06     -9.8092 1073
              71.908 0.000461969  -0.0033875  0.00735984    2.8823 0.0283631   1.92757 -0.0560927 0.00617947  0.0106474 -3.36816e-05  9.62448e-06 -2.72799e-05  -0.00044485 -8.11476e-05  -0.00790687 4.34148e-05  9.0606e-06     -9.8092 1072
              72.016 0.000348729 -0.00321653  0.00735235   2.8763 0.029157  1.92938  -0.057008 0.00552645  0.0117496 -3.29309e-05  9.06915e-06 -2.66937e-05 -0.000444224 -7.95949e-05  -0.00790927 4.33451e-05 8.91771e-06     -9.8092 1068
              72.116 0.000337661 -0.00305155  0.00737707  2.87081 0.029709  1.93064 -0.0587628 0.00499454  0.0119237 -3.27471e-05  8.12013e-06 -2.60004e-05 -0.000444541 -7.87529e-05  -0.00790949 4.33743e-05 8.83948e-06     -9.8092 1065
              72.216 0.000473449 -0.00293172  0.00736999   2.86503 0.0302116   1.93142 -0.0585466 0.00404985  0.0130226 -3.27441e-05  7.78805e-06 -2.52091e-05 -0.000445711 -7.91264e-05  -0.00790761 4.34936e-05 8.87302e-06     -9.8092 1062
              72.316 0.000673699 -0.00250659  0.00729248   2.85927 0.0306471   1.93311 -0.0587498 0.00376916  0.0138383 -3.25715e-05  7.47034e-06 -2.46159e-05 -0.000445649 -7.90172e-05  -0.00790891 4.34809e-05 8.86443e-06     -9.8092 1057
              72.416 0.000924398 -0.00192751  0.00718972   2.85363 0.0311159   1.93427 -0.0591006 0.00322376  0.0135253 -3.22506e-05  6.20111e-06 -2.27121e-05 -0.000443678 -7.97805e-05  -0.00790816 4.32996e-05 8.93372e-06     -9.8092 1052
              72.516 0.000946642 -0.00179277   0.0070779   2.84781 0.0314151   1.93507 -0.0596153 0.00159053  0.0144968 -3.21069e-05  6.09506e-06 -2.18565e-05 -0.000445355 -8.03167e-05  -0.00790579 4.34693e-05 8.98217e-06     -9.8092 1045
              72.624 0.000697052 -0.00178558  0.00690011   2.84173 0.0316159   1.93665 -0.0592756 0.00127431  0.0137047 -3.20972e-05  4.80386e-06 -2.14451e-05 -0.000444212 -8.10757e-05  -0.00790598 4.33605e-05 9.05284e-06     -9.8092 1040
              72.728 0.000585045 -0.00142603  0.00680177   2.83584 0.0318065   1.93786  -0.0584546 0.000153241   0.0134674 -3.15467e-05  3.79083e-06 -1.96257e-05 -0.000443225 -8.14089e-05  -0.00790525 4.32718e-05 9.08253e-06     -9.8092 1038
              72.832 0.000554634 -0.00105014  0.00669977   2.83007 0.0319501   1.93891   -0.0572669 -0.000484945    0.0125603 -3.12075e-05  3.01601e-06 -1.89368e-05 -0.000442891   -8.199e-05  -0.00790421 4.32461e-05 9.13546e-06     -9.8092 1034
              72.936  0.000807415 -0.000648515   0.00660849   2.82436 0.0318769   1.93975 -0.0558026 -0.0020021  0.0126575 -3.12096e-05  2.30497e-06 -1.73794e-05 -0.000442514 -8.28655e-05  -0.00790254 4.32198e-05 9.21509e-06     -9.8092 1030
              73.036   0.00116924 -0.000290416   0.00650411   2.81902 0.0318794   1.94003  -0.0551172 -0.00268505   0.0124261 -3.02294e-05  1.66356e-06 -1.64674e-05 -0.000443002 -8.26643e-05  -0.00789882 4.32876e-05 9.19192e-06     -9.8092 1024
              73.136  0.00155887 0.000252393  0.00650132   2.81392 0.0318883   1.94012  -0.0536266 -0.00264479   0.0120767 -2.92296e-05  1.03735e-06 -1.53797e-05 -0.000445448  -8.3139e-05  -0.00789442 4.35427e-05 9.23257e-06     -9.8092 1019
              73.236   0.0015979 0.000750619  0.00654452  2.80887 0.031793  1.94029  -0.0501529 -0.00292732   0.0125667 -2.85923e-05  6.04253e-07 -1.42312e-05 -0.000446518 -8.40996e-05  -0.00789046 4.36662e-05 9.31826e-06     -9.8092 1012
              73.336 0.00148343 0.00117786 0.00655467   2.80424 0.0316383   1.94132  -0.0473231 -0.00383545   0.0129183 -2.75618e-05 -3.22157e-07 -1.26844e-05 -0.000446248 -8.27132e-05  -0.00788955 4.36475e-05 9.18722e-06     -9.8092 1005
               73.44 0.00141696 0.00188976 0.00658873   2.79974 0.0313045   1.94246  -0.0449239 -0.00552806   0.0133121 -2.70808e-05 -1.10514e-06 -1.13635e-05 -0.000447172 -8.28364e-05  -0.00788876 4.37388e-05 9.19845e-06     -9.8092 999
              73.544 0.00149915 0.00252304 0.00661456   2.79574 0.0306229   1.94346  -0.0387676 -0.00845377   0.0140523 -2.72722e-05 -2.47526e-06 -1.02623e-05 -0.000447204 -8.34828e-05  -0.00788702 4.37522e-05  9.2568e-06     -9.8092 994
              73.648 0.00171204 0.00287202  0.0066531   2.79217 0.0299256   1.94478  -0.0344129 -0.00967362   0.0161278   -2.625e-05 -2.96475e-06 -8.63577e-06 -0.000449678  -8.2811e-05  -0.00788608 4.39903e-05 9.19453e-06     -9.8092 989
              73.748 0.00176315 0.00298384 0.00661291   2.78922 0.0292626   1.94641  -0.0297626 -0.00955553   0.0192121 -2.52749e-05 -3.49376e-06 -7.97095e-06 -0.000451618 -8.35708e-05  -0.00788559 4.41745e-05 9.26636e-06     -9.8092 982
              73.848 0.00190287 0.00339644 0.00658997   2.78675 0.0284062   1.94821 -0.0245186  -0.010637  0.0208089 -2.45725e-05 -3.91191e-06 -7.22886e-06 -0.000453958 -8.29263e-05  -0.00788493 4.43983e-05 9.20686e-06     -9.8092 970
              73.948 0.00217888 0.00402184 0.00659832   2.78488 0.0275519    1.9506 -0.0206796 -0.0119797   0.022763 -2.37312e-05 -5.15691e-06 -6.26488e-06 -0.000454872  -8.3357e-05  -0.00788575 4.44785e-05 9.24863e-06     -9.8092 968
              74.048 0.00228254 0.00426057 0.00662616   2.78312 0.0264388   1.95282 -0.0161461 -0.0135487  0.0241312  -2.3185e-05 -5.42264e-06 -5.09904e-06 -0.000455907 -8.40965e-05  -0.00788524 4.45781e-05  9.3179e-06     -9.8092 965
              74.148 0.00214604 0.00452354 0.00662634  2.78195 0.025232  1.95505 -0.0111863 -0.0150499   0.025257 -2.24953e-05 -5.91245e-06 -4.93787e-06 -0.000457558 -8.43105e-05  -0.00788429 4.47387e-05 9.33792e-06     -9.8092 962
              74.248 0.00193174 0.00455244 0.00661301   2.78119 0.0238912   1.95712 -0.00603721  -0.0165697   0.0243776 -2.14773e-05 -6.29325e-06  -4.1229e-06  -0.00045842 -8.40413e-05  -0.00788273 4.48297e-05 9.31162e-06     -9.8092 958
              74.348 0.00174218 0.00467983 0.00658392  2.78099 0.022401  1.95898 -0.000815826   -0.0163002    0.0238248 -2.10037e-05 -6.50524e-06 -3.03451e-06 -0.000459354 -8.47476e-05  -0.00788055 4.49306e-05 9.37598e-06     -9.8092 954
              74.448  0.0014027 0.00479102 0.00657342   2.78121 0.0209796   1.96085 0.00319808 -0.0172049  0.0215314 -2.01622e-05 -6.56193e-06 -1.98643e-06 -0.00046079 -8.5797e-05  -0.0078789 4.50751e-05 9.47337e-06     -9.8092 946
              74.548 0.00124052 0.00461796 0.00655063   2.78176 0.0193627   1.96325 0.00673518 -0.0191571  0.0211365 -1.94121e-05  -6.8992e-06 -1.59735e-06 -0.000461034 -8.51838e-05  -0.00788007  4.5091e-05 9.41731e-06     -9.8092 939
              74.648 0.000891836  0.00457347    0.006471   2.78279 0.0174722   1.96582  0.0111358 -0.0195668  0.0190614 -1.89004e-05 -7.48743e-06 -7.45621e-07 -0.000461285 -8.34842e-05  -0.00788219 4.51022e-05 9.26051e-06     -9.8092 926
              74.756 0.000853784  0.00430905  0.00644435  2.78438 0.015461  1.96792  0.0167042 -0.0202769  0.0175539 -1.79315e-05 -7.74461e-06 -1.19201e-09 -0.000461472  -8.1092e-05  -0.00788271 4.51183e-05 9.03748e-06     -9.8092 921
              74.856 0.00109672 0.00411062 0.00637148   2.78637 0.0137105   1.96988  0.0211994 -0.0205741   0.015646 -1.66997e-05 -8.26128e-06  7.72829e-07 -0.000461742 -7.99865e-05  -0.00788371 4.51382e-05 8.93514e-06     -9.8092 916
              74.956 0.000937622  0.00391656  0.00636713   2.78879 0.0116435   1.97131  0.0258658 -0.0217556  0.0146337 -1.66075e-05 -8.28125e-06  2.21043e-06 -0.000462633 -8.04211e-05  -0.00788338 4.52234e-05 8.97603e-06     -9.8092 912
               75.06 0.000585947  0.00368867  0.00637609    2.79175 0.00972127    1.97209  0.0274627 -0.0222056  0.0117255 -1.54144e-05 -8.62613e-06  2.60079e-06 -0.000463569 -8.06866e-05  -0.00788103 4.53254e-05 8.99956e-06     -9.8092 908
               75.16 9.7572e-05 0.00353296 0.00643405   2.79472 0.0079029   1.97244  0.0304004 -0.0211051 0.00775283 -1.40228e-05  -8.6092e-06  2.59224e-06 -0.000464613 -7.99147e-05   -0.0078786 4.54387e-05 8.92631e-06     -9.8092 905
               75.26 -9.94428e-05   0.00330433   0.00637576    2.79801 0.00598888    1.97264  0.0332116 -0.0204994 0.00535853 -1.36363e-05   -9.048e-06  2.58041e-06 -0.000464575 -8.17372e-05  -0.00787685 4.54447e-05 9.09524e-06     -9.8092 898
               75.36 -0.00024939  0.00305994  0.00638245   2.80146 0.0045685   1.97256  0.0357264 -0.0194616 0.00221652 -1.13971e-05   -8.788e-06  3.14574e-06 -0.000465527 -8.07045e-05   -0.0078751 4.55453e-05 8.99831e-06     -9.8092 893
              75.464 -0.00024836  0.00265461  0.00634566    2.80534 0.00280832    1.97187   0.0381603  -0.0181386 -0.00156917 -1.08041e-05   -8.818e-06   2.7369e-06  -0.00046626 -8.15154e-05  -0.00787211 4.56312e-05 9.07261e-06     -9.8092 880
              75.564 -0.000362188    0.0023327   0.00640066    2.80933 0.00130654    1.97079   0.0397842  -0.0170088 -0.00380505  -1.0005e-05 -8.92326e-06  2.35473e-06 -0.000466585 -8.17562e-05  -0.00786905 4.56795e-05 9.09345e-06     -9.8092 876
              75.664 -0.000622325   0.00177236   0.00638508     2.81313 0.000192916     1.96999   0.0393153  -0.0158222 -0.00653433 -8.07714e-06   -8.503e-06  3.16827e-06  -0.00046617 -8.15145e-05  -0.00786805  4.5647e-05 9.07022e-06     -9.8092 873
              75.764 -0.000824595   0.00138926   0.00646378     2.81706 -0.00104266      1.9691   0.0398302  -0.0141545 -0.00834244 -7.27271e-06  -8.2168e-06  3.39945e-06 -0.000466983 -8.18125e-05  -0.00786753 4.57259e-05 9.09833e-06     -9.8092 869
              75.868 -0.00109679 0.000955894  0.00655977     2.82107 -0.00196425     1.96802  0.0399756 -0.0120223 -0.0106282 -5.61398e-06 -7.90931e-06  3.83014e-06 -0.000465965 -8.14509e-05  -0.00786709 4.56337e-05 9.06386e-06     -9.8092 861
              75.968 -0.00133353  0.00059362  0.00657912     2.82502 -0.00278634     1.96676   0.0406436 -0.00973123  -0.0126906 -4.61496e-06 -7.51331e-06  4.30131e-06 -0.000465887 -8.14805e-05  -0.00786666  4.5629e-05 9.06648e-06     -9.8092 853
              76.068 -0.00169568 0.000344492  0.00654864     2.82909 -0.00358602     1.96551   0.0403236 -0.00847029  -0.0141987 -4.40406e-06 -7.46552e-06  4.47609e-06 -0.000466558 -8.19813e-05  -0.00786695 4.56898e-05 9.11378e-06     -9.8092 853
              76.168 -0.00183505 0.000406475  0.00651537     2.83291 -0.00414771     1.96408   0.0394619 -0.00561067  -0.0159133 -4.09077e-06  -6.6729e-06  3.90285e-06 -0.000467401 -8.27908e-05  -0.00786714 4.57669e-05 9.19006e-06     -9.8092 853
              76.272 -0.00175602 0.000406063  0.00652079      2.8368 -0.00456326     1.96218  0.0374254 -0.0039021 -0.0181723 -3.70243e-06 -6.20899e-06  3.03453e-06  -0.00046802 -8.29403e-05  -0.00786657 4.58279e-05 9.20423e-06     -9.8092 853
              76.376 -0.00179146 1.10757e-05  0.00644372     2.84063 -0.00483093     1.96007  0.0358965 -0.0022054 -0.0193841 -3.51572e-06  -5.9897e-06  2.60503e-06 -0.000469023 -8.30494e-05   -0.0078659 4.59249e-05 9.21477e-06     -9.8092 853
              76.476  -0.00174842 -0.000417469   0.00639566      2.844 -0.0049075    1.95803   0.0349014 0.000262151  -0.0199232 -3.29338e-06 -5.36935e-06  2.31283e-06 -0.000469422 -8.27963e-05  -0.00786561 4.59639e-05 9.19135e-06     -9.8092 853
              76.576  -0.00185772 -0.000554244   0.00622674     2.84716 -0.00454069     1.95609 0.0334737 0.0019413 -0.019974 -2.49258e-06 -4.43486e-06  1.77581e-06 -0.000469985 -8.27948e-05  -0.00786568 4.60162e-05 9.19171e-06     -9.8092 853
               76.68  -0.00186443 -0.000639206   0.00609708     2.85034 -0.00405669     1.95408  0.0310984 0.00423709  -0.020333 -1.98593e-06 -3.79733e-06  1.13677e-06 -0.000470047 -8.25826e-05  -0.00786613 4.60198e-05 9.17219e-06     -9.8092 853
               76.78  -0.00193116 -0.000839472    0.0060663   2.85299 -0.003399   1.95216  0.0289637 0.00471811 -0.0220068 -1.52252e-06 -2.79614e-06  4.13272e-07 -0.000469629 -8.30195e-05  -0.00786665 4.59778e-05   9.213e-06     -9.8092 853
              76.888 -0.00193957  -0.0009307   0.0060489     2.85586 -0.00273006     1.94979  0.0270206 0.00632695 -0.0221257 -1.24041e-06 -2.08865e-06  2.00993e-07 -0.000470113 -8.32962e-05  -0.00786689 4.60217e-05 9.23925e-06     -9.8092 853
              76.988 -0.00168904 -0.00100759  0.00596423     2.85828 -0.00190663     1.94749  0.0252783 0.00863693  -0.023134 -8.52389e-07 -1.37277e-06 -1.06946e-07 -0.000470611  -8.3352e-05  -0.00786662 4.60694e-05 9.24473e-06     -9.8092 853
              77.088  -0.00170515 -0.000937633   0.00594379     2.86047 -0.00104614     1.94505  0.0226927  0.0101382 -0.0237663 -1.23208e-06 -5.71247e-07 -7.55706e-07 -0.000471118 -8.44123e-05   -0.0078662  4.6118e-05 9.34382e-06     -9.8092 853
              77.188 -0.00160362 -0.00102097    0.005972    2.86258 7.6628e-05    1.94258  0.0210088  0.0121045 -0.0242429 -1.28047e-06 -1.49831e-07 -1.24206e-06 -0.000471414 -8.48073e-05   -0.0078659 4.61468e-05 9.38075e-06     -9.8092 853
              77.288  -0.00173316 -0.000934676   0.00601963    2.86429 0.00136746    1.94008  0.0186857  0.0129377 -0.0251956 -1.22295e-06  1.01599e-06 -1.47776e-06 -0.000472097 -8.54623e-05  -0.00786584 4.62103e-05 9.44229e-06     -9.8092 853
              77.388   -0.0019944 -0.000794029   0.00612598      2.866 0.00269086    1.93743   0.017449  0.0136168 -0.0251588 -1.27212e-06  1.46084e-06  -1.4208e-06 -0.000472822 -8.58817e-05   -0.0078655 4.62792e-05 9.48171e-06     -9.8092 853
              77.488  -0.00202806 -0.000830316   0.00621514    2.86764 0.00406948    1.93487   0.015943  0.0145488 -0.0251085 -1.48605e-06  1.80254e-06 -1.51561e-06 -0.000473566 -8.64692e-05  -0.00786542 4.63486e-05 9.53691e-06     -9.8092 853
              77.588  -0.00223023 -0.000885853   0.00626644    2.86902 0.00580662    1.93244  0.0147813   0.016678 -0.0249959 -1.04679e-06  2.30187e-06 -1.69357e-06 -0.000474006 -8.72265e-05  -0.00786579 4.63875e-05 9.60793e-06     -9.8092 853
              77.688  -0.00192883 -0.000942631   0.00625411    2.87039 0.00753645    1.93014  0.0131172  0.0195148 -0.0232119  -1.3517e-06  2.42726e-06 -1.94569e-06  -0.00047448 -8.80151e-05  -0.00786626 4.64291e-05  9.6819e-06     -9.8092 853
              77.792  -0.00159909 -0.000772833   0.00628111     2.8717 0.00965764     1.9276  0.0125122  0.0208488 -0.0222943 -1.49637e-06  2.69629e-06 -2.20648e-06 -0.000475461 -8.96311e-05  -0.00786567 4.65222e-05 9.83286e-06     -9.8092 853
              77.896  -0.00122594 -0.000475162   0.00621513   2.87316 0.0118777   1.92532  0.0116546  0.0208761 -0.0209621 -1.38876e-06   2.2495e-06 -2.67986e-06 -0.000476631 -8.98495e-05  -0.00786564 4.66313e-05 9.85385e-06     -9.8092 853
              77.996 -0.00111039 -0.00030868  0.00611163   2.87437 0.0139755   1.92346  0.0109673  0.0217054 -0.0189812 -1.5827e-06 2.19589e-06 -3.0861e-06  -0.00047743 -9.02081e-05  -0.00786614 4.67034e-05 9.88794e-06     -9.8092 853
              78.104  -0.00104222 -0.000331991   0.00597901   2.87545 0.0163793   1.92157  0.0100405  0.0220496 -0.0157598 -1.58984e-06  2.43549e-06  -3.8811e-06 -0.000478171 -9.05973e-05  -0.00786602 4.67728e-05 9.92459e-06     -9.8092 853
              78.208 -0.000805846 -9.02716e-05   0.00591737   2.87648 0.0186576   1.92006 0.00970029  0.0206493  -0.013272 -1.52755e-06   2.5865e-06 -4.70887e-06 -0.000479331 -9.07455e-05  -0.00786602 4.68809e-05 9.93906e-06     -9.8092 851
              78.312 -0.00074423 0.000136985  0.00586896   2.87742 0.0208511   1.91884 0.00832236  0.0205029 -0.0102012 -1.42544e-06  3.03763e-06 -4.98516e-06 -0.000481012 -9.07034e-05  -0.00786597 4.70378e-05 9.93609e-06     -9.8092 846
              78.412 -0.000922493 -1.97421e-05   0.00590835   2.87834 0.0228913   1.91786  0.00858151   0.0198465 -0.00800215 -1.42635e-06  3.05136e-06 -5.94803e-06 -0.000482724  -9.0636e-05  -0.00786585  4.7198e-05 9.93073e-06     -9.8092 842
              78.512 -0.000922443 -0.000233042   0.00590707   2.87925 0.0248866   1.91726  0.00854408   0.0194363 -0.00535635 -1.45088e-06  3.04144e-06 -6.24366e-06 -0.000483634 -9.08743e-05  -0.00786613 4.72816e-05 9.95359e-06     -9.8092 837
              78.616 -0.000770477 -8.37596e-05   0.00587832   2.88018 0.0269389   1.91693  0.00819574   0.0193996 -0.00277481 -1.51127e-06  3.02836e-06 -6.66142e-06 -0.000484759 -9.12317e-05  -0.00786639 4.73851e-05 9.98766e-06     -9.8092 824
              78.716 -0.000408377  -0.00013064   0.00599471   2.88103 0.0289097   1.91651  0.00789005   0.0198937 -0.00111001 -1.54205e-06  2.81068e-06  -6.6278e-06 -0.000484482 -9.18097e-05  -0.00786553 4.73624e-05 1.00408e-05     -9.8092 807
              78.816   8.1421e-06 -0.000226893     0.006071   2.88189 0.0309978   1.91644   0.00851172    0.0192881 -9.50175e-06 -1.28981e-06   2.6931e-06 -6.94017e-06  -0.00048475 -9.21457e-05  -0.00786558  4.7387e-05 1.00723e-05     -9.8092 783
              78.916  0.000579352 -0.000293397   0.00612402   2.88259 0.0328134   1.91686 0.00842956  0.0186318 0.00233015 -1.68609e-06   3.0923e-06 -7.40607e-06 -0.000485087 -9.26158e-05  -0.00786673 4.74135e-05  1.0117e-05     -9.8092 749
              79.016  0.000732303 -3.02056e-05   0.00615711   2.88342 0.0347726   1.91748 0.00858979  0.0183816 0.00375774 -1.47634e-06  3.00486e-06 -7.73288e-06 -0.000485487 -9.34258e-05  -0.00786789 4.74457e-05 1.01933e-05     -9.8092 731
               79.12 0.000415664 0.000199871  0.00616586   2.88429 0.0367277   1.91821 0.00771756  0.0181426 0.00508964 -1.47505e-06  2.89115e-06 -7.99119e-06 -0.000485378 -9.45604e-05  -0.00786897 4.74306e-05 1.02996e-05     -9.8092 705
              79.224  0.000106643 -3.49807e-05   0.00605704  2.88512 0.038956  1.91904 0.00639675  0.0178496 0.00492761 -6.04126e-08  2.38637e-06 -8.61737e-06 -0.000484697 -9.35786e-05  -0.00787014 4.73633e-05 1.02087e-05     -9.8092 682
              79.324 -0.000101921 -0.000277027   0.00598562    2.8858 0.0410071   1.91987 0.00613162  0.0172938 0.00510438  1.03905e-06   2.0132e-06 -9.10216e-06 -0.000483672 -9.21158e-05   -0.0078713 4.72642e-05 1.00728e-05     -9.8092 682
              79.428 -0.000168313 -0.000450313   0.00599282   2.88644 0.0429616   1.92074 0.00575725  0.0160043 0.00533298  1.92345e-06  1.55712e-06 -9.57744e-06 -0.000482276 -9.14533e-05  -0.00787258 4.71298e-05 1.00112e-05     -9.8092 682
              79.528 -0.000119627 -0.000653784     0.006035   2.88727 0.0446892   1.92163 0.00620673  0.0166667  0.0061475  2.52142e-06  5.97316e-07 -9.88298e-06 -0.000481306 -9.03754e-05  -0.00787388 4.70352e-05 9.91135e-06     -9.8092 682
              79.632 -0.000169198 -0.000761829   0.00600649   2.88771 0.0466502   1.92247 0.00401958  0.0168574 0.00578123  3.26549e-06  5.95557e-07 -1.08105e-05 -0.000480495 -8.97215e-05  -0.00787483 4.69566e-05 9.85076e-06     -9.8092 682
              79.732  0.000156919 -0.000847862    0.0060458   2.88809 0.0483887   1.92337 0.00281968  0.0171847 0.00487444  3.61913e-06  2.18159e-07 -1.09692e-05 -0.000479247 -8.90958e-05  -0.00787606 4.68361e-05 9.79277e-06     -9.8092 682
              79.832  0.000477148 -0.000654137   0.00611901   2.88835 0.0499763   1.92425 0.00193137  0.0163775 0.00516403  3.45175e-06  -1.6156e-07 -1.12495e-05 -0.000478123 -8.83448e-05  -0.00787724 4.67277e-05 9.72315e-06     -9.8092 682
              79.932  0.000394316 -0.000417095   0.00617893   2.88851 0.0517075   1.92501 -0.000167255    0.0158649   0.00446957  4.02914e-06 -5.77988e-07 -1.07455e-05 -0.000477487 -8.77941e-05  -0.00787824 4.66651e-05 9.67235e-06     -9.8092 682
              80.032  0.000274054 -0.000501121   0.00611605   2.88855 0.0532182   1.92568 -0.00119766   0.0151833  0.00457227  4.09578e-06 -1.26753e-06 -1.09165e-05 -0.000476171 -8.67399e-05  -0.00787913 4.65401e-05 9.57427e-06     -9.8092 682
              80.136  0.000454105 -0.000938395   0.00602805   2.88854 0.0546599   1.92632 -0.00175548   0.0134263  0.00393095   3.9178e-06 -2.04093e-06 -1.10303e-05 -0.000474327 -8.61396e-05  -0.00788003 4.63657e-05 9.51813e-06     -9.8092 682
               80.24 0.000515625  -0.0010301  0.00596657   2.88841 0.0559584   1.92715 -0.00240872   0.0111682  0.00544609  4.03579e-06 -2.56533e-06 -1.07177e-05   -0.0004732 -8.60106e-05   -0.0078813 4.62563e-05 9.50652e-06     -9.8092 682
               80.34 0.000648476  -0.0008844  0.00587731   2.88827 0.0570859   1.92796 -0.00415841  0.00975668  0.00622395  4.14421e-06  -3.4628e-06 -1.06689e-05   -0.0004721 -8.60164e-05  -0.00788221 4.61508e-05  9.5072e-06     -9.8092 682
              80.444  0.000965829 -0.000812969   0.00587133  2.88808 0.057888  1.92891 -0.00476142  0.00937125  0.00624419  3.62374e-06 -4.72699e-06 -1.04071e-05 -0.000470724 -8.54001e-05  -0.00788326 4.60194e-05 9.45003e-06     -9.8092 682
              80.544   0.00117326 -0.000919612   0.00586555   2.88782 0.0585864   1.92973 -0.00559496  0.00725641  0.00550855  3.09279e-06 -5.55161e-06 -1.02594e-05 -0.000470067  -8.5507e-05  -0.00788405 4.59556e-05 9.46026e-06     -9.8092 682
              80.644   0.00136167 -0.000838625   0.00585308  2.88741 0.059187  1.93059 -0.00575896  0.00601881  0.00483585  2.80215e-06  -6.3309e-06 -9.79375e-06 -0.000469017  -8.5468e-05  -0.00788518 4.58541e-05 9.45698e-06     -9.8092 682
              80.748   0.00144037 -0.000762775   0.00588716   2.88692 0.0596292   1.93137 -0.00797995  0.00410957  0.00462504  2.57982e-06 -7.13799e-06 -9.37824e-06 -0.000468412 -8.49372e-05  -0.00788616 4.57947e-05 9.40814e-06     -9.8092 682
              80.848   0.00167767 -0.000592432   0.00586473   2.88647 0.0598912   1.93188 -0.00774105  0.00215634  0.00434475  2.41484e-06 -8.26735e-06 -9.38016e-06 -0.000467805 -8.45227e-05  -0.00788657 4.57371e-05 9.36968e-06     -9.8092 682
              80.956   0.00170412 -0.000605032   0.00585814   2.88595 0.0599083   1.93243 -0.00707498 0.000617288  0.00422893  2.12276e-06  -9.4566e-06 -9.62616e-06 -0.000466647 -8.37989e-05  -0.00788681 4.56291e-05 9.30204e-06     -9.8092 682
               81.06  0.00136921 -0.00088943  0.00592421   2.88542 0.0598859   1.93309 -0.00704885 -0.00033427  0.00423039  2.22987e-06 -1.01524e-05 -9.61754e-06 -0.000466508 -8.32607e-05  -0.00788754 4.56141e-05 9.25257e-06     -9.8092 682
               81.16   0.0011581 -0.00108165  0.00594285   2.8849 0.059753  1.93374  -0.0069926 -0.00121648  0.00364228   2.1074e-06 -1.10664e-05 -9.65992e-06  -0.00046546 -8.28715e-05   -0.0078885 4.55137e-05 9.21662e-06     -9.8092 682
              81.264  0.00100197 -0.00105587  0.00605008  2.88425 0.059584  1.93416 -0.00696502 -0.00274655  0.00343867   2.2204e-06 -1.17323e-05 -9.22013e-06 -0.000464366 -8.25645e-05  -0.00788872 4.54114e-05  9.1877e-06     -9.8092 682
              81.364   0.00111011 -0.000719115   0.00604883  2.88365 0.059243  1.93479 -0.00645809 -0.00306069  0.00359174  2.14203e-06 -1.21743e-05 -8.60733e-06 -0.000463582 -8.22803e-05  -0.00788973 4.53354e-05 9.16164e-06     -9.8092 682
              81.464   0.00112747 -0.000548974   0.00598137  2.88296 0.058604  1.93531 -0.00800427 -0.00508524  0.00284184   1.5182e-06 -1.24431e-05 -8.17299e-06 -0.000462905 -8.17818e-05  -0.00789051 4.52701e-05 9.11554e-06     -9.8092 682
              81.564   0.00111737 -0.000459305   0.00591009   2.88212 0.0578371   1.93563 -0.00881225  -0.0061808   0.0032331  9.05792e-07 -1.24485e-05 -7.52232e-06 -0.000462851 -8.15459e-05  -0.00789068 4.52647e-05 9.09371e-06     -9.8092 682
              81.668    0.0010177 -0.000796931   0.00592862   2.88074 0.0569608   1.93575 -0.00956891 -0.00718153  0.00545544  3.37721e-07 -1.12562e-05 -7.56927e-06 -0.000461981 -8.12639e-05  -0.00788968 4.51874e-05 9.06623e-06     -9.8092 673
              81.772   0.00108048 -0.000799868   0.00594231   2.87963 0.0557317   1.93635 -0.0093711  -0.009142 0.00539818 -7.44351e-07 -1.08735e-05 -6.79774e-06 -0.000461959 -8.12139e-05   -0.0078897 4.51854e-05 9.06154e-06     -9.8092 653
              81.876  0.000902552 -0.000718925    0.0059648   2.87812 0.0541431   1.93726 -0.0115789  -0.010944 0.00624406 -2.57889e-06 -9.57094e-06 -6.14985e-06 -0.000462193 -8.12284e-05  -0.00789079 4.52036e-05 9.06361e-06     -9.8092 639
              81.976   0.00085222 -0.000703449   0.00598513   2.87686 0.0527432   1.93789 -0.0119305 -0.0113713 0.00790335 -3.61601e-06 -9.18681e-06 -4.23765e-06 -0.000462176 -8.24512e-05  -0.00789057 4.52021e-05 9.17694e-06     -9.8092 628
               82.08  0.000855916 -0.000818323   0.00597558   2.87579 0.0514405   1.93814 -0.0111304 -0.0136174 0.00873373 -3.79479e-06 -9.64753e-06 -3.87849e-06 -0.000462072 -8.25112e-05  -0.00788863 4.51989e-05 9.18126e-06     -9.8092 618
              82.184   0.00102833 -0.000883993   0.00598834  2.87465 0.049726  1.93913 -0.0122292 -0.0142449 0.00852599 -4.79087e-06 -9.82574e-06 -3.33711e-06 -0.000461654 -8.33269e-05  -0.00788898 4.51584e-05 9.25695e-06     -9.8092 612
              82.284   0.00114791 -0.000738111   0.00599162   2.87368 0.0484002   1.94006 -0.0120815 -0.0134544 0.00779742 -4.65036e-06 -1.06974e-05 -2.92536e-06 -0.000461238 -8.39396e-05  -0.00788942 4.5118e-05 9.3139e-06    -9.8092 605
              82.388  0.000657905 -0.000266496   0.00597799    2.8726 0.0467071   1.94084 -0.0117703 -0.0144683 0.00896609 -5.30345e-06 -1.08469e-05 -1.23535e-06 -0.000461894  -8.3931e-05  -0.00788913   4.518e-05 9.31331e-06     -9.8092 593
              82.488 0.000137496 0.000108262  0.00588725    2.8719 0.0460169   1.94156 -0.0120861 -0.0140344 0.00861675 -2.74164e-06  -1.2077e-05  2.30994e-08 -0.000462031 -8.24001e-05  -0.00788856 4.51953e-05 9.17116e-06     -9.8092 571
              82.588 -0.000109758   4.9682e-06   0.00589725   2.87081 0.0451496   1.94267 -0.0119311 -0.0120882 0.00913295 -1.29626e-06 -1.25238e-05 -8.00178e-07 -0.000461787  -8.2124e-05  -0.00788929 4.51702e-05 9.14584e-06     -9.8092 554
              82.696 -0.000115698  2.85312e-05   0.00585712    2.8695 0.0434501    1.9435 -0.0115568 -0.0123537  0.0104992 -2.62031e-06 -1.22886e-05 -4.06772e-07 -0.000462198 -8.30855e-05  -0.00788864   4.521e-05 9.23492e-06     -9.8092 538
                82.8 3.61358e-06 0.000554444  0.00589081   2.86842 0.0423089   1.94475 -0.0104999 -0.0122008  0.0100175 -2.19044e-06 -1.25873e-05 -5.37825e-09 -0.000462412 -8.33095e-05   -0.0078894 4.52273e-05 9.25621e-06     -9.8092 530
                82.9 4.39101e-05 0.000998188  0.00588149    2.8678 0.0410565   1.94598 -0.00918409  -0.0113192   0.0104197 -2.61611e-06 -1.36862e-05 -9.93976e-07 -0.000462983 -8.39739e-05  -0.00789013 4.52775e-05 9.31858e-06     -9.8092 522
                  83 -2.58182e-05   0.00118261    0.0059123   2.86722 0.0399267   1.94719 -0.00751723  -0.0120646  0.00946048 -2.45668e-06 -1.45399e-05 -9.27734e-07  -0.00046301 -8.42268e-05  -0.00789075 4.52779e-05 9.34239e-06     -9.8092 517
                83.1 6.26506e-05  0.00135428   0.0058702   2.86648 0.0387856   1.94803 -0.0057556 -0.0112104 0.00995055 -2.56523e-06  -1.4204e-05  1.52747e-07 -0.000463618 -8.51026e-05  -0.00789027 4.53354e-05 9.42372e-06     -9.8092 514
                83.2 -9.63362e-05   0.00137981   0.00593226  2.86613 0.037509   1.9492 -0.00371735  -0.0100943   0.0104565 -3.21283e-06 -1.45096e-05  6.40164e-07 -0.000464395 -8.54533e-05  -0.00789079 4.54056e-05  9.4569e-06     -9.8092 511
                83.3 -0.000631562   0.00140775    0.0060184   2.86584 0.0363402    1.9504 -0.00199554 -0.00860739   0.0114493  -3.8407e-06 -1.42933e-05  9.36211e-07 -0.000465412 -8.59275e-05  -0.00789115 4.54986e-05 9.50155e-06     -9.8092 511
                83.4 -0.000803947   0.00156476   0.00595184   2.86561 0.0353496   1.95173 -0.00051131  -0.0075172   0.0116045 -4.48193e-06 -1.39064e-05  1.03872e-06 -0.000466203 -8.67479e-05   -0.0078918 4.55695e-05 9.57826e-06     -9.8092 511
              83.504 -0.000961145   0.00163698   0.00587993   2.86562 0.0345499   1.95303 0.000440998  -0.0068941   0.0112068 -4.84275e-06 -1.39463e-05  1.06768e-06  -0.00046672 -8.73051e-05  -0.00789203 4.56164e-05 9.63028e-06     -9.8092 511
              83.604 -0.00124042  0.00164033   0.0058672   2.86562 0.0338116   1.95414  0.00124854 -0.00522544   0.0100173 -5.39138e-06  -1.3366e-05  6.26843e-07 -0.000467613 -8.83059e-05  -0.00789213 4.56984e-05 9.72353e-06     -9.8092 511
              83.704 -0.00138993  0.00148901  0.00593086   2.86578 0.0331094   1.95513  0.00194317 -0.00376689  0.00955173 -6.29076e-06 -1.31413e-05  6.03873e-07 -0.000468887 -8.93117e-05  -0.00789223 4.58157e-05 9.81747e-06     -9.8092 511
              83.804 -0.00141148  0.00155659  0.00600726   2.86586 0.0325424   1.95607  0.00327441 -0.00351541  0.00817605 -7.16146e-06 -1.24198e-05  5.87769e-07 -0.000469666 -9.01618e-05   -0.0078923 4.58873e-05 9.89665e-06     -9.8092 511
              83.912 -0.00102918   0.0018205  0.00608244   2.86617 0.0320147   1.95686  0.00506474 -0.00247087   0.0062358 -7.93419e-06 -1.20389e-05  9.83105e-07 -0.000470336 -9.07768e-05  -0.00789232  4.5949e-05 9.95398e-06     -9.8092 511
               84.02 -0.000662067   0.00222319   0.00623412     2.867 0.0316556   1.95752   0.00716451 -0.000334495   0.00562513 -8.59069e-06 -1.23382e-05  1.14689e-06 -0.000471268 -9.14022e-05  -0.00789237 4.60349e-05 1.00125e-05     -9.8092 511
               84.12 -0.000580009   0.00220503   0.00622651   2.86777 0.0313003   1.95815   0.00872904 -1.10752e-05   0.00471373 -9.55302e-06 -1.23297e-05  1.22339e-06 -0.000471669 -9.13553e-05  -0.00789273 4.60712e-05 1.00084e-05     -9.8092 511
              84.224 -0.000431433   0.00201002   0.00624953   2.86776 0.0310507   1.95894   0.0100871 0.000672441  0.00446757 -1.03646e-05 -9.45528e-06  1.03493e-06 -0.000472923 -9.14188e-05  -0.00789383 4.61841e-05 1.00151e-05     -9.8092 511
              84.324 -0.000401771   0.00198857   0.00630788   2.86775 0.0310533   1.96003  0.0113125 0.00186843 0.00434135 -1.06069e-05 -6.31836e-06  1.28153e-06 -0.000474697 -9.12596e-05  -0.00789602 4.63421e-05 1.00016e-05     -9.8092 507
              84.424 -0.000530397   0.00192284   0.00632401  2.86873 0.030798  1.96035  0.0125534 0.00147009 0.00317268  -1.1719e-05 -5.56803e-06  1.44676e-06 -0.000474975 -9.11171e-05   -0.0078959 4.63684e-05 9.98846e-06     -9.8092 497
              84.524 -0.000627605   0.00190749   0.00641442    2.8698 0.0299144   1.96015   0.0136035 0.000376495   0.0028175 -1.42559e-05 -4.60512e-06  1.97601e-06 -0.000476138 -9.08532e-05  -0.00789437 4.64811e-05 9.96413e-06     -9.8092 494
              84.624 -0.000607215   0.00179238    0.0065409   2.87118 0.0289407    1.9606   0.0158248 0.000250838  0.00278204 -1.68392e-05 -4.28867e-06  2.61007e-06 -0.000476337 -9.02478e-05  -0.00789492 4.64987e-05 9.90825e-06     -9.8092 486
              84.724 -0.000407018   0.00169494   0.00667221   2.87237 0.0287538   1.96082   0.017374 0.00158761 0.00149614 -1.73964e-05 -3.16173e-06  3.58752e-06 -0.000475965 -8.92155e-05  -0.00789501 4.64646e-05 9.81232e-06     -9.8092 476
              84.828 -0.000129051   0.00176225   0.00673757    2.8743 0.0284095   1.96034   0.018372 0.00196431 0.00104209 -1.87996e-05 -3.13967e-06  4.21118e-06  -0.00047626 -8.86803e-05  -0.00789305 4.64979e-05 9.76242e-06     -9.8092 470
              84.928 0.000166538  0.00170296   0.0067364   2.87614 0.0285367   1.95983   0.0198276  0.00246482 -0.00086743 -1.88629e-05 -2.80262e-06  4.66648e-06 -0.000476541 -8.78943e-05  -0.00789135 4.65292e-05 9.68935e-06     -9.8092 463
              85.028 0.00039939 0.00151836 0.00674726   2.87832 0.0281428   1.95993    0.0231513   0.00140799 -0.000978823 -2.0499e-05  -2.883e-06 5.05288e-06 -0.000477317 -8.84077e-05  -0.00789191 4.65995e-05 9.73746e-06     -9.8092 458
              85.128 0.00055849 0.00138913 0.00678649   2.88069 0.0279404   1.95936   0.0244004 0.000637071 -0.00191262  -2.1294e-05 -3.04971e-06  5.70758e-06 -0.000476276  -8.7954e-05  -0.00789046 4.65074e-05 9.69453e-06     -9.8092 455
              85.232 0.000623269 0.000964501  0.00679667    2.8832 0.0278599   1.95917    0.0255192 -0.000788973  -0.00207092 -2.13407e-05 -3.18517e-06  6.08738e-06 -0.000474589  -8.7372e-05  -0.00789046 4.63516e-05 9.63967e-06     -9.8092 451
              85.332 0.000572041 0.000602166  0.00676794   2.88557 0.0277226   1.95908    0.0262474 -0.000760578  -0.00212185 -2.11755e-05 -2.80072e-06  7.13148e-06   -0.0004738 -8.62944e-05  -0.00789092  4.6278e-05 9.53949e-06     -9.8092 448
              85.432 0.000666437 0.000607476   0.0067724   2.88813 0.0273681   1.95933    0.0258461 -0.000983817  -0.00255603 -2.16628e-05 -3.04139e-06  7.79388e-06  -0.00047231 -8.56373e-05  -0.00789254 4.61364e-05 9.47817e-06     -9.8092 445
              85.536  0.00100533 0.000617693  0.00686149   2.89075 0.0271555   1.95881    0.024805 -0.00207155 -0.00225153 -2.13588e-05 -2.93727e-06  7.63676e-06 -0.000472828 -8.38611e-05  -0.00789176 4.61874e-05 9.31396e-06     -9.8092 442
               85.64 0.000985494 0.000411407  0.00691378   2.89323 0.0270329   1.95844   0.0247208 -0.00233878 -0.00145444 -2.07885e-05 -3.09086e-06  7.76351e-06 -0.000471025 -8.25115e-05  -0.00789115 4.60228e-05  9.1879e-06     -9.8092 440
               85.74 0.000922978 0.000230787  0.00691333   2.89504 0.0276767   1.95765     0.023679  -0.00243091 -0.000952264 -1.82165e-05 -1.49794e-06  6.73039e-06 -0.000470429 -8.14588e-05  -0.00788904 4.59727e-05 9.08931e-06     -9.8092 437
               85.84 0.00108344 0.00017985 0.00696157   2.89739 0.0277621    1.9581    0.0238582   -0.0029471 -0.000200789 -1.70531e-05 -1.67324e-06  6.95067e-06 -0.000469872 -8.04922e-05  -0.00789062 4.59176e-05 8.99989e-06     -9.8092 430
               85.94  0.00116708 5.67218e-05   0.0069969  2.89946 0.027411  1.95797    0.0222667  -0.00439597 -0.000142945 -1.71338e-05 -1.16001e-06  6.92963e-06 -0.000469263 -8.11278e-05  -0.00789025 4.58617e-05 9.05807e-06     -9.8092 421
               86.04   0.00126488 -0.000451164   0.00706773   2.90153 0.0267764   1.95823   0.0217231 -0.00667641 0.000288596 -1.70195e-05 -1.23846e-06  7.00326e-06 -0.000467423 -7.96031e-05    -0.007891 4.56907e-05   8.916e-06     -9.8092 414
               86.14  0.00152283 -0.00115958  0.00708001  2.90364 0.026069  1.95806    0.0207668  -0.00781925 -0.000295843 -1.68888e-05 -1.15861e-06  7.74131e-06 -0.000467143 -7.95324e-05  -0.00789039 4.56662e-05 8.90916e-06     -9.8092 411
               86.24  0.00149354 -0.00142695  0.00703394   2.90592 0.0251847   1.95782    0.0204456   -0.0085488 -9.89842e-05 -1.71173e-05 -1.88591e-06  8.04339e-06 -0.000465923 -8.00086e-05  -0.00788974 4.55546e-05 8.95255e-06     -9.8092 408
               86.34  0.00160224 -0.00145408  0.00704182   2.90831 0.0239773   1.95748    0.0194793   -0.0102613 -0.000186666 -1.75285e-05 -3.08464e-06  8.10986e-06 -0.000464983 -7.85666e-05  -0.00788867 4.54712e-05 8.81889e-06     -9.8092 400
               86.44  0.00170059 -0.00162851  0.00711736   2.91053 0.0225156   1.95699   0.0175915  -0.0139317 1.36306e-05 -1.81557e-05 -4.21577e-06  8.20483e-06 -0.000463619 -7.81377e-05  -0.00788715  4.5349e-05 8.77857e-06     -9.8092 394
              86.544  0.00152376 -0.00209179  0.00724169   2.91084 0.0210809   1.95806   0.0134388  -0.0152242 -0.00181067 -1.78275e-05 -4.16297e-07  6.83242e-06 -0.000466313 -7.70597e-05  -0.00789089 4.55906e-05 8.67964e-06     -9.8092 389
              86.644 0.00122567 -0.0026194 0.00735629   2.91124 0.0192757   1.95907  0.0105404 -0.0163581 -0.0023797 -1.81616e-05  2.33874e-06   5.5717e-06 -0.000470191 -7.57063e-05  -0.00789461 4.59423e-05 8.55639e-06     -9.8092 376
              86.744 0.000921588 -0.00309381  0.00753621  2.91159 0.017815  1.95934  0.00715432  -0.0171781 -0.00285374 -1.79152e-05  3.54833e-06  5.18517e-06 -0.000469913 -7.69943e-05  -0.00789625 4.59119e-05 8.67482e-06     -9.8092 368
              86.844 0.000723345 -0.00329619  0.00769792   2.91142 0.0161784   1.96032  0.00356145  -0.0175994 -0.00301115 -1.74431e-05  5.85313e-06  5.66067e-06 -0.000472656 -7.61676e-05  -0.00790037 4.61572e-05 8.59953e-06     -9.8092 361
              86.944 0.00060562 -0.0033862 0.00775453   2.91115 0.0140619   1.96036 -0.00133413  -0.0180207 -0.00313163 -1.80644e-05  7.37085e-06  4.97364e-06 -0.000474988 -7.47996e-05  -0.00790145 4.63719e-05 8.47416e-06     -9.8092 353
              87.048 0.000259522 -0.00327734  0.00779471  2.91103 0.012327  1.96005 -0.00361662  -0.0178906 -0.00405056 -1.81655e-05  7.11099e-06  5.50922e-06 -0.000475261 -7.65953e-05  -0.00790162 4.63954e-05 8.64038e-06     -9.8092 349
              87.148 4.22372e-05 -0.00304841  0.00779448   2.91078 0.0107445   1.96044  -0.0062432  -0.0178857 -0.00488614 -1.73389e-05  6.17067e-06  6.27486e-06 -0.000474539 -7.52288e-05   -0.0079042  4.6324e-05 8.51391e-06     -9.8092 344
              87.248 -9.56239e-05  -0.00289454   0.00777605    2.91013 0.00911896    1.96074 -0.00835599  -0.0164313 -0.00500164 -1.68191e-05   5.7635e-06  6.81229e-06 -0.000473999 -7.39008e-05   -0.0079066 4.62699e-05 8.39087e-06     -9.8092 340
              87.348 -9.3647e-05 -0.00268223  0.00782964    2.90916 0.00742818    1.96141 -0.0100242 -0.0155107 -0.0068499 -1.69173e-05   5.7896e-06  6.90448e-06 -0.000474266 -7.34211e-05  -0.00791051 4.62869e-05 8.34642e-06     -9.8092 337
              87.448 -7.31028e-05  -0.00239585    0.0078033    2.90797 0.00545875    1.96114  -0.0117574  -0.0148343 -0.00732803 -1.83137e-05   6.2149e-06  7.95989e-06 -0.000475003 -7.50314e-05   -0.0079118 4.63517e-05 8.49537e-06     -9.8092 332
              87.548 5.11293e-05  -0.0018018  0.00776488    2.90604 0.00274279    1.96193  -0.0138896  -0.0141871 -0.00880636 -2.18797e-05  7.94072e-06  8.55176e-06 -0.000476063 -7.71719e-05   -0.0079167 4.64394e-05  8.6924e-06     -9.8092 328
              87.648 -2.61236e-05  -0.00127211   0.00770902     2.90401 0.000919843     1.96225  -0.0148501  -0.0136579 -0.00894122 -2.33894e-05   9.5045e-06  7.52485e-06 -0.000477486 -7.91318e-05   -0.0079206  4.6562e-05 8.87316e-06     -9.8092 318
              87.748 3.45373e-06 -0.00108548  0.00769897       2.9024 -0.000585105      1.96186  -0.0154578  -0.0138654 -0.00801809 -2.40688e-05  1.00635e-05  8.80111e-06 -0.000479301 -8.13464e-05  -0.00792195 4.67253e-05 9.07858e-06     -9.8092 313
              87.856 0.000330106 -0.00090837  0.00768481     2.90065 -0.00194077     1.96088  -0.0168468  -0.0133374 -0.00769245 -2.35432e-05  9.87864e-06  8.98632e-06 -0.000478118 -8.00022e-05  -0.00792166 4.66175e-05 8.95369e-06     -9.8092 305
               87.96  0.000507845 -0.000620076   0.00776299     2.89854 -0.00347113     1.95984  -0.0178992  -0.0128244 -0.00681338 -2.37964e-05  1.07871e-05  9.01192e-06 -0.000478508 -7.93124e-05   -0.0079209 4.66558e-05    8.89e-06     -9.8092 301
               88.06  0.000238759 -0.000491396   0.00785689     2.89666 -0.00442853     1.95931 -0.0179642 -0.0115459 -0.0062942 -2.3128e-05 1.11926e-05 8.52524e-06 -0.000478912 -7.94226e-05  -0.00792122  4.6692e-05 8.90023e-06     -9.8092 298
              88.164 -0.000209794 -0.000298233   0.00790367     2.89501 -0.00522691     1.95921  -0.0163098  -0.0105673 -0.00355193 -2.20853e-05  1.08986e-05  7.81045e-06 -0.000479076 -7.84342e-05  -0.00792251 4.67047e-05   8.809e-06     -9.8092 294
              88.264 -0.000632604 -0.000226958   0.00797478      2.8931 -0.00603552      1.9594  -0.0163542 -0.00995452 -0.00184732 -2.15456e-05  1.15478e-05  8.06013e-06 -0.000479481 -7.84887e-05    -0.007924 4.67387e-05 8.81367e-06     -9.8092 290
              88.364 -0.000863733  3.49663e-05   0.00806152     2.89133 -0.00668495     1.95969  -0.0149776 -0.00954382 -0.00124729 -2.08148e-05  1.23237e-05  8.35481e-06 -0.000480722 -7.90328e-05  -0.00792532 4.68496e-05 8.86418e-06     -9.8092 287
              88.464 -0.000623975  2.18398e-05   0.00809684     2.88967 -0.00785836     1.96042  -0.0138848 -0.00857737  0.00159889 -2.16323e-05  1.31511e-05  7.98004e-06 -0.000482928 -7.99393e-05   -0.0079275 4.70482e-05 8.94863e-06     -9.8092 285
              88.564 -0.000151475   0.00024517   0.00810151     2.88831 -0.00870284     1.96064  -0.0118746 -0.00757609  0.00348169 -2.17576e-05   1.3497e-05  8.01458e-06 -0.000483846 -8.02326e-05  -0.00792737 4.71331e-05 8.97633e-06     -9.8092 282
              88.664 -1.02315e-05  0.000599751   0.00806867     2.88705 -0.00898614     1.96117  -0.0103735 -0.00566051  0.00640892 -2.07185e-05  1.38485e-05   8.9216e-06  -0.00048404 -7.95719e-05  -0.00792752 4.71507e-05 8.91534e-06     -9.8092 280
              88.764 -0.000107819   0.00100251   0.00803822     2.88611 -0.00926649      1.9622 -0.00949405 -0.00513317  0.00804553 -1.99916e-05  1.35664e-05  9.03467e-06 -0.000483862 -7.90717e-05  -0.00792845 4.71324e-05 8.86891e-06     -9.8092 278
              88.868 -0.000135349   0.00138695   0.00803853     2.88485 -0.00985746     1.96346 -0.00904279 -0.00583232  0.00887175 -2.0302e-05 1.44702e-05 8.39776e-06 -0.000485133 -7.99905e-05  -0.00792958 4.72466e-05 8.95392e-06     -9.8092 277
              88.968 -4.32563e-05   0.00200973   0.00805299    2.88419 -0.0101755     1.9646 -0.00733253 -0.00530815  0.00953469 -1.99982e-05   1.4442e-05  8.11607e-06 -0.000486603 -8.06801e-05  -0.00793027   4.738e-05 9.01858e-06     -9.8092 275
              89.072 -0.000182938   0.00226163    0.0080788    2.88366 -0.0105404    1.96534 -0.00426964 -0.00411646   0.0107448 -1.97352e-05  1.44793e-05  8.39773e-06  -0.00048782 -8.09184e-05  -0.00792929  4.7494e-05 9.04194e-06     -9.8092 274
              89.176 -0.00032812  0.00236904  0.00808039     2.88331 -0.00918617     1.96662 -0.00143431 -0.00200706   0.0120668 -1.58397e-05  1.45364e-05  7.80499e-06 -0.000488407 -8.06281e-05  -0.00792942 4.75463e-05 9.01565e-06     -9.8092 272
              89.276 -5.69181e-05   0.00241851   0.00809823     2.88343 -0.00892697     1.96802  0.00134938 -0.00295531   0.0125363 -1.46209e-05  1.45158e-05  7.03561e-06 -0.000489637 -8.00498e-05  -0.00792993 4.76586e-05 8.96325e-06     -9.8092 265
              89.376 0.000355635  0.00232929  0.00807322     2.88249 -0.00897746     1.96905  0.00276098 -0.00495917    0.012936 -1.34714e-05  1.70488e-05  7.18752e-06 -0.000489683 -7.79235e-05  -0.00792915 4.76659e-05 8.76637e-06     -9.8092 259
              89.476 0.000386486  0.00219009  0.00810867     2.88152 -0.00896951     1.97044 0.00381781 -0.0038688  0.0129621 -1.20778e-05  2.01299e-05  6.90701e-06 -0.000490652 -7.62914e-05  -0.00792931 4.77558e-05 8.61532e-06     -9.8092 254
              89.576 0.000123768  0.00234795  0.00806498     2.88284 -0.00886812     1.97274  0.00704318 -0.00358161   0.0142265 -1.12417e-05  1.81329e-05  6.25658e-06 -0.000489865 -7.71225e-05  -0.00793223 4.76759e-05 8.69099e-06     -9.8092 249
              89.676 -8.01623e-05   0.00272343   0.00810809     2.88395 -0.00896355     1.97283  0.00874361 -0.00220745   0.0144302 -1.08836e-05  1.79968e-05  6.35387e-06 -0.000491008 -7.78725e-05  -0.00792813  4.7789e-05 8.76284e-06     -9.8092 240
               89.78 -0.000150151   0.00300019   0.00817348     2.88567 -0.00879019     1.97489   0.0115983 -0.00252532   0.0139367 -1.01137e-05  1.61039e-05  6.10224e-06 -0.000489758 -7.79186e-05  -0.00792989 4.76698e-05 8.76607e-06     -9.8092 232
              89.884 0.000160255  0.00282249  0.00826355     2.88687 -0.00879602     1.97631   0.0131489 -0.00150005   0.0127332 -9.38264e-06  1.64921e-05  6.74224e-06 -0.000490269 -7.68433e-05  -0.00792988 4.77176e-05 8.66729e-06     -9.8092 223
              89.984 0.000245081  0.00254802  0.00846152      2.8883 -0.00963056      1.9766  0.0144294 -0.0015137  0.0134768 -1.05765e-05  1.62355e-05  7.60637e-06 -0.000488836 -7.59793e-05  -0.00792698 4.75927e-05 8.58772e-06     -9.8092 218
              90.084 3.21022e-05  0.00225124  0.00850803    2.89005 -0.0104758    1.97792   0.0159193 -0.00210512   0.0135805 -1.25792e-05  1.63442e-05  8.46902e-06 -0.000491691 -7.85509e-05  -0.00792693 4.78544e-05 8.82717e-06     -9.8092 212
              90.184 -0.000297386   0.00206974    0.0086441    2.89256 -0.0119788    1.98072   0.0174341 -0.00274072   0.0122491 -1.6129e-05 1.52044e-05 7.87827e-06 -0.000495734 -8.17612e-05  -0.00793142 4.82164e-05   9.125e-06     -9.8092 206
              90.284 -0.000182497   0.00207008    0.0086766   2.89494 -0.013617   1.98272   0.0185099 -0.00493893    0.011505 -1.8933e-05 1.53481e-05 8.53699e-06 -0.000502418 -8.25125e-05  -0.00793383  4.8828e-05 9.19909e-06     -9.8092 203
              90.384 -0.000118681   0.00188522   0.00867203    2.89698 -0.0141163    1.98442   0.0197688 -0.00476733   0.0096538 -1.75965e-05  1.54319e-05  9.02174e-06 -0.000504504 -7.66702e-05  -0.00793577 4.90215e-05 8.66198e-06     -9.8092 192
              90.484 -0.000209322   0.00158011   0.00869735    2.89961 -0.0156075    1.98502   0.0214592 -0.00608483  0.00757467 -2.04001e-05  1.20445e-05  9.22892e-06 -0.000495697 -7.98204e-05  -0.00793495 4.82096e-05 8.94557e-06     -9.8092 183
              90.584 -0.00034492  0.00140988  0.00861628    2.90302 -0.0165701    1.98537   0.023575 -0.0065297 0.00518846 -2.07348e-05  1.00789e-05  1.09806e-05 -0.000497865 -7.83476e-05  -0.00793399 4.84128e-05 8.81299e-06     -9.8092 178
              90.688 -0.000357411   0.00115031   0.00855571    2.90552 -0.0171853    1.98547   0.0239665 -0.00568874   0.0032816 -2.05089e-05  1.07408e-05  1.11959e-05 -0.000500714  -7.7725e-05  -0.00793282 4.86779e-05 8.75859e-06     -9.8092 176
              90.796 -0.000760197   0.00084886   0.00858123    2.90847 -0.0174802    1.98545    0.024049 -0.00383136 0.000134679 -2.07124e-05  1.08175e-05  1.20696e-05 -0.000503898 -8.06219e-05  -0.00793215 4.89697e-05 9.02852e-06     -9.8092 171
                90.9  -0.0012225 0.000331481   0.0086904   2.91148 -0.017223   1.98481   0.0241643 -0.00343916 -0.00210496 -1.93903e-05  1.04198e-05  1.21753e-05 -0.000506766  -8.0879e-05  -0.00793055 4.92362e-05 9.05571e-06     -9.8092 168
              91.004  -0.00122924 -0.000208129   0.00870315    2.91478 -0.0172507    1.98543   0.0240035 -0.00222584 -0.00478129 -2.01818e-05  8.91523e-06  1.22944e-05 -0.000507769 -8.63141e-05  -0.00793337 4.93186e-05 9.55607e-06     -9.8092 165
              91.104  -0.00119808 -0.000672505   0.00875177    2.91771 -0.0175852    1.98478   0.0234115 -0.00127236 -0.00682076 -2.09482e-05  9.10397e-06  1.26886e-05  -0.00051324 -8.83825e-05  -0.00793312 4.98211e-05 9.75154e-06     -9.8092 163
              91.204 -0.00118225 -0.00111711  0.00880179    2.9206 -0.018023   1.98449    0.0220218 -0.000553263  -0.00929832 -2.13156e-05  6.86744e-06  1.36132e-05 -0.000509652 -8.68414e-05  -0.00793468 4.94897e-05 9.60619e-06     -9.8092 162
              91.304 -0.00105546 -0.00177983  0.00880908     2.9236 -0.0184378    1.98433   0.0198819 0.000481005  -0.0127266 -2.38266e-05  4.82471e-06  1.39309e-05 -0.000509184 -9.34009e-05  -0.00793737 4.94364e-05 1.02085e-05     -9.8092 160
              91.404 -0.000989651  -0.00212816   0.00884083    2.92607 -0.0183451    1.98404  0.0189491 0.00181477 -0.0156424 -2.43762e-05  3.34963e-06  1.35872e-05 -0.000507822 -9.50513e-05  -0.00794065 4.9304e-05 1.0358e-05    -9.8092 159
              91.504 -0.00106146 -0.00228479  0.00888867    2.92752 -0.0188251     1.9832  0.0161856 0.00268929 -0.0189525 -2.78581e-05  4.47954e-06  1.25546e-05 -0.000508498  -0.00010235  -0.00794344 4.93553e-05 1.10285e-05     -9.8092 156
              91.608 -0.00118555 -0.00228637  0.00887338    2.92954 -0.0183959    1.98213  0.0145536 0.00264598 -0.0238984 -3.08287e-05  4.59296e-06   1.2895e-05 -0.000511397 -0.000114308  -0.00794696 4.96053e-05 1.21297e-05     -9.8092 156
              91.708 -0.00125229 -0.00247102  0.00888693   2.93199 -0.018057    1.9809  0.0133833 0.00334169 -0.0262565 -3.25757e-05  2.89326e-06  1.28658e-05 -0.000513274 -0.000120306  -0.00795085 4.97663e-05 1.26817e-05     -9.8092 155
              91.808 -0.000968106  -0.00269874   0.00887141    2.93427 -0.0180392    1.97861  0.0110233 0.00315081 -0.0298144 -3.18906e-05 -2.17072e-06  1.32939e-05 -0.000504779 -0.000114734  -0.00795227  4.8988e-05 1.21613e-05     -9.8092 153
              91.912 -0.000567657  -0.00310089   0.00887945    2.93606 -0.0171076    1.97584 0.00908087  0.0047934 -0.0323025 -2.89635e-05 -4.53227e-06  1.43728e-05 -0.000502564 -0.000108093  -0.00795357 4.87882e-05 1.15485e-05     -9.8092 151
              92.016 -0.000338807  -0.00367141   0.00884858    2.93806 -0.0160976    1.97316 0.00577714 0.00595831 -0.0345967 -2.85784e-05 -6.00907e-06  1.50369e-05 -0.000506521 -0.000109888  -0.00795585 4.91468e-05 1.17166e-05     -9.8092 150
               92.12 -0.000576807  -0.00404322   0.00886287     2.9394 -0.0148725    1.97068  0.0032491 0.00772422 -0.0368671 -2.95779e-05 -8.41425e-06  1.52708e-05 -0.000504375  -0.00011637  -0.00795955 4.89374e-05 1.23094e-05     -9.8092 149
               92.22 -0.000660391  -0.00431751   0.00887562       2.94 -0.0140485    1.96741 -0.000823868    0.0075329   -0.0385866 -3.10927e-05 -9.19091e-06  1.58026e-05 -0.000504654 -0.000121316  -0.00796107 4.89562e-05 1.27637e-05     -9.8092 149
              92.324 -0.000492445  -0.00455957   0.00890916    2.94011 -0.0129752     1.9639 -0.00449392    0.007721   -0.040988 -3.19319e-05 -1.04465e-05  1.61227e-05 -0.000502744 -0.000125753  -0.00796297 4.87732e-05 1.31692e-05     -9.8092 148
               92.42 -0.000485036  -0.00456848   0.00905575     2.9402 -0.0115666    1.96129 -0.00774202  0.00856626  -0.0431859 -3.24845e-05 -1.21234e-05  1.57151e-05 -0.000500305 -0.000130446   -0.0079674  4.8537e-05 1.35967e-05     -9.8092 147
               92.52 -0.000620425  -0.00450549   0.00912984     2.94024 -0.00945597     1.95903 -0.0103803  0.0105162 -0.0437087 -3.32023e-05 -1.40801e-05  1.54597e-05 -0.000498179  -0.00013898  -0.00797383 4.83223e-05  1.4377e-05     -9.8092 146
              92.624 -0.000355059  -0.00435552   0.00921448     2.93931 -0.00755359     1.95615 -0.0145076    0.01021 -0.0453506 -3.26849e-05 -1.49438e-05  1.43025e-05 -0.000494552 -0.000140683  -0.00797937 4.79771e-05 1.45285e-05     -9.8092 144
              92.724 -0.000177972  -0.00392276   0.00925241    2.93788 -0.0051571     1.9531 -0.0166374 0.00996529 -0.0465595  -3.0374e-05 -1.73461e-05  1.13565e-05 -0.000485794 -0.000141697  -0.00798391 4.71627e-05 1.46125e-05     -9.8092 141
              92.828 0.000144234 -0.00349411  0.00920741     2.93673 -0.00226425     1.94922 -0.0179401  0.0105211 -0.0491845 -2.70104e-05 -1.76632e-05  9.32019e-06 -0.000487847 -0.000144931  -0.00798704 4.73424e-05 1.49117e-05     -9.8092 139
              92.928   0.0005073 -0.00321971  0.00916297     2.93411 0.000430187     1.94485 -0.0218625  0.0109973 -0.0502071 -2.36436e-05 -1.46346e-05  9.88937e-06 -0.000487546  -0.00014837  -0.00798885 4.73065e-05 1.52283e-05     -9.8092 136
              93.028 0.000572497 -0.00327787  0.00907635    2.93187 0.00260119    1.94022 -0.0234565  0.0119712 -0.0487095 -2.06675e-05  -1.2944e-05  1.01349e-05 -0.000490666 -0.000148144  -0.00798998 4.75908e-05 1.52111e-05     -9.8092 136
              93.132 0.000511688 -0.00331985  0.00909409  2.92955 0.005635  1.93604 -0.0248375   0.012733 -0.0486276 -1.77072e-05 -1.35656e-05  8.92622e-06 -0.000488255 -0.000153227  -0.00799242 4.73594e-05 1.56763e-05     -9.8092 135
               93.24 0.000422926 -0.00280663  0.00911352    2.92697 0.00854965    1.93309 -0.0272972   0.010976  -0.046348 -1.75192e-05 -1.32169e-05  7.57643e-06 -0.000483878 -0.000160476  -0.00799963 4.69342e-05 1.63364e-05     -9.8092 134
               93.34 0.000674448  -0.0022448  0.00904468   2.92378 0.0102675   1.92943 -0.0292049  0.0093375  -0.044603 -1.80294e-05 -9.87551e-06   8.5366e-06 -0.000485517 -0.000165575  -0.00800285  4.7071e-05 1.68058e-05     -9.8092 129
              93.444  0.00105479 -0.00172719  0.00901985   2.91985 0.0111485   1.92609 -0.0312821  0.0069135 -0.0437343 -2.14477e-05 -6.11884e-06  9.36785e-06  -0.00048322 -0.000170911  -0.00800762 4.68411e-05 1.72918e-05     -9.8092 128
              93.548  0.00130316 -0.00100646  0.00904222  2.91692 0.012031   1.9232 -0.0318699 0.00573445 -0.0424104 -2.30316e-05 -3.73249e-06   9.4499e-06 -0.000486163 -0.000171035  -0.00801333 4.70968e-05 1.73039e-05     -9.8092 127
              93.652   0.00136052 -0.000649663    0.0091034   2.91328 0.0144289   1.91986 -0.0319453 0.00614261 -0.0410127 -2.44656e-05  4.43518e-07  8.89007e-06 -0.000489545 -0.000187545  -0.00801708 4.73799e-05  1.8823e-05     -9.8092 123
              93.756   0.00157347 -0.000507077    0.0090351   2.90982 0.0155716   1.91621 -0.0321042 0.00512072 -0.0395368 -2.38597e-05  2.57116e-07  8.65048e-06 -0.000485925 -0.000189136   -0.0080188 4.70415e-05 1.89655e-05     -9.8092 123
              93.856  0.00202289 -0.00035708  0.00900426   2.90598 0.0164317   1.91298  -0.031666 0.00413083 -0.0379148 -2.40831e-05  1.87083e-06  9.18652e-06 -0.000480499 -0.000190835  -0.00802126 4.65337e-05  1.9116e-05     -9.8092 123
              93.956  0.00206778 0.000204003  0.00905292   2.90275 0.0173162   1.91003 -0.0307333 0.00263173 -0.0355061 -2.37812e-05  3.87123e-06   8.4655e-06 -0.000481254 -0.000191986  -0.00802392 4.65939e-05 1.92219e-05     -9.8092 124
               94.06  0.00207015 0.000861112  0.00896385   2.90094 0.0203274    1.9063 -0.0302063 0.00221372 -0.0321195 -1.57332e-05   1.0943e-05  2.06341e-05 -0.000509867 -0.000200688  -0.00802208  4.9219e-05 2.00535e-05     -9.8092 122
               94.16 0.00221901 0.00131021 0.00896081    2.8992 0.0201483   1.90391   -0.0289616 -0.000527647   -0.0286861 -1.82968e-05  1.30491e-05  2.08717e-05 -0.000524362 -0.000200453  -0.00802453 5.05432e-05 2.00436e-05     -9.8092 123
              94.264 0.00238807 0.00168775 0.00890629   2.89744 0.0204043   1.90171  -0.0270248 -0.00106969  -0.0249814 -1.97534e-05  1.40848e-05  2.11709e-05  -0.00053529 -0.000204274  -0.00802668 5.15374e-05 2.04034e-05     -9.8092 121
              94.364 0.00254889   0.001993 0.00889885   2.89528 0.0189255   1.89951  -0.0245099 -0.00508934     -0.0221 -2.30591e-05  1.60682e-05  2.01028e-05  -0.00054388 -0.000199035  -0.00802788 5.23264e-05 1.99282e-05     -9.8092 114
              94.464 0.00259357 0.00210315 0.00882613   2.89318 0.0186787    1.8987   -0.022913 -0.00688258  -0.0183276 -2.16126e-05  2.03115e-05  1.92157e-05 -0.000551968 -0.000192734  -0.00803227 5.30614e-05 1.93565e-05     -9.8092 112
              94.564 0.00277072 0.00216201 0.00841233   2.89827 0.0228038   1.90113  -0.0157493 -0.00713305  -0.0144608 -2.50248e-05  1.64653e-05  4.65279e-05  -0.00058872 -0.000221855  -0.00804478 5.63794e-05 2.20584e-05     -9.8092 110
              94.668 0.00279302 0.00203082 0.00848015   2.89657 0.0212396   1.90093  -0.0128427 -0.00986447 -0.00949981 -2.65437e-05  1.96444e-05  4.04706e-05 -0.000590519 -0.000213544  -0.00804934 5.6537e-05 2.1294e-05    -9.8092 106
              94.768 0.00295004  0.0019534 0.00854514    2.8952 0.0194929   1.90017 -0.00952449  -0.0124074 -0.00596335 -2.35978e-05   2.0592e-05  3.69568e-05  -0.00059128 -0.000200976  -0.00804939  5.6619e-05 2.01421e-05     -9.8092 104
              94.868 0.00305725 0.00198035 0.00857953  2.89416 0.017883  1.90009 -0.00755667  -0.0140881 -0.00418239 -2.49161e-05  2.25194e-05  3.48856e-05  -0.00059283 -0.000199251  -0.00805113 5.67564e-05 1.99836e-05     -9.8092 101
              94.968 0.00310752 0.00204222 0.00856737   2.89379 0.0163433   1.89992 -0.00593898  -0.0162808 -0.00180184 -2.29704e-05  2.14662e-05   3.2928e-05 -0.000592961 -0.000193736   -0.0080514 5.67741e-05 1.94781e-05     -9.8092 100
              95.068 0.00331922 0.00197763 0.00863116    2.8935 0.0137517   1.89903  -0.00407892   -0.0189308 -2.69536e-05 -1.98058e-05  1.83077e-05  3.06747e-05 -0.000591366 -0.000183412  -0.00804822 5.66495e-05 1.85321e-05     -9.8092 99
              95.168 0.00329391 0.00195406  0.0086618   2.89365 0.0120236   1.89983 -0.00195453  -0.0206987  0.00125185 -1.87071e-05  1.48698e-05  2.88601e-05 -0.000582708 -0.000178908  -0.00805091 5.58532e-05  1.8109e-05     -9.8092 99
              95.268 0.00312077 0.00168093 0.00871168    2.89065 0.00757453    1.90042 -0.0027067 -0.0243819 0.00297019 -2.38084e-05  2.37775e-05  2.47417e-05 -0.000577086 -0.000166956  -0.00805409 5.53313e-05 1.70013e-05     -9.8092 97
              95.368 0.00283777 0.00142053 0.00878378    2.89014 0.00438303    1.90044 -0.00111411  -0.0260717  0.00378665 -2.61417e-05  2.34802e-05  2.36723e-05 -0.000574996 -0.000167725  -0.00805314 5.51409e-05  1.7069e-05     -9.8092 96
              95.468 0.00260429 0.00146382 0.00879678    2.89125 0.00060151    1.90116 0.00122633 -0.0288862 0.00443036 -2.94104e-05  2.30965e-05  2.64806e-05 -0.000583347 -0.000160845  -0.00805453 5.59102e-05 1.64418e-05     -9.8092 95
              95.568 0.00214877 0.00164728 0.00878796     2.89166 -0.00171386     1.90235 0.00271087 -0.0292059 0.00539984 -3.19078e-05  2.68164e-05  2.53131e-05 -0.000591423 -0.000167798  -0.00805735 5.66345e-05 1.70836e-05     -9.8092 92
              95.668 0.00176586 0.00166256 0.00878945     2.89243 -0.00368526     1.90575 0.00315454 -0.0292899 0.00550979 -3.05774e-05  2.86546e-05  2.35992e-05 -0.000586571 -0.000156761  -0.00806799 5.61684e-05  1.6057e-05     -9.8092 92
              95.768 0.00158141 0.00177718 0.00880062     2.89318 -0.00703648      1.9073 0.00452902 -0.0295611 0.00478918 -3.27352e-05  3.01545e-05   2.1845e-05 -0.000588632 -0.000150539  -0.00807225 5.63503e-05 1.54818e-05     -9.8092 90
              95.872 0.00152667  0.0020436 0.00884169    2.89445 -0.0109585    1.90844 0.00615178 -0.0305051 0.00418437 -3.22105e-05  3.41803e-05   2.1718e-05 -0.000602767  -0.00013706  -0.00807492 5.76514e-05 1.42554e-05     -9.8092 89
              95.972 0.00110016 0.00204333 0.00879946    2.89484 -0.0140153    1.91128 0.00760223 -0.0304234 0.00422401 -3.79233e-05  3.59715e-05  2.13276e-05 -0.000592187 -0.000132354  -0.00808485 5.66548e-05 1.37983e-05     -9.8092 87
              96.076 0.000647233  0.00200562  0.00881704     2.8955 -0.0161662    1.91277 0.00918827 -0.0294754 0.00543988 -4.12338e-05  3.34034e-05  1.99213e-05 -0.000578316 -0.000142296  -0.00808875  5.5362e-05 1.46905e-05     -9.8092 87
              96.176 0.000228461  0.00200803  0.00869028    2.89631 -0.0183381    1.91551  0.0111681 -0.0276484 0.00555102 -4.85643e-05  3.07991e-05   1.8153e-05 -0.000558742 -0.000149388  -0.00809773 5.35342e-05  1.5306e-05     -9.8092 86
              96.276 -0.000381577   0.00223662   0.00857611    2.89746 -0.0203026    1.91929  0.0116202 -0.0256367 0.00449554 -5.96339e-05   3.5854e-05  1.72497e-05 -0.000554709 -0.000156465  -0.00811118 5.31168e-05 1.59259e-05     -9.8092 85
              96.376 -0.000867544   0.00226328   0.00848532    2.89855 -0.0232998     1.9219   0.012298 -0.0244843 0.00459683 -6.69333e-05  3.78247e-05   1.7111e-05  -0.00054817 -0.000150694  -0.00812051 5.24953e-05 1.53719e-05     -9.8092 84
               96.48 -0.00110028  0.00212643  0.00847122    2.89938 -0.0250961    1.92255  0.0142589 -0.0216184 0.00361181 -6.59989e-05  3.79193e-05  1.69961e-05 -0.000542183 -0.000153546  -0.00812149 5.19405e-05 1.56274e-05     -9.8092 84
               96.58 -0.00116803  0.00217999  0.00848107    2.90138 -0.0279623     1.9235  0.0157683 -0.0203986 0.00228891 -6.55093e-05  3.73536e-05  1.42947e-05 -0.000542678 -0.000142135  -0.00812411 5.19906e-05  1.4577e-05     -9.8092 82
               96.68 -0.00134436  0.00225797  0.00848975    2.90346 -0.0301529    1.92405    0.0168927   -0.0165774 -0.000229841 -6.5736e-05 3.75158e-05 1.18895e-05 -0.000545219 -0.000137501  -0.00812591 5.22236e-05 1.41511e-05     -9.8092 82
               96.78 -0.00142888   0.0024612  0.00847597    2.90604 -0.0312247    1.92561   0.0181359  -0.0131229 -0.00237849 -6.92375e-05  4.18448e-05  5.94977e-06 -0.000555039 -0.000140059  -0.00813275 5.31028e-05 1.43815e-05     -9.8092 81
               96.88 -0.00165281  0.00252874  0.00839501    2.90771 -0.0324447    1.92612   0.0188976  -0.0100618 -0.00446344 -6.85146e-05  4.26199e-05  4.16497e-06 -0.000551414 -0.000134263  -0.00813639 5.27667e-05 1.38411e-05     -9.8092 80
              96.984 -0.00191372  0.00225982  0.00834665    2.90982 -0.0327953     1.9261   0.0209263 -0.00871602 -0.00688539 -7.10353e-05  3.93602e-05  3.57035e-06 -0.000542089 -0.000140649  -0.00813872 5.19014e-05 1.44124e-05     -9.8092 79
              97.088 -0.00209209  0.00225128  0.00832115    2.91235 -0.0333596    1.92577   0.0228318   -0.004857 -0.00895166 -7.18112e-05  3.85177e-05  1.89095e-06 -0.000539937 -0.000141128  -0.00814092 5.16991e-05   1.445e-05     -9.8092 79
              97.188 -0.00233641  0.00224479  0.00833596    2.91475 -0.0344487    1.92539   0.0227118 -0.00230997 -0.00971778 -7.26284e-05  3.83628e-05 -6.87499e-07 -0.000538251 -0.000133575  -0.00814346  5.1546e-05 1.37506e-05     -9.8092 79
              97.288 -0.00232893  0.00208699   0.0083757    2.91368 -0.0353053    1.92597   0.0214911 -0.00110096 -0.00988189 -7.74789e-05  4.09906e-05  -5.7648e-06 -0.000510016 -0.000129577  -0.00815073 4.89418e-05 1.33423e-05     -9.8092 78
              97.388 -0.00172844  0.00194043  0.00835365    2.91594 -0.0357237    1.92807   0.0232087 0.000807198  -0.0102924 -8.44114e-05  3.67117e-05 -1.36852e-05 -0.000490161 -0.000124403  -0.00816409 4.71004e-05 1.28212e-05     -9.8092 77
              97.488 -0.00157025  0.00152935  0.00830991    2.91529 -0.0364109    1.92883  0.0215347 0.00294776  -0.010824 -8.60388e-05  3.92475e-05 -1.58621e-05 -0.000464885 -0.000111753  -0.00817234  4.4776e-05 1.16232e-05     -9.8092 77
              97.588 -0.0014808 0.00111963 0.00830775    2.91641 -0.0412609    1.93044  0.0208497 0.00196027 -0.0103767 -9.86304e-05  4.07951e-05 -1.62678e-05 -0.000452091 -7.06306e-05   -0.0081848 4.36142e-05 7.81046e-06     -9.8092 76
              97.688 -0.00182054  0.00106835  0.00825034    2.91746 -0.0411102    1.93026  0.0208881 0.00418688 -0.0111609  -0.00010182    3.765e-05 -1.85889e-05 -0.000434687 -7.10996e-05  -0.00818872 4.20122e-05 7.82842e-06     -9.8092 75
              97.788 -0.0020489 0.00121566 0.00819884    2.92076 -0.0400055    1.93026  0.0208133 0.00634637 -0.0133263 -9.89897e-05  3.21644e-05  -1.9793e-05 -0.000430144 -6.73456e-05   -0.0081941 4.15944e-05 7.47261e-06     -9.8092 75
              97.888 -0.00197283  0.00156368  0.00809569    2.92723 -0.0420967    1.93062  0.0230452 0.00608203 -0.0154538 -9.97897e-05  2.53286e-05 -2.52462e-05 -0.000446856 -3.66465e-05  -0.00820215 4.31472e-05 4.65812e-06     -9.8092 75
              97.988 -0.00208052  0.00168291  0.00809067   2.9315 -0.04365  1.92987   0.023575  0.0071274 -0.0169061 -9.94437e-05  2.64911e-05 -2.90209e-05 -0.000461733 -1.37023e-05  -0.00820614 4.45259e-05 2.56165e-06     -9.8092 74
              98.088 -0.00214638  0.00156894  0.00807197     2.9354 -0.0435733    1.92788  0.0239692 0.00949719 -0.0194902 -9.97528e-05  2.70993e-05 -3.00244e-05 -0.000475633 -8.20395e-06  -0.00820504 4.58067e-05 2.07153e-06     -9.8092 74
              98.188 -0.00204557  0.00142349  0.00805587     2.9372 -0.0480857    1.92645  0.0231545 0.00850734 -0.0204205 -0.000103898  2.93915e-05 -3.20277e-05 -0.000473681  3.73306e-05   -0.0082082  4.56628e-05 -2.11208e-06      -9.8092 73
              98.288 -0.00189637 0.000966424  0.00789675    2.93944 -0.0522288    1.92432  0.0234741 0.00831855 -0.0220636 -0.000106484  2.39169e-05 -3.29528e-05 -0.000463963   8.0627e-05  -0.00820904  4.48138e-05 -6.09309e-06      -9.8092 73
              98.388 -0.00197706 0.000524804  0.00786278    2.94103 -0.0540255    1.92064   0.024086 0.00925915 -0.0253812 -9.72902e-05  9.44732e-06 -3.52454e-05 -0.000435228  0.000114495  -0.00820448  4.22289e-05 -9.21062e-06      -9.8092 72
              98.488 -0.00239075  0.00036765  0.00781573    2.94252 -0.0534789    1.91716  0.0254322  0.0114867 -0.0273957 -9.41482e-05  -6.8616e-07  -3.6724e-05 -0.000412088  0.000121442  -0.00820131  4.01259e-05 -9.86194e-06      -9.8092 72
              98.588 -0.00242714 0.000307046  0.00780182    2.93655 -0.0501081    1.91647  0.0214956  0.0121022 -0.0266623 -0.000102696 -1.94793e-06 -3.54802e-05 -0.000342807  9.48788e-05   -0.0082103  3.37402e-05 -7.50777e-06      -9.8092 72
              98.688 -0.00253274 0.000191394  0.00784334    2.93967 -0.0482119    1.91389  0.0213903  0.0135186 -0.0265548 -0.000101365 -2.96611e-06 -3.45527e-05 -0.000348536  9.16286e-05  -0.00821078 3.42629e-05 -7.2046e-06     -9.8092 71
              98.788 -0.00285641 0.000185265   0.0078366    2.94106 -0.0469103    1.91238  0.0197141  0.0149233 -0.0266408  -0.00010593 -3.22231e-06 -3.77563e-05 -0.000341113  8.78682e-05  -0.00821567  3.35738e-05 -6.87648e-06      -9.8092 71
              98.896 -0.00304038 1.82364e-05  0.00777229   2.94493 -0.043818   1.90867  0.0190503  0.0167415 -0.0268275 -0.000107353 -7.39269e-07 -3.70934e-05 -0.000360311  7.11793e-05  -0.00821151  3.53195e-05 -5.32637e-06      -9.8092 71
              98.996 -0.00290859 0.000282896  0.00772067    2.94878 -0.0433738    1.90616 0.0196138 0.0176286 -0.025487 -0.000107889  -8.7056e-07 -4.01552e-05 -0.000374208  8.15724e-05    -0.008212 3.66021e-05 -6.2675e-06     -9.8092 70
              99.096 -0.00270971 0.000512127  0.00768704    2.95389 -0.0441275    1.90401 0.0187726 0.0181842 -0.025879 -0.000110655 -1.21358e-06 -3.99778e-05 -0.000397474  0.000102063  -0.00821387  3.87505e-05 -8.12858e-06      -9.8092 70
              99.196 -0.00263735 0.000346754  0.00766159    2.95605 -0.0439917    1.90216  0.0175231  0.0180173 -0.0258763 -0.000110891  -4.8861e-06 -4.18016e-05 -0.000393333  0.000118311  -0.00821732 3.83857e-05 -9.6246e-06     -9.8092 69
              99.296 -0.00253676 0.000619136  0.00778019    2.95755 -0.0454688    1.90099  0.0173511  0.0186239 -0.0261505 -0.000113286 -6.35985e-06 -4.53902e-05 -0.000386934  0.000146427  -0.00822409 3.78209e-05 -1.2214e-05     -9.8092 69
              99.404 -0.00228681 0.000704152  0.00797496    2.96331 -0.0485246     1.8995  0.0186809  0.0174404 -0.0257822 -0.000112275 -1.04117e-05  -4.6035e-05 -0.000407851  0.000195022  -0.00823056  3.97796e-05 -1.66518e-05      -9.8092 69
              99.504 -0.00209042 0.000429115  0.00799241    2.96585 -0.0530255    1.89648  0.0176643  0.0167319 -0.0247606 -0.000106719 -1.55746e-05 -4.47553e-05 -0.000405146  0.000259664  -0.00822909 3.95948e-05 -2.2569e-05     -9.8092 68
              99.608 -0.00217725 2.35388e-05  0.00798762    2.96676 -0.0496961    1.89426 0.0165335 0.0187074 -0.023321  -9.8005e-05 -2.15358e-05 -4.40615e-05 -0.000389736  0.000259087  -0.00823067 3.81881e-05 -2.2524e-05     -9.8092 68
              99.708  -0.00257168 -0.000398168   0.00801781     2.9661 -0.0453134    1.89228   0.015423  0.0187536 -0.0224567 -9.70128e-05 -2.64103e-05 -4.31503e-05 -0.000367066  0.000238734  -0.00823216  3.60965e-05 -2.06804e-05      -9.8092 68
              99.808  -0.00303535 -0.000635332   0.00804545    2.96884 -0.0432689     1.8905  0.0145169  0.0197814 -0.0211365  -0.00010015 -3.30405e-05 -4.33998e-05 -0.000367775   0.00023423  -0.00823384  3.61606e-05 -2.02715e-05      -9.8092 68
              99.912  -0.00333273 -0.000942583   0.00792112    2.97078 -0.0403125    1.88886   0.011744  0.0209399 -0.0189461 -0.000102727 -3.80236e-05 -4.38414e-05 -0.000365582  0.000223504  -0.00823588  3.59524e-05 -1.92949e-05      -9.8092 67
             100.016  -0.00335528 -0.000985382   0.00791631    2.97354 -0.0369993    1.88704  0.0111987  0.0220306 -0.0172981 -0.000103886 -4.28095e-05 -4.48918e-05 -0.000371262  0.000212712  -0.00823595  3.64659e-05 -1.83037e-05      -9.8092 67
             100.116 -0.00332659 -0.00125781  0.00801692    2.97158 -0.0317147    1.88574 0.00948335  0.0231716  -0.014911 -0.000102428 -4.90657e-05 -4.84344e-05 -0.000341799  0.000188413  -0.00823717   3.3751e-05 -1.61041e-05      -9.8092 66
             100.224 -0.00293038 -0.00157904  0.00806568    2.97272 -0.0294179    1.88458 0.00859631   0.025322 -0.0134866 -9.34891e-05 -5.65165e-05 -4.76879e-05 -0.000333417  0.000202974  -0.00823906  3.30025e-05 -1.74376e-05      -9.8092 66
             100.328  -0.0028781 -0.00157713   0.0081386    2.98054 -0.0279685    1.88445 0.00853176  0.0264214 -0.0115946  -9.0106e-05  -6.1104e-05 -5.18628e-05 -0.000376809  0.000218448  -0.00824482  3.69906e-05 -1.88149e-05      -9.8092 65
             100.428 -0.00300627 -0.00162318  0.00808712    2.98166 -0.0264444    1.88405 0.00645583  0.0257953  -0.010895 -8.94264e-05 -6.40798e-05 -5.10933e-05 -0.000375716  0.000228051  -0.00824821  3.69003e-05 -1.96941e-05      -9.8092 64
             100.532 -0.00271397 -0.00175964  0.00802298    2.98213 -0.0242056    1.88326 0.00347441  0.0255447 -0.0105354  -8.6403e-05 -6.64138e-05 -5.00705e-05 -0.000372991  0.000235276  -0.00824966  3.66589e-05 -2.03551e-05      -9.8092 65
             100.636 -0.00228137 -0.00187709  0.00803618    2.98485 -0.0213536    1.88285 0.000893951   0.0248233 -0.00958304 -8.39107e-05 -6.60744e-05 -5.48579e-05 -0.000390064  0.000237083  -0.00825256  3.82227e-05 -2.05026e-05      -9.8092 64
              100.74 -0.00182364 -0.00194877  0.00786002    2.99746 -0.0356899    1.88492 0.00253222  0.0194269 -0.0078216  -9.1196e-05 -7.77959e-05 -4.92399e-05 -0.000466009  0.000366546  -0.00826646  4.52882e-05 -3.22861e-05      -9.8092 64
              100.84 -0.00163101 -0.00204814  0.00787055    2.99906 -0.0354289    1.88485  0.00100452   0.0171985 -0.00785133 -9.20968e-05   -8.066e-05 -4.94033e-05 -0.000473099  0.000378217  -0.00826978  4.59481e-05 -3.33472e-05      -9.8092 63
              100.94  -0.0016011 -0.00223585  0.00787182    2.99837 -0.0344155    1.88422  -0.0013338   0.0167703 -0.00655294 -9.28325e-05 -8.12232e-05  -4.9208e-05 -0.00046735  0.00038277 -0.00827015 4.54263e-05 -3.3769e-05     -9.8092 63
              101.04 -0.00176818   -0.002644  0.00796826     2.9946 -0.0319237    1.88494 -0.00370805   0.0157997 -0.00437773 -9.64539e-05 -9.13349e-05 -5.60729e-05 -0.000429742  0.000371174  -0.00827549  4.19808e-05 -3.27396e-05      -9.8092 62
              101.14 -0.00198264 -0.00304071  0.00799224      2.993 -0.0308448    1.88411 -0.00632658   0.0136552 -0.00262366 -0.000103322 -9.56307e-05  -5.7036e-05 -0.000416455  0.000366687  -0.00827271  4.07639e-05 -3.23492e-05      -9.8092 62
             101.244 -0.00247058 -0.00374336  0.00795933    2.99336 -0.0291216    1.88423 -0.00964754   0.0139549 -0.00320717 -0.000103475 -9.50118e-05 -5.64076e-05 -0.000425781  0.000362593  -0.00827496  4.16125e-05 -3.19649e-05      -9.8092 62
             101.348  -0.0025047 -0.00419023  0.00805732    2.98409 -0.0226767    1.88668   -0.013687   0.0134838 -0.00236333 -0.000106374 -0.000103452 -6.10963e-05 -0.000357635   0.00031265    -0.008287  3.53405e-05 -2.74448e-05      -9.8092 61
             101.448 -0.00273533 -0.00440473  0.00811917  2.98222 -0.02056  1.88673  -0.0159136   0.0137511 -0.00214564 -0.000106291  -0.00010357 -6.10827e-05 -0.000355046  0.000305919  -0.00828842  3.50978e-05 -2.68297e-05      -9.8092 61
             101.548 -0.00276165 -0.00425505  0.00810719    2.98223 -0.0192533    1.88747  -0.0190256   0.0139529 -0.00253812 -0.000106518 -0.000105375 -6.02338e-05 -0.000366593  0.000303833    -0.008293  3.61516e-05 -2.66242e-05      -9.8092 61
             101.648 -0.00252965 -0.00377517  0.00787524    2.98114 -0.0160356    1.88882  -0.0210179   0.0156042 -0.00285295 -0.000104502 -0.000108535 -6.10405e-05 -0.000371518  0.000288324  -0.00830073  3.65882e-05 -2.51904e-05      -9.8092 59
             101.748 -0.00211942 -0.00323362  0.00783414    2.98083 -0.0144464    1.88949  -0.0235301    0.014855 -0.00163983 -0.000101549 -0.000108904 -6.20246e-05 -0.00038628 0.000290413 -0.00830517 3.79379e-05  -2.536e-05     -9.8092 60
             101.852 -0.00169432 -0.00328238  0.00784217    2.98043 -0.0146464    1.88961  -0.0262217   0.0145457 -0.00139942 -9.75096e-05 -0.000107028 -6.05539e-05 -0.000405657  0.000309054  -0.00830689  3.97228e-05 -2.70416e-05      -9.8092 59
             101.948 -0.00160487 -0.00328089  0.00787768    2.97779 -0.0139822    1.88873  -0.0287761   0.0140647 -0.00103392 -8.98276e-05  -0.00010379 -6.12585e-05 -0.000409353  0.000327994  -0.00830365 4.00765e-05 -2.8768e-05     -9.8092 59
             102.048 -0.00143419 -0.00318357  0.00783911    2.98265 -0.0169472    1.88803  -0.0300042   0.0120363 -0.00102479 -8.36173e-05 -0.000100841 -5.35199e-05 -0.000474519  0.000368014  -0.00830159   4.6064e-05 -3.23714e-05      -9.8092 58
             102.148 -0.00125153 -0.00265853    0.007898    2.98091 -0.0128402    1.88907   -0.0312907    0.0116877 -0.000134415 -7.44025e-05 -0.000102314 -5.48754e-05 -0.000485251   0.00035436  -0.00830682  4.70313e-05 -3.10979e-05      -9.8092 58
             102.248 -0.00120801 -0.00225737  0.00789951     2.98488 -0.00913284     1.88878   -0.0308061    0.0123099 -0.000143807 -6.42956e-05 -9.79138e-05 -4.97368e-05 -0.000549098  0.000345174  -0.00830667  5.28536e-05 -3.01985e-05      -9.8092 56
             102.348 -0.00115121 -0.00220458  0.00801507      2.9814 -0.00799546     1.88905 -0.0313556  0.0105682 0.00123721 -6.52446e-05 -9.46096e-05 -4.84442e-05 -0.000550025  0.000343241  -0.00830784  5.29335e-05 -3.00187e-05      -9.8092 56
             102.448  -0.0012976 -0.00238712  0.00800496     2.97955 -0.00523423      1.8896 -0.0331272  0.0104269 0.00181554 -6.06695e-05 -9.59007e-05  -4.6717e-05 -0.000560788  0.000333286  -0.00830986  5.39078e-05 -2.90934e-05      -9.8092 55
             102.548 -0.00124687 -0.00267374  0.00798599    2.97562 -0.0035068    1.89068 -0.0329643  0.0087332 0.00454488 -5.80478e-05 -9.77856e-05 -4.62652e-05 -0.000554095  0.000327644  -0.00831336  5.32904e-05 -2.85744e-05      -9.8092 55
             102.648 -0.00127819 -0.00267829  0.00789778     2.97215 -0.00259957     1.89169  -0.033284 0.00732227 0.00755721  -5.4888e-05 -9.86841e-05 -4.67648e-05 -0.000551813  0.000330041  -0.00831533  5.30829e-05 -2.87885e-05      -9.8092 54
             102.752 -0.00122981 -0.00273053  0.00784345     2.96835 -0.00175136     1.89277 -0.0349542 0.00744344 0.00923757 -5.10004e-05 -9.82028e-05  -4.7381e-05 -0.000550701  0.000334388  -0.00831633 5.29839e-05 -2.9181e-05    -9.80919 54
             102.856   -0.001278 -0.00277262  0.00782088      2.96489 -0.000167031       1.8939 -0.0355062 0.00679141 0.00927228 -4.82057e-05 -9.67354e-05  -4.8289e-05 -0.000554302   0.00033203  -0.00831715  5.33088e-05 -2.89582e-05     -9.80919 54
             102.956 -0.00121633 -0.00286432  0.00787432    2.96215 0.00202717    1.89497 -0.0367098 0.00628568  0.0094089 -4.59003e-05 -9.33848e-05 -4.94166e-05 -0.000566125  0.000324007  -0.00831802 5.43778e-05 -2.8211e-05    -9.80919 53
              103.06 -0.000975964  -0.00299291   0.00784096    2.95872 0.00318672    1.89598   -0.03794 0.00509953 0.00979355 -4.24794e-05 -9.26027e-05 -5.10541e-05 -0.000571458  0.000325336  -0.00831807  5.48653e-05 -2.83253e-05     -9.80919 52
             103.164 -0.000814151  -0.00302271    0.0078611    2.95929 0.00936463    1.89733  -0.037447 0.00492379  0.0110948 -3.44527e-05 -8.74854e-05 -5.04946e-05 -0.000615762  0.000291801  -0.00832021  5.88752e-05 -2.52164e-05     -9.80919 52
             103.268 -0.00103047  -0.0031116  0.00784594   2.95683 0.0155459   1.89863 -0.0387225 0.00503822  0.0103875 -3.29548e-05  -8.2616e-05 -5.05555e-05 -0.000635621  0.000250627  -0.00832177   6.0648e-05 -2.14354e-05     -9.80919 51
             103.368 -0.00107818 -0.00314068  0.00783272   2.95634 0.0202529   1.89879 -0.0398251 0.00413366 0.00918468 -3.34412e-05 -7.96302e-05 -4.89764e-05 -0.000667483  0.000218511  -0.00831854  6.35321e-05 -1.84882e-05     -9.80919 51
             103.468 -0.00100011 -0.00314497  0.00778352   2.95303 0.0219246   1.89878 -0.0416723 0.00410679  0.0089764 -3.66081e-05 -7.67083e-05 -4.78602e-05 -0.000677659  0.000206056   -0.0083148  6.44541e-05 -1.73562e-05      -9.8092 50
             103.568 -0.000897775  -0.00299258   0.00775511   2.95511 0.0303666   1.89776 -0.0411348 0.00510152 0.00861136 -4.09409e-05 -6.60546e-05 -4.35293e-05 -0.000741907  0.000141335  -0.00830736  7.02681e-05 -1.14238e-05      -9.8092 50
             103.668 -0.000856063  -0.00283071    0.0076359   2.95103 0.0312997   1.89731 -0.0433622 0.00313318 0.00771159 -4.36052e-05 -6.12754e-05 -4.31386e-05 -0.00074985 0.000135787 -0.00830196  7.09943e-05 -1.09289e-05      -9.8092 49
             103.772 -0.000619684  -0.00331126    0.0074322    2.9473 0.0363864   1.89729 -0.0446448 0.00280514 0.00766296  -4.4354e-05 -6.12821e-05 -4.06173e-05 -0.000757137  9.93345e-05  -0.00829876 7.16363e-05 -7.6089e-06     -9.8092 49
             103.876 -0.000425602  -0.00368447   0.00736735   2.94254 0.0367845   1.89818 -0.0455568 0.00103737 0.00889673 -4.40262e-05 -6.24692e-05 -4.19546e-05 -0.000755491  9.92071e-05  -0.00829863   7.1487e-05 -7.59866e-06      -9.8092 49
              103.98 -4.90615e-05  -0.00382129   0.00729227   2.93899 0.0341006   1.89892  -0.0451323 -0.00233078  0.00967346 -4.34251e-05 -6.53313e-05 -4.65278e-05 -0.000761644  0.000121765  -0.00829716  7.20704e-05 -9.65546e-06      -9.8092 49
             104.084 0.000429361 -0.00407451  0.00729154   2.93557 0.0276552   1.90023  -0.0471249 -0.00645747   0.0101582 -3.93466e-05 -6.57487e-05 -5.25854e-05 -0.000771671  0.000172445  -0.00829796  7.30233e-05 -1.42638e-05      -9.8092 48
             104.188  0.00101885 -0.00424369   0.0074249   2.93202 0.0202388   1.90159 -0.0480657 -0.0112283 0.00972604  -3.5998e-05 -6.61564e-05 -5.94673e-05 -0.000782333  0.000225796  -0.00829881  7.40354e-05 -1.91147e-05      -9.8092 48
             104.288  0.00118756 -0.00416066  0.00756352   2.93003 0.0154103    1.9029 -0.0468955 -0.0148898  0.0104809 -3.48568e-05 -6.78046e-05 -6.64544e-05 -0.000803053  0.000254892  -0.00830005  7.59444e-05 -2.17459e-05      -9.8092 48
             104.388 0.000795382 -0.00407573  0.00759854   2.92615 0.0119638   1.90403 -0.0474439 -0.0166352   0.010678 -3.72795e-05 -7.06676e-05 -6.82641e-05 -0.000806192  0.000265566  -0.00830046  7.62384e-05 -2.27161e-05      -9.8092 48
             104.488 0.000163618  -0.0041027  0.00777831   2.90256 0.0253286   1.90392 -0.0524799 -0.0159618    0.01083 -4.36421e-05 -7.58946e-05 -8.23811e-05 -0.000677466  0.000165614  -0.00829603   6.4433e-05 -1.37184e-05      -9.8092 47
             104.588 -0.000513172  -0.00391974   0.00781416    2.8984 0.0249963   1.90466 -0.0527415 -0.0193386  0.0105775 -4.96775e-05  -8.2212e-05 -8.12931e-05 -0.000678182  0.000148112  -0.00829499 6.44898e-05  -1.213e-05     -9.8092 46
             104.688 -0.00103708 -0.00370696  0.00783654   2.89491 0.0242486   1.90497 -0.0520656 -0.0214087   0.009788 -5.64963e-05  -8.5651e-05 -8.00469e-05 -0.000687265  0.000130364    -0.008292  6.53128e-05 -1.05207e-05      -9.8092 45
             104.788 -0.00136083 -0.00325388  0.00778584   2.89073 0.0217097   1.90407 -0.0528141  -0.024926 0.00844706 -6.95813e-05 -7.49829e-05 -7.75511e-05 -0.000709331   0.00011312  -0.00828478 6.73223e-05 -8.9665e-06     -9.8092 45
             104.888 -0.00145718 -0.00276241  0.00764068   2.88967 0.0174259   1.90582 -0.0512825 -0.0258521 0.00934733 -7.34532e-05 -7.66097e-05 -7.58718e-05 -0.00073529  0.00011828 -0.00828868  6.96801e-05 -9.40524e-06      -9.8092 44
             104.992   -0.001701 -0.00212355  0.00757658   2.88736 0.0134567   1.90824 -0.0492576 -0.0262818  0.0106681 -7.65704e-05 -7.65688e-05 -7.46878e-05 -0.000755114   0.00012144  -0.00829501  7.14679e-05 -9.65668e-06      -9.8092 44
             105.092 -0.00182898 -0.00131577  0.00743847    2.89028 0.00773878    1.90974 -0.0467869 -0.0279729  0.0106894 -7.55774e-05 -7.05442e-05   -6.636e-05 -0.000808805  0.000137109  -0.00829689 7.63665e-05 -1.1038e-05     -9.8092 44
             105.192 -0.00205155  -0.0006228  0.00760301    2.88071 0.00720544    1.91257 -0.0470025 -0.0287411  0.0120259 -8.02587e-05 -6.64957e-05 -7.26389e-05 -0.000786823  0.000119211  -0.00830465  7.43168e-05 -9.39637e-06      -9.8092 43
             105.292  -0.00247201 -0.000192762   0.00767575    2.87694 0.00401878    1.91408 -0.0439847  -0.027905  0.0130996 -7.98832e-05 -6.58843e-05 -7.12683e-05 -0.000791831  0.000120986  -0.00830565  7.47711e-05 -9.55048e-06      -9.8092 42
             105.392 -0.00277413 0.000170306  0.00784575       2.8702 -0.000904407      1.91833 -0.0412919 -0.0283578  0.0146865 -9.06448e-05 -6.05214e-05 -7.54051e-05 -0.000787592  0.000123593  -0.00831895  7.43292e-05 -9.74483e-06     -9.80919 41
             105.492  -0.0032821 0.000515888  0.00775109     2.86716 -0.00429245     1.92121 -0.0379436 -0.0286324  0.0167556 -9.67725e-05 -5.70886e-05 -7.09098e-05 -0.000796554  0.000117982  -0.00832494  7.51165e-05 -9.20816e-06     -9.80919 41
             105.592 -0.00369216 0.000694927  0.00779611     2.86206 -0.00516673     1.92288 -0.0348328 -0.0285212  0.0182208 -9.85095e-05 -5.90058e-05 -7.08903e-05 -0.000786246   0.00010379  -0.00832486  7.41677e-05 -7.92517e-06     -9.80919 40
               105.7 -0.00402634  0.00099872   0.0079396      2.857 0.00213859    1.92598 -0.0301727 -0.0234974  0.0186863 -9.83904e-05 -5.82653e-05 -7.17497e-05 -0.000780262  4.04619e-05  -0.00832968  7.35578e-05 -2.14734e-06     -9.80919 40
               105.8 -0.00439955  0.00129104   0.0079561     2.85776 0.000368933     1.93057 -0.0256975 -0.0213461   0.019022 -0.000110328 -5.12546e-05 -6.82937e-05 -0.000811865  2.26533e-05  -0.00834167  7.63694e-05 -4.63234e-07     -9.80919 40
               105.9 -0.00461413  0.00143735  0.00790931     2.85366 -0.00264939     1.93174 -0.0212437 -0.0219067  0.0182565 -0.000115184 -5.60419e-05 -6.80194e-05 -0.000796415  2.26553e-05  -0.00833898  7.49741e-05 -4.87949e-07     -9.80919 39
             106.004 -0.00454142  0.00169749  0.00793963     2.85148 -0.00441779      1.9333 -0.0164537 -0.0197911  0.0171154 -0.000116946 -5.84715e-05 -6.80528e-05 -0.000792999  1.81306e-05  -0.00833777  7.46655e-05 -8.45914e-08     -9.80919 39
             106.108 -0.00450765  0.00218147  0.00793916     2.84978 -0.00632524     1.93529 -0.0121105 -0.0186625    0.01674 -0.000116231 -5.76823e-05 -6.80148e-05 -0.000792726  1.82841e-05  -0.00833872  7.46365e-05 -9.44507e-08     -9.80919 38
             106.212  -0.004339 0.00213762 0.00792353    2.85349 -0.0059904    1.93722 -0.00763864  -0.0168058   0.0149667 -0.000114889 -5.68361e-05 -6.62129e-05 -0.000821217  6.20143e-06  -0.00833963 7.72191e-05 1.02969e-06    -9.80919 37
             106.316 -0.00409512   0.0019709  0.00794386     2.85197 -0.00769458     1.93912 -0.00283037  -0.0153468   0.0123112 -0.000115154 -5.69009e-05  -6.6588e-05 -0.000816195  6.72621e-06  -0.00834176 7.67527e-05  9.8729e-07    -9.80919 37
              106.42 -0.00403188  0.00195475  0.00793904     2.85041 -0.00952597     1.94077 0.00173033 -0.0134028  0.0100266 -0.000114766 -5.76391e-05 -6.69867e-05 -0.000807561  9.77433e-06  -0.00834397 7.59591e-05 7.13725e-07    -9.80919 37
              106.52 -0.0040794 0.00193897 0.00791464    2.84748 -0.0121018    1.94213 0.00536178  -0.012687 0.00859612 -0.000115096  -5.9267e-05 -6.79156e-05 -0.000788179   1.7357e-05  -0.00834594 7.41914e-05 1.87946e-08    -9.80919 36
              106.62 -0.00418704  0.00166045  0.00779344     2.8522 -0.0191081    1.94254 0.00845139 -0.0125264  0.0079059 -0.000117253 -6.41246e-05 -5.91262e-05 -0.000804913  4.77343e-05  -0.00834477  7.57435e-05 -2.73599e-06     -9.80919 36
              106.72 -0.00410241  0.00160875  0.00769844    2.85636 -0.0171342    1.94363  0.0129546 -0.0110542 0.00668176 -0.000119515 -6.60991e-05 -5.85567e-05 -0.000820946  2.79866e-05  -0.00834629  7.71832e-05 -9.23273e-07     -9.80919 36
             106.824 -0.00415562  0.00176249  0.00769809    2.85781 -0.0185262    1.94462  0.0184318 -0.0104732 0.00547258 -0.000121357 -6.72082e-05 -5.86087e-05 -0.000820233  2.82099e-05  -0.00834791  7.71114e-05 -9.37517e-07     -9.80919 35
             106.924 -0.00427394  0.00163343  0.00761549     2.8602 -0.0197588    1.94541   0.0201278 -0.00929141  0.00367812 -0.000125679 -6.60033e-05 -5.82089e-05 -0.00082453 2.55164e-05 -0.00834932  7.74934e-05 -6.85899e-07     -9.80919 35
             107.024 -0.00461158  0.00113629  0.00756545   2.86345 -0.014149   1.94657  0.0245425 -0.0071553 0.00241995  -0.00013162 -6.87276e-05 -5.53628e-05 -0.000828096 -1.55859e-05  -0.00835289 7.77756e-05 3.06537e-06    -9.80919 35
             107.124 -0.00530428 0.000640445  0.00754179     2.87044 -0.00475416     1.94856   0.0280522 -0.00412716  0.00074767 -0.000133305 -7.13576e-05 -5.31261e-05 -0.000851339  -7.0405e-05  -0.00836048 7.98208e-05 8.09957e-06    -9.80919 35
             107.224 -0.00570465 5.54897e-05  0.00748238     2.87106 -0.00783199     1.95077     0.029107  -0.00537152 -0.000556577 -0.000143419 -6.99602e-05 -5.19775e-05 -0.000844972 -6.47551e-05  -0.00837016 7.92006e-05 7.62248e-06    -9.80919 35
             107.324   -0.0056579 -0.000492943   0.00740668     2.86012 -0.00310956     1.95296   0.0276955 -0.00248967 -0.00389187 -0.000146191  -6.9438e-05 -4.85104e-05 -0.000773031 -9.49431e-05   -0.0083805 7.25911e-05 1.03609e-05    -9.80919 34
             107.428  -0.00408443 -0.000670116   0.00736582  2.84657 -0.01742  2.05207  0.0218918 -0.0135729 0.00996682 -0.000245485  -0.00011126 -4.98902e-05 -0.000854687 -3.07544e-05  -0.00881035 7.81357e-05 6.73482e-06    -9.80919 34
             107.528  -0.00370973 -0.000939499   0.00747092    2.84874 -0.0188489    2.05299  0.0217944 -0.0143632 0.00806261 -0.000245214 -0.000111194 -4.98875e-05 -0.000854602 -3.08847e-05   -0.0088103  7.8128e-05 6.74646e-06    -9.80919 34
             107.628  -0.00333027 -0.000858989   0.00780504    2.85973 -0.0224156    2.08868 0.00790857   -0.02743  0.0187356 -0.000257329 -0.000114561  -8.8449e-05 -0.000304169  0.000313624   -0.0092834   2.6706e-05 -2.02658e-05     -9.80919 33
             107.728  -0.00358613 -0.000396475   0.00772119    2.86064 -0.0251534    2.09011  0.0103219 -0.0278033 0.00830618 -0.000257272 -0.000114372 -8.85174e-05 -0.00030382 0.000313927 -0.00928331  2.66749e-05 -2.02944e-05     -9.80919 33
             107.828  -0.0033522 -0.00110403  0.00821271    2.90863 -0.0181223    2.07273   0.082357 -0.0246579 -0.0297609 -0.000327638    5.633e-05 -0.000122371 -0.00394468 0.000555733 -0.00858075  0.000358558 -4.72952e-05     -9.80919 33
             107.932  -0.00348074 -0.000777092   0.00813939    2.91726 -0.0206538    2.06864  0.0837794 -0.0234739 -0.0508511 -0.000327718  5.64867e-05 -0.000122393 -0.00394483 0.000555937 -0.00858068  0.000358572 -4.73144e-05     -9.80919 33
             108.028 -0.00371701 -0.00110682  0.00809449    2.92531 -0.0229388    2.06292 0.0839513 -0.024244 -0.069108 -0.000327602  5.66263e-05 -0.000122488 -0.00394465 0.000555765 -0.00858065  0.000358556 -4.72993e-05     -9.80919 32
             108.128 -0.00418159 -0.00224862  0.00804191  2.93368 -0.02534  2.05516  0.0829078 -0.0241052 -0.0869793 -0.000326702  5.59292e-05 -0.000122533 -0.00394483 0.000555093  -0.0085808 0.000358572 -4.7236e-05    -9.80919 33
             108.228 -0.00473517 -0.00389205  0.00796767     2.9419 -0.0277325    2.04567  0.0819305 -0.0228075  -0.104557 -0.000326471  5.33808e-05 -0.000122951 -0.00394386 0.000553792 -0.00858158  0.000358482 -4.71101e-05     -9.80919 33
             108.332 -0.00533741 -0.00527795  0.00795218    2.95022 -0.0300176    2.03407  0.0796334 -0.0216222  -0.120046 -0.000326861   4.8305e-05 -0.000122481 -0.00394113 0.000551564 -0.00858322  0.000358232 -4.68924e-05     -9.80919 32
             108.436 -0.00576456 -0.00644295  0.00783633    2.95831 -0.0322876     2.0211  0.0751867 -0.0221931  -0.131197 -0.000331157   3.9474e-05 -0.000123099 -0.00394172 0.000553143 -0.00858627   0.00035828 -4.70029e-05     -9.80919 33
             108.536 -0.00588583 -0.00761074  0.00771459    2.96564 -0.0345095    2.00781  0.0709756 -0.0219777  -0.138175 -0.000337876  2.78599e-05 -0.000123275 -0.00394443 0.000552735 -0.00859018  0.000358518 -4.69241e-05     -9.80919 33
             108.636 -0.00376901  -0.0052346  0.00524897 2.88238 -0.1274 2.07742 0.00391613  -0.105756 -0.0616705 -0.000546642 -0.000346406  0.000100204 0.00031732 0.00456106 -0.0110942 -3.45676e-05 -0.000382832     -9.80917 34
             108.736 -0.00381712 -0.00648151  0.00517054   2.88263 -0.138101    2.0711 0.000663005   -0.108416  -0.0656442 -0.000546727 -0.000346834  0.000100304 0.000316381  0.00456141  -0.0110943  -3.4483e-05 -0.000382862     -9.80917 35
             108.836 -0.00459856 -0.00684355  0.00509383    2.8826 -0.148855   2.06438 -0.000650435    -0.107264   -0.0697039 -0.000546212 -0.000347694  0.000100708 0.000315606  0.00455868  -0.0110948  -3.4417e-05 -0.000382609     -9.80917 35
             108.936 -0.00690477 -0.00540247  0.00506818   2.88247 -0.159359   2.05711 -0.00297154    -0.10573  -0.0773187 -0.000546834 -0.000347752  0.000100597 0.00031345 0.00455054 -0.0110952 -3.42303e-05 -0.000381868     -9.80917 36
              109.04 -0.00992779 -0.00316378  0.00507848   2.88229 -0.169659   2.04864 -0.00294575   -0.101844  -0.0867114 -0.000550914 -0.000346344  0.000100627 0.000308521   0.0045257  -0.0110961 -3.38085e-05 -0.000379616     -9.80917 36
              109.14   -0.0132744 -0.000721505   0.00505043   2.88203 -0.179092   2.03961 -0.00147984  -0.0973348   -0.097363 -0.000559657 -0.000340206   0.00010127 0.000311646  0.00450124  -0.0110993 -3.41354e-05 -0.000377377     -9.80917 38
              109.24 -0.0160176  0.0014224 0.00502462   2.88189 -0.187814   2.02963 0.00017366 -0.0913621  -0.108192 -0.000579316 -0.000331224  9.59102e-05 0.000320288  0.00447419  -0.0111042 -3.49793e-05 -0.000374892     -9.80917 35
              109.34 -0.0183777 0.00314087 0.00495525   2.88218 -0.196595   2.01837 0.00594326 -0.0831641  -0.116373 -0.000579316 -0.000331224  9.59102e-05 0.000320288  0.00447419  -0.0111042 -3.49793e-05 -0.000374892     -9.80917 38
              109.44 -0.0202707 0.00426464 0.00492437  2.88333 -0.20398  2.00669  0.0125054 -0.0734462  -0.123102 -0.000603641 -0.000320879  9.56231e-05 0.00031449 0.00445752 -0.0111105 -3.45248e-05 -0.000373314     -9.80917 41
              109.54 -0.0219074 0.00520414 0.00491089   2.88484 -0.210813   1.99415  0.0184537 -0.0621965  -0.127429 -0.000603641 -0.000320879  9.56231e-05 0.00031449 0.00445752 -0.0111105 -3.45248e-05 -0.000373314     -9.80917 44
              109.64 -0.0231121 0.00582729 0.00489507   2.88698 -0.216513   1.98137  0.0262569 -0.0495792  -0.127006 -0.000603641 -0.000320879  9.56231e-05 0.00031449 0.00445752 -0.0111105 -3.45248e-05 -0.000373314     -9.80917 48
              109.74 -0.0241639 0.00649655 0.00480649   2.88995 -0.220827   1.96869  0.0329631 -0.0362226  -0.125804 -0.000603641 -0.000320879  9.56231e-05 0.00031449 0.00445752 -0.0111105 -3.45248e-05 -0.000373314     -9.80917 53
             109.844  -0.024839 0.00665858  0.0047743   2.89381 -0.223916   1.95575  0.0413998 -0.0219855  -0.122683 -0.000603641 -0.000320879  9.56231e-05 0.00031449 0.00445752 -0.0111105 -3.45248e-05 -0.000373314     -9.80917 56
             109.952  -0.025161 0.00650188 0.00474837   2.89876 -0.225594    1.9427   0.0505718 -0.00830326   -0.117957 -0.000603641 -0.000320879  9.56231e-05 0.00031449 0.00445752 -0.0111105 -3.45248e-05 -0.000373314     -9.80917 59
             110.052 -0.0250984 0.00602655 0.00458986 2.90425 -0.2259  1.9312  0.0588784 0.00318121  -0.110933 -0.000603641 -0.000320879  9.56231e-05 0.00031449 0.00445752 -0.0111105 -3.45248e-05 -0.000373314     -9.80917 59
             110.152 -0.0248755 0.00497066 0.00447902   2.91048 -0.225113   1.92044 0.0658191  0.012885 -0.102098 -0.000603641 -0.000320879  9.56231e-05 0.00031449 0.00445752 -0.0111105 -3.45248e-05 -0.000373314     -9.80917 58
             110.252 -0.0246455 0.00390408 0.00436466  2.91742 -0.22327  1.91054   0.073174  0.0239276 -0.0951721 -0.000603641 -0.000320879  9.56231e-05 0.00031449 0.00445752 -0.0111105 -3.45248e-05 -0.000373314     -9.80917 60
             110.356 -0.00844062 -0.00781361  0.00489618  2.85517 -0.38377  1.79565 -0.0142699  -0.138934   -0.13638 -0.00210042 0.000704427 3.57098e-05  0.00051871  0.00695982 -0.00961135 -4.29779e-05 -0.000633314     -9.80918 61
              110.46 -0.00819399 -0.00877302   0.0047233   2.85332 -0.398576   1.78187 -0.0197806  -0.146057  -0.128706  -0.0021001 0.000704327 3.59026e-05 0.00052102 0.00695924 -0.0096117  -4.3189e-05 -0.000633255     -9.80918 60
             110.564 -0.00886526 -0.00944908  0.00460561   2.85091 -0.414022   1.76896 -0.0270629  -0.152348  -0.117835 -0.00209793 0.000704992 3.61659e-05 0.00052142 0.00695671 -0.0096119 -4.32301e-05 -0.000633031     -9.80918 67
             110.668  -0.0118094 -0.00894586  0.00443764   2.84785 -0.430022   1.75748 -0.0340218  -0.156255  -0.100733 -0.00209818 0.000706111 3.59621e-05  0.00051978  0.00695497 -0.00961185 -4.30831e-05 -0.000632876     -9.80918 73
             110.768  -0.0160842 -0.00767112  0.00438449   2.84411 -0.445739   1.74835 -0.0403092  -0.159477 -0.0808627 -0.00209849 0.000708517  3.5565e-05 0.000521874  0.00695383 -0.00961223 -4.32754e-05 -0.000632762     -9.80918 76
             110.868  -0.0206517 -0.00620925  0.00426484      2.84 -0.461725   1.74133 -0.0458458  -0.160903 -0.0595969 -0.00209544 0.000715714 3.91661e-05 0.000517693  0.00695368 -0.00961308   -4.291e-05 -0.000632732     -9.80918 81
             110.968  -0.0246611 -0.00518169  0.00416652   2.83583 -0.477558   1.73643 -0.0492412  -0.158252 -0.0389869 -0.00207926 0.000718352 3.78764e-05 0.000503768  0.00695071 -0.00961378 -4.16726e-05 -0.000632489     -9.80918 86
             111.068  -0.0285072 -0.00439619   0.0040372   2.83123 -0.492932   1.73342 -0.0513312   -0.15075 -0.0191853 -0.00205459 0.000713685 3.71185e-05 0.000497548   0.0069457 -0.00961218 -4.11178e-05 -0.000632157     -9.80918 91
             111.168  -0.0321734 -0.00346451  0.00390941  2.82622 -0.50743  1.73225   -0.053984   -0.139877 -0.00139054 -0.00203841 0.000707977 3.68296e-05 0.000495575  0.00694156 -0.00961026 -4.09364e-05  -0.00063189     -9.80918 95
             111.268  -0.0353877 -0.00232753  0.00384428   2.82084 -0.520851    1.7327 -0.0555847  -0.127788   0.016405 -0.00202498 0.000703999 3.12938e-05 0.000497378  0.00693913 -0.00960667 -4.10846e-05 -0.000631823     -9.80918 101
             111.368  -0.0382591 -0.00132969  0.00373962    2.8152 -0.533092   1.73493 -0.0566579  -0.115607  0.0315119 -0.00201699 0.000704274 3.18845e-05 0.000500073  0.00694233 -0.00960462 -4.13199e-05 -0.000632195     -9.80918 105
             111.468   -0.0405539 -0.000412846   0.00364318   2.80952 -0.543892    1.7386 -0.0568398  -0.101729  0.0457167 -0.00201405 0.000700608 2.97666e-05 0.000501119  0.00693416 -0.00960314 -4.14063e-05 -0.000631525     -9.80918 110
             111.572  -0.0422381 0.000685674  0.00336198    2.8039 -0.553565   1.74395 -0.0564163 -0.0863006  0.0585424 -0.00200992 0.000701508 3.71253e-05 0.000488962  0.00692149 -0.00960241 -4.03126e-05 -0.000630434     -9.80918 115
             111.676 -0.0439017 0.00153095 0.00312846   2.79803 -0.561553   1.75054 -0.0549715 -0.0695869  0.0693989 -0.00200643 0.000698877 3.76461e-05 0.000493275  0.00691464 -0.00960194 -4.06987e-05 -0.000629853     -9.80918 122
             111.776 -0.0453491 0.00185204 0.00283425   2.79252 -0.567726   1.75779 -0.0540083 -0.0557474  0.0775018  -0.0020014 0.000699045 3.77158e-05 0.000495645  0.00691129 -0.00960064 -4.09073e-05 -0.000629619     -9.80918 125
              111.88 -0.0463258 0.00231971 0.00261024   2.78668 -0.572578   1.76619 -0.0520892 -0.0405879  0.0846841 -0.00199798  0.00069914 3.64306e-05 0.000506932  0.00690465 -0.00960013 -4.19223e-05 -0.000629061     -9.80918 127
             111.984 -0.0469726 0.00316057 0.00244765   2.78141 -0.575776   1.77526 -0.0496632 -0.0249231   0.089677 -0.00199488 0.000696989 3.30741e-05 0.000510816  0.00689655 -0.00959982 -4.22701e-05 -0.000628368     -9.80918 127
             112.084 -0.0474806 0.00376579 0.00227655    2.7768 -0.577469   1.78443 -0.0477414   -0.01032   0.094129 -0.00199199 0.000695875 3.39714e-05 0.000502778  0.00689448 -0.00959962 -4.15464e-05 -0.000628202     -9.80918 128
             112.184 -0.0480661 0.00422374 0.00200625   2.77262 -0.577696   1.79404 -0.0446901 0.00182245  0.0980225 -0.00198881 0.000695133 3.43544e-05 0.000489926  0.00688866  -0.0095994 -4.03903e-05 -0.000627708     -9.80918 128
             112.292 -0.0486853  0.0047505 0.00164216   2.76781 -0.576446   1.80488 -0.0429426  0.0134623   0.100616 -0.00198655 0.000695514  3.4859e-05 0.000492608  0.00687503 -0.00960013 -4.06374e-05 -0.000626484     -9.80918 128
             112.392 -0.0491158 0.00505074 0.00127619   2.76387 -0.574494   1.81491 -0.040304  0.024998  0.101094 -0.00198317 0.000691903 3.66546e-05 0.000489452  0.00687654 -0.00959929 -4.03484e-05  -0.00062667     -9.80918 129
             112.496  -0.0493064  0.00534013 0.000966367   2.76007 -0.571075   1.82557 -0.0372049  0.0355289   0.101041 -0.00198102 0.000690692  3.6303e-05  0.00048331  0.00687151 -0.00960039 -3.98019e-05 -0.000626188     -9.80918 129
             112.596  -0.0494372  0.00579665 0.000642456   2.75678 -0.567207   1.83554 -0.0345122  0.0444797   0.100666 -0.00197846 0.000689984 3.56722e-05 0.000475194  0.00687933 -0.00959943  -3.9068e-05 -0.000626935     -9.80918 129
             112.696  -0.0500199  0.00637922 0.000433831   2.75411 -0.561687   1.84572 -0.0316803  0.0536303  0.0999096 -0.00197472 0.000689239 3.14071e-05 0.000460783  0.00686561 -0.00960012 -3.77778e-05 -0.000625717     -9.80918 129
             112.796   -0.050393  0.00682356 0.000290506   2.75163 -0.555988   1.85562 -0.0284222  0.0606122  0.0987336 -0.00197338 0.000687814 3.00818e-05 0.000448288  0.00686791 -0.00959961  -3.6652e-05 -0.000625952     -9.80918 130
               112.9  -0.0506629  0.00736972 2.24077e-05   2.74919 -0.549423   1.86565 -0.024452 0.0677829 0.0965247 -0.00196914 0.000689541 2.81586e-05 0.000436406  0.00687686 -0.00959816 -3.55816e-05 -0.000626838     -9.80918 127
             113.004   -0.0511482   0.00792824 -0.000192436   2.74739 -0.541901   1.87555 -0.0198429  0.0734994  0.0942631 -0.00196631 0.000688586 2.69306e-05 0.000424801  0.00687601 -0.00959776 -3.45386e-05 -0.000626805     -9.80918 126
             113.104   -0.0518539    0.0085411 -0.000511664   2.74646 -0.534402   1.88458 -0.016603 0.0793619 0.0911976 -0.00195924 0.000685379  3.1867e-05 0.000406679  0.00688739 -0.00959539 -3.29053e-05 -0.000627981     -9.80918 127
             113.204    -0.052491   0.00883853 -0.000724271   2.74537 -0.525525   1.89363 -0.012798  0.084094 0.0890492 -0.00195253 0.000682424 3.02746e-05 0.000402302  0.00687708 -0.00959502 -3.25162e-05 -0.000627154     -9.80918 127
             113.304   -0.0529342   0.00926518 -0.000940513  2.74452 -0.51616  1.90241 -0.00856919   0.0882488   0.0848405 -0.00194767 0.000680581 2.70229e-05 0.000400703  0.00686646 -0.00959519  -3.2378e-05 -0.000626259     -9.80918 126
             113.404  -0.0532326  0.00966998 -0.00116508   2.74494 -0.506389   1.91091 -0.00447652   0.0928809   0.0815099 -0.00194348 0.000679357 2.54077e-05 0.000378776  0.00685869 -0.00959608 -3.04159e-05 -0.000625569     -9.80918 124
             113.504  -0.0536768   0.0100331 -0.00149245   2.74486 -0.496607   1.91887 0.000234121   0.0964115   0.0775836  -0.0019383 0.000678674 2.09384e-05 0.000376226  0.00685831 -0.00959533 -3.01911e-05 -0.000625627     -9.80918 123
             113.604  -0.0543797   0.0105155 -0.00190563   2.74641 -0.486001   1.92665 0.00591729   0.099491  0.0751502 -0.00193098 0.000675929  2.2333e-05 0.000352699  0.00685258 -0.00959543 -2.80884e-05 -0.000625197     -9.80918 124
             113.704  -0.055168  0.0112577 -0.0022108   2.74683 -0.473538   1.93479 0.00846302   0.102184    0.07231  -0.0019245 0.000675139 1.72611e-05 0.000362347  0.00682049 -0.00960001 -2.89788e-05 -0.000622196     -9.80918 124
             113.804  -0.0557151    0.011339 -0.00246105    2.7478 -0.462238    1.9419 0.0113315  0.103847 0.0689995 -0.00191865 0.000674476 1.65803e-05 0.000363746  0.00680767 -0.00959996 -2.91156e-05 -0.000621149     -9.80918 124
             113.908 -0.0559872  0.0111059 -0.0026604   2.74906 -0.450093   1.94911 0.0153081  0.104968  0.066848 -0.00191222 0.000671766 1.62009e-05 0.000370957  0.00679141 -0.00960029 -2.97764e-05 -0.000619792     -9.80918 122
             114.008  -0.0562802   0.0110063 -0.00282583  2.75014 -0.43822   1.9558 0.0180328  0.106474 0.0645471 -0.00190654 0.000671024 1.43993e-05 0.000383619  0.00677313 -0.00960048 -3.09269e-05 -0.000618262     -9.80918 121
             114.108  -0.0571022    0.010986 -0.00318559   2.75291 -0.423116   1.96302 0.0199844  0.109633 0.0613693 -0.00189705 0.000666845  1.8809e-05 0.000377252  0.00671507 -0.00960535 -3.03883e-05 -0.000613049     -9.80918 121
             114.208  -0.0579853   0.0109131 -0.00335863   2.75493 -0.406843   1.97003 0.0220979  0.110992 0.0597249 -0.00188509 0.000666941 1.53514e-05 0.000380089  0.00664571 -0.00960962 -3.06842e-05 -0.000606931     -9.80918 122
             114.312  -0.0586676   0.0110062 -0.00358705   2.75731 -0.390067   1.97731 0.0247249  0.113227 0.0564003 -0.00187698 0.000664527 1.77295e-05 0.000387738  0.00658109 -0.00961612 -3.14045e-05 -0.000601032     -9.80918 122
             114.412  -0.0591555    0.011439 -0.00386207    2.7615 -0.375988   1.98346  0.026333  0.112923 0.0543052 -0.00187199 0.000662647 1.90276e-05 0.000363534  0.00655032 -0.00961939 -2.92512e-05 -0.000598234     -9.80918 121
             114.512   -0.05959  0.0117121 -0.0041428   2.76772 -0.358367    1.9901 0.0286865  0.113477 0.0508004 -0.00186253 0.000660904 2.28742e-05 0.000311384  0.00647792 -0.00962641 -2.46108e-05 -0.000591675     -9.80918 121
             114.612  -0.0597466   0.0118718 -0.00439061   2.77132 -0.346099   1.99513 0.0301609   0.11124  0.048515 -0.00185809 0.000657881 1.99408e-05 0.000305943   0.0064686 -0.00962657 -2.41364e-05 -0.000590931     -9.80918 119
             114.712  -0.0597103   0.0119888 -0.00465578   2.77569 -0.335206   1.99961 0.0318544  0.108059 0.0462664 -0.00185352 0.000656385   1.635e-05 0.000288019  0.00647127 -0.00962447 -2.25425e-05 -0.000591384     -9.80918 117
             114.816  -0.0595931   0.0120823 -0.00497053  2.78033 -0.32353  2.00418 0.0334965  0.104957 0.0420691 -0.00184904 0.000653038 1.55927e-05  0.00027431  0.00646692 -0.00962375 -2.13284e-05 -0.000591142     -9.80918 115
             114.916  -0.0598821   0.0124721 -0.00516755   2.78856 -0.312579   2.00839 0.0367881 0.0999816 0.0384304 -0.00184295 0.000646631 8.74185e-06 0.000214579  0.00646927 -0.00962418 -1.59883e-05 -0.000591426     -9.80918 114
              115.02  -0.0604686   0.0123728 -0.00531767   2.79525 -0.299214   2.01283 0.0388332 0.0968682 0.0357073   -0.0018352  0.000643428 -3.91937e-07 0.000181012  0.00644538 -0.00962645 -1.30064e-05 -0.000589353     -9.80918 114
              115.12  -0.0612089   0.0122253 -0.00544743   2.79957 -0.281795   2.01759 0.0395889 0.0947103 0.0331319  -0.00182012  0.000640692 -2.75963e-06 0.000181129  0.00637353  -0.0096314 -1.30844e-05 -0.000583116     -9.80918 113
              115.22  -0.0617343   0.0120691 -0.00572763   2.80427 -0.264841   2.02236 0.0395296 0.0917887 0.0309946  -0.00181143  0.000639474 -6.05457e-06 0.000175629  0.00630503 -0.00963839 -1.26294e-05 -0.000576908     -9.80919 112
              115.32  -0.0623801   0.0119004 -0.00599941   2.80892 -0.249649   2.02643 0.0385805 0.0887592 0.0273908  -0.00180272  0.000637882 -8.39745e-06 0.000169594  0.00625226  -0.0096431 -1.21282e-05 -0.000572221     -9.80919 112
              115.42  -0.0632526   0.0115391 -0.00630055   2.81344 -0.235854    2.0299 0.0378807 0.0847698 0.0258887  -0.00179526  0.000638253 -8.83367e-06  0.00016126  0.00620848 -0.00964624 -1.14186e-05 -0.000568405     -9.80919 113
              115.52  -0.0638481   0.0113363 -0.00651627   2.81693 -0.223905   2.03301 0.0362087 0.0801504 0.0242934  -0.00179097  0.000637703 -1.12011e-05 0.000165758  0.00617626  -0.0096486 -1.18442e-05 -0.000565572     -9.80919 113
              115.62  -0.0642325   0.0112783 -0.00682211   2.82397 -0.211567   2.03615 0.0369607 0.0735367 0.0203675  -0.0017845 0.000637491 4.49436e-07  0.00012611  0.00614087 -0.00965205 -8.32435e-06 -0.000562459     -9.80919 112
              115.72  -0.0649491   0.0114216 -0.00707367   2.82866 -0.201728   2.03834 0.0349476 0.0684969 0.0168034 -0.00177824 0.000634927  6.1071e-07 0.000116518  0.00612022 -0.00965265 -7.50066e-06 -0.000560803     -9.80919 112
              115.82  -0.0657091   0.0115825 -0.00732656   2.82912 -0.189684   2.04073 0.0329537 0.0633014 0.0137877  -0.00176538  0.000629251 -1.20996e-05 0.000159399   0.0060882 -0.00965518 -1.14059e-05  -0.00055812     -9.80919 112
              115.92   -0.066377   0.0115808 -0.00762766   2.83576 -0.179794   2.04272 0.0317963 0.0574479 0.0103752  -0.00175988  0.000627363 -1.02343e-05 0.000124494  0.00606594 -0.00965839 -8.30189e-06 -0.000556112     -9.80919 112
              116.02 -0.0670093  0.0118017 -0.0076648   2.83652 -0.163007    2.0456  0.0282501  0.0542894 0.00646944  -0.00174695  0.000621533 -2.73249e-05 0.000160818  0.00599446 -0.00966609 -1.16126e-05 -0.000549701     -9.80919 112
             116.124  -0.0677592   0.0120509 -0.00780089   2.84251 -0.150026   2.04767  0.026799 0.0480459 0.0035265  -0.00173902  0.000620588 -3.30734e-05 0.000130981  0.00595014  -0.0096722 -8.96921e-06 -0.000545644     -9.80919 111
             116.224  -0.0684721   0.0122534 -0.00809273   2.84602 -0.139276   2.04905  0.0249569  0.0429125 0.00093359  -0.00173391  0.000619589 -2.92776e-05 0.000124711  0.00591122  -0.0096766 -8.43213e-06 -0.000542134     -9.80919 111
             116.324  -0.0692173   0.0127391 -0.00832391   2.85064 -0.125893   2.05116    0.0244484    0.0384182 -0.000533418  -0.00172629  0.000621451 -3.38069e-05 0.000104088  0.00586541 -0.00968546 -6.59673e-06 -0.000537693     -9.80919 111
             116.424  -0.0698351   0.0133047 -0.00862598   2.85577 -0.118083   2.05186  0.0234396  0.0315345 -0.0042152  -0.00172124  0.000617567 -3.36624e-05 8.27905e-05  0.00584474 -0.00968886 -4.70908e-06 -0.000535802     -9.80919 111
             116.528  -0.0705993   0.0138225 -0.00898876   2.85478 -0.107231   2.05273    0.022623   0.0266911 -0.00639165   -0.0017125  0.000613452 -3.79004e-05 0.000124543  0.00580599 -0.00969394 -8.48489e-06 -0.000532289     -9.80919 111
             116.628  -0.0711331   0.0143008 -0.00936289    2.86031 -0.0933013    2.05448   0.0219407   0.0232939 -0.00703777   -0.0017029  0.000607128 -4.25083e-05 0.000105308  0.00575504 -0.00970354 -6.78194e-06 -0.000527423     -9.80919 111
             116.728  -0.0718769   0.0146177 -0.00970056    2.86506 -0.0756285    2.05675  0.0207408  0.0212245 -0.0083466  -0.00169006  0.000603519 -4.65432e-05 9.05991e-05  0.00568253  -0.0097147 -5.50498e-06  -0.00052071     -9.80919 111
             116.836 -0.0722903  0.0147976 -0.0101417    2.86695 -0.0663394    2.05718   0.0198604   0.0140089 -0.00986305  -0.00168441  0.000603169 -4.47035e-05 9.70334e-05  0.00564744 -0.00971958 -6.10213e-06 -0.000517495     -9.80919 110
             116.936 -0.0724003  0.0148401 -0.0104887    2.86812 -0.0626522    2.05651   0.0184095  0.00625188 -0.00992084  -0.00168101  0.000603621 -4.64849e-05 0.000104039  0.00563429 -0.00972037 -6.75205e-06 -0.000516415     -9.80919 109
             117.036 -0.0726771  0.0152838 -0.0108348    2.87251 -0.0541017    2.05686     0.018738 -0.000164003  -0.00984408 -0.00167238 0.000601118 -4.8981e-05 8.71777e-05  0.00559906 -0.00972473 -5.28695e-06 -0.000513342     -9.80919 107
             117.136 -0.0731082  0.0159362 -0.0110134    2.87401 -0.0447192    2.05737   0.0190096 -0.00634449  -0.0115701 -0.00166018 0.000596225 -6.4454e-05 9.90955e-05  0.00556207 -0.00972927 -6.41173e-06 -0.000510155     -9.80919 106
             117.236 -0.0738538  0.0163739 -0.0112796      2.877 -0.0404788     2.0569  0.0181838 -0.0136722 -0.0136223  -0.00165462   0.00059435 -6.65018e-05 9.28954e-05  0.00553969 -0.00973139 -5.89174e-06 -0.000508276     -9.80919 106
             117.336 -0.0749462  0.0167844 -0.0116173     2.8822 -0.0345254    2.05668  0.0198104 -0.0209861 -0.0146646   -0.0016427  0.000589551 -6.55672e-05 7.27155e-05  0.00551408  -0.0097344 -4.16391e-06 -0.000506236     -9.80919 107
             117.436 -0.0756174  0.0169754 -0.0119334    2.88672 -0.0359028    2.05515  0.0192212 -0.0310983 -0.0173718   -0.0016381  0.000585448 -6.48383e-05  5.6006e-05  0.00551058 -0.00973387 -2.71302e-06 -0.000506157     -9.80919 106
              117.54 -0.0761175  0.0171498 -0.0122863   2.89129 -0.033518   2.05431  0.0199676 -0.0379963 -0.0179276  -0.00163309  0.000584304 -6.18376e-05 3.91296e-05  0.00548953 -0.00973704 -1.22883e-06 -0.000504298     -9.80919 106
              117.64 -0.0766916  0.0173729  -0.012432    2.88862 -0.0251422    2.05457  0.0182356 -0.0443976 -0.0176661  -0.00161987  0.000577425 -6.96583e-05 8.69119e-05  0.00545087 -0.00974287 -5.56386e-06 -0.000500888     -9.80919 105
              117.74 -0.0773549  0.0174669  -0.012755    2.89475 -0.0217009    2.05436  0.0193072 -0.0514329 -0.0177185    -0.001613  0.000575419 -6.61576e-05 5.96206e-05  0.00542779 -0.00974789 -3.14625e-06 -0.000498745     -9.80919 105
              117.84 -0.0783947  0.0175626 -0.0130037    2.90027 -0.0196729    2.05369  0.0201282 -0.0597264 -0.0181889  -0.0016059 0.000573546  -6.653e-05 3.68378e-05  0.00540231 -0.00975079 -1.15733e-06 -0.000496642     -9.80919 105
             117.944 -0.0796968  0.0178532 -0.0132988   2.90672 -0.022239   2.05245  0.0208105 -0.0684083  -0.017842  -0.00160141  0.000569865 -6.61467e-05 9.61068e-06  0.00538995 -0.00975228  1.24243e-06 -0.000495677     -9.80919 105
             118.044 -0.0810412  0.0182122 -0.0134429    2.90457 -0.0127785     2.0542  0.0192546 -0.0720649 -0.0172991  -0.00159146  0.000568541 -7.46077e-05 4.92706e-05  0.00535814 -0.00976449 -2.25243e-06 -0.000492041     -9.80919 105
             118.148 -0.0825314   0.018455 -0.0138687    2.90874 -0.0122838    2.05338  0.0186642 -0.0777228 -0.0183571  -0.00157677  0.000560993 -7.06355e-05 4.33594e-05   0.0053381 -0.00976564 -1.85895e-06 -0.000490801     -9.80919 106
             118.248 -0.0837721  0.0183431 -0.0140895     2.91834 -0.00995658     2.05337  0.0197455 -0.0823706 -0.0190009  -0.00156834  0.000557425 -7.22805e-05 -3.23976e-06   0.00531364  -0.00977086  2.27133e-06 -0.000488628     -9.80919 106
             118.348 -0.0849415  0.0183899 -0.0141616     2.93232 -0.00647205     2.05332  0.0218751 -0.0857289 -0.0196308  -0.00155701  0.000555126 -8.03596e-05 -7.98164e-05   0.00528375  -0.00977539  9.04159e-06 -0.000486237     -9.80919 106
             118.448 -0.0859751  0.0185849  -0.014294     2.94063 -0.00851822     2.05254  0.0206222  -0.091582 -0.0208036   -0.0015513  0.000547914 -8.15866e-05 -0.000112186   0.00526992  -0.00977873  1.19073e-05 -0.000485029     -9.80919 107
             118.548   -0.08696  0.0184698 -0.0143792    2.94875 -0.0107509     2.0517 0.0194253 -0.096329 -0.021648 -0.00154582 0.000546961 -8.7594e-05 -0.000149661   0.00525551  -0.00978225  1.52397e-05 -0.000483736     -9.80919 106
             118.648   -0.08792  0.0179673 -0.0145105     2.9533 -0.0154685    2.05032  0.0185459  -0.102336 -0.0223243  -0.00154089   0.00054511 -9.41025e-05 -0.000163812   0.00524551  -0.00978419  1.64788e-05 -0.000482917     -9.80919 106
             118.748 -0.0892335  0.0175932 -0.0149524    2.96828 -0.0260115    2.04758  0.0207338  -0.109167 -0.0254115  -0.00153002  0.000527774 -7.95901e-05 -0.000233191   0.00524668  -0.00978052   2.2482e-05 -0.000483984     -9.80919 106
             118.848 -0.0903898  0.0168944 -0.0151749    2.97283 -0.0335343    2.04523  0.0178804  -0.115052 -0.0270463 -0.00152537 0.000529712 -7.9974e-05 -0.000250932   0.00523557  -0.00978041  2.40046e-05 -0.000483328     -9.80919 105
             118.948 -0.0916167  0.0162092 -0.0154544    2.98001 -0.0381805     2.0436  0.0161403  -0.119841 -0.0300087  -0.0015197 0.000525972 -8.3999e-05 -0.000278919   0.00522443  -0.00978352  2.64811e-05 -0.000482363     -9.80919 105
             119.048  -0.093055  0.0153552 -0.0157303    2.98495 -0.0413187    2.04164 0.0126623   -0.1235 -0.032199  -0.00150829  0.000520252 -8.57081e-05 -0.000292959   0.00520755  -0.00978479  2.76162e-05 -0.000481374     -9.80919 105
             119.148 -0.0946107  0.0145994 -0.0159683   2.98881 -0.045046   2.03923 0.00810774  -0.126223 -0.0360787  -0.00149833  0.000515749 -9.32816e-05 -0.000304066   0.00518996  -0.00978581  2.85049e-05 -0.000480308      -9.8092 105
             119.248 -0.0962193  0.0139714 -0.0162716    2.99439 -0.0538869    2.03596 0.00335531  -0.129323 -0.0390149  -0.00149389  0.000514163 -9.56511e-05 -0.000331464   0.00518169  -0.00978627   3.0897e-05 -0.000479851      -9.8092 104
             119.348 -0.0978763  0.0132454 -0.0165026    3.00335 -0.0565991    2.03343 -0.000993704     -0.12903    -0.041942  -0.00148372  0.000511826 -9.85913e-05 -0.000378581   0.00516618  -0.00978903  3.50144e-05 -0.000478837      -9.8092 104
             119.452 -0.0994657   0.012865 -0.0168404    3.00801 -0.0739141    2.02763 -0.00771428   -0.134671  -0.0449953  -0.00147627  0.000500984 -9.41827e-05 -0.000402063   0.00516743  -0.00978282  3.69035e-05 -0.000480058      -9.8092 104
             119.552  -0.101132  0.0127899 -0.0172102    3.01827 -0.0785671    2.02451 -0.0145094  -0.135334 -0.0492506  -0.00147073  0.000499046 -9.45338e-05 -0.000461686   0.00515703  -0.00978689  4.22057e-05 -0.000479148      -9.8092 105
             119.656  -0.102751  0.0124852 -0.0175049    3.02307 -0.0883394    2.01965 -0.0222573  -0.136813 -0.0527694  -0.00146541  0.000496956 -9.61687e-05 -0.000496688   0.00514829  -0.00978689  4.52482e-05 -0.000478805      -9.8092 104
             119.756 -0.104287 0.0119456 -0.017774    3.02805 -0.0988278    2.01451 -0.0297578  -0.138801 -0.0565869  -0.00145811  0.000492508 -9.88582e-05 -0.000534456   0.00514497  -0.00978629  4.85119e-05 -0.000479028      -9.8092 104
             119.856  -0.105912   0.011892 -0.0180424   3.02334 -0.107334   2.00854 -0.0378169  -0.138788 -0.0613033  -0.00144568  0.000481319 -0.000100047 -0.000518512   0.00513126  -0.00978218  4.68518e-05 -0.000479073      -9.8092 105
             119.956  -0.107673  0.0116201 -0.0183328   3.02361 -0.111353    2.0041 -0.0462792    -0.1362 -0.0645585   -0.0014382  0.000478033 -0.000103817 -0.000535778   0.00512848   -0.0097868  4.8395e-05 -0.00047866     -9.8092 105
             120.056  -0.109405  0.0115061 -0.0186189   3.02021 -0.115649   1.99915 -0.0539878  -0.134239 -0.0666893 -0.00143012 0.000471866  -0.0001059 -0.000535847   0.00512528  -0.00979021  4.83753e-05 -0.000478373      -9.8092 105
             120.156  -0.110983  0.0113853 -0.0189981   3.01916 -0.124393   1.99273 -0.0616888  -0.132968 -0.0692396  -0.00142267  0.000467494 -0.000107119 -0.000556543   0.00511878  -0.00978935  5.01006e-05 -0.000478424      -9.8092 105
             120.256  -0.112506  0.0119442 -0.0194039   3.01018 -0.137757   1.98472 -0.0698969  -0.132763 -0.0711781  -0.00141375  0.000456974 -0.000108805 -0.000538457   0.00511162  -0.00978348  4.82575e-05 -0.000479065      -9.8092 105
             120.356   -0.11391  0.0126331 -0.0197665   3.00903 -0.143018   1.97895 -0.0773046  -0.129931 -0.0699978   -0.0014063  0.000453489 -0.000109128 -0.000564395   0.00510977  -0.00978609   5.0527e-05 -0.000479032      -9.8092 105
             120.456  -0.115587  0.0135175 -0.0199816   3.00904 -0.149754   1.97207 -0.0823313  -0.127218 -0.0707714  -0.00139709  0.000445146 -0.000113812 -0.000598515   0.00509509  -0.00978324   5.3363e-05 -0.000478964      -9.8092 105
             120.556  -0.117198  0.0144827 -0.0203079   3.00194 -0.160871   1.96448 -0.0890043  -0.126051 -0.0724132  -0.00139163  0.000441203 -0.000114054 -0.000603983    0.0050862  -0.00977985 5.36933e-05  -0.0004791     -9.8092 105
              120.66  -0.118617  0.0153658 -0.0207673   2.98897 -0.177997    1.9549 -0.0953832  -0.125636 -0.0727577  -0.00138829  0.000432576 -0.000112288 -0.000586187   0.00507004  -0.00977119  5.18453e-05 -0.000479297      -9.8092 104
              120.76  -0.119838  0.0161222 -0.0210924   2.97674 -0.186961   1.94714  -0.101292  -0.121498 -0.0707913  -0.00138125   0.00042557 -0.000113421 -0.000570969   0.00505607  -0.00976668  5.02853e-05 -0.000479308      -9.8092 101
              120.86  -0.121271  0.0170767 -0.0215277   2.97111 -0.188366   1.94165  -0.104876  -0.115012 -0.0667507 -0.00137379 0.000423517 -0.00011878 -0.000588727   0.00504953  -0.00976881  5.18165e-05 -0.000479065      -9.8092 93
              120.96  -0.122787  0.0184872 -0.0219702   2.96198 -0.204813   1.93321  -0.107105  -0.113537 -0.0625786  -0.00137164   0.00041648 -0.000115762 -0.000595531   0.00503529  -0.00976101  5.21752e-05 -0.000479341      -9.8092 91
              121.06  -0.124548  0.0197557 -0.0223078   2.95343 -0.202774   1.92875  -0.107609  -0.105925 -0.0586207  -0.00136118  0.000409215 -0.000125091 -0.000597942   0.00502852  -0.00976271  5.23068e-05 -0.000479308      -9.8092 88
              121.16    -0.1261  0.0207324 -0.0228227   2.93836 -0.217767   1.92118  -0.109348  -0.104376 -0.0558028  -0.00135929  0.000405274 -0.000123266 -0.00058025  0.00501564 -0.00975561  5.05174e-05 -0.000479501      -9.8092 85
              121.26  -0.127557   0.021799 -0.0232675  2.92803 -0.22505  1.91537  -0.109959   -0.10154 -0.0505688  -0.00135402  0.000400959 -0.000126239 -0.00058162  0.00500294 -0.00975167  5.04577e-05 -0.000479572      -9.8092 83
             121.364  -0.129295  0.0229932 -0.0236697   2.91808 -0.232757   1.91006  -0.109424 -0.0963943  -0.046574  -0.00135027   0.00039871 -0.000126665 -0.000587258   0.00499417   -0.0097492   5.0832e-05 -0.000479627      -9.8092 80
             121.468  -0.130878  0.0242675 -0.0241668   2.90824 -0.237034   1.90541  -0.106646  -0.090145 -0.0437472  -0.00134346  0.000393255 -0.000130288 -0.000590596   0.00498479  -0.00974667   5.0967e-05 -0.000479864      -9.8092 78
             121.568  -0.132478  0.0257083 -0.0246126   2.90171 -0.240763   1.90173  -0.103152 -0.0830225 -0.0387988   -0.0013379   0.00039105 -0.000138947 -0.000605779   0.00498269  -0.00974637  5.22469e-05 -0.000480194      -9.8092 75
             121.668  -0.133842  0.0269809 -0.0251096   2.89444 -0.259718   1.89505 -0.0979365 -0.0818247 -0.0351108  -0.00133901  0.000387507 -0.000136487 -0.000622431   0.00496332  -0.00973612  5.34177e-05 -0.000480444      -9.8092 73
             121.768  -0.135214  0.0282631 -0.0255278   2.88297 -0.262223   1.89175 -0.0938638 -0.0750399 -0.0303075  -0.00133338  0.000386166 -0.000140979  -0.0006141  0.00495317 -0.00973345  5.25275e-05 -0.000480581      -9.8092 71
             121.868   -0.13689   0.029293 -0.0260969   2.87477 -0.272938   1.88758 -0.0876329 -0.0716821  -0.026606  -0.00133062  0.000379641 -0.000139705 -0.000617272   0.00494402  -0.00972798  5.26024e-05 -0.000481032      -9.8092 70
             121.968  -0.138572  0.0299859 -0.0264942   2.86926 -0.271131   1.88622 -0.0815438 -0.0639425 -0.0188997  -0.00132367  0.000375914 -0.000143574 -0.000625769   0.00494222  -0.00972852  5.32819e-05 -0.000481414      -9.8092 67
             122.072  -0.140253  0.0308358 -0.0267187    2.8708 -0.263128   1.88635 -0.0729885 -0.0540396 -0.0129124  -0.00131381  0.000371082 -0.000150742 -0.000658655   0.00494113  -0.00973053 5.61222e-05 -0.00048199     -9.8092 67
             122.176 -0.141666 0.0316218 -0.027037   2.86649 -0.269428   1.88468  -0.0652122  -0.0487335 -0.00661475   -0.0013124  0.000368495 -0.000151717 -0.000670352   0.00493474  -0.00972771  5.70412e-05 -0.000482208      -9.8092 64
             122.276  -0.142957  0.0321275 -0.0272905   2.86383 -0.270245   1.88413  -0.0581339  -0.0420787 -0.00141621 -0.00130793 0.000367112 -0.00015214 -0.000684042   0.00492715  -0.00972529  5.81023e-05 -0.000482562      -9.8092 61
              122.38  -0.144166  0.0323112 -0.0275699   2.85759 -0.271036   1.88421 -0.0519296 -0.0354168 0.00404816  -0.00130429  0.000364857 -0.000153798 -0.000681313   0.00492231  -0.00972354  5.77521e-05 -0.000482848      -9.8092 59
              122.48  -0.145236  0.0324375 -0.0278416   2.85695 -0.274977   1.88427 -0.0446773 -0.0311955 0.00775319 -0.00130215 0.000362558 -0.00015521 -0.000697938   0.00491652  -0.00972072 5.90914e-05 -0.00048321     -9.8092 57
              122.58  -0.146206  0.0326399 -0.0281184   2.85595 -0.273354   1.88558 -0.0369399 -0.0270727  0.0121359  -0.00129799  0.000360718 -0.000158623 -0.000708463   0.00491444  -0.00972002  5.99406e-05 -0.000483619      -9.8092 54
              122.68  -0.147282  0.0327183 -0.0283831   2.85517 -0.270487   1.88745  -0.031813 -0.0213871  0.0165466  -0.00129377  0.000358525 -0.000161469 -0.000716781    0.0049126  -0.00971958  6.05992e-05 -0.000484018      -9.8092 52
              122.78  -0.148103  0.0328413 -0.0286706   2.85405 -0.274203   1.88851 -0.0261581 -0.0199495  0.0201812 -0.00129219 0.000357895 -0.00016519 -0.000725364   0.00490606  -0.00971626  6.12188e-05 -0.000484352      -9.8092 48
              122.88  -0.148944  0.0327269 -0.0288728  2.85359 -0.27028  1.89063 -0.0209185 -0.0146719  0.0226886  -0.00128592  0.000356593 -0.000168369 -0.00073239  0.00489935 -0.00971342  6.16455e-05 -0.000485043      -9.8092 45
              122.98  -0.149568  0.0326913 -0.0290738   2.85458 -0.271092   1.89246 -0.0164506 -0.0119469  0.0246809  -0.00128362  0.000354941 -0.000168228 -0.000743449   0.00489255  -0.00971052 6.24692e-05 -0.00048543     -9.8092 43
              123.08  -0.150234  0.0327595 -0.0293341   2.86704 -0.279482   1.89343 -0.00861752  -0.0127366   0.0270557  -0.00128451  0.000351082 -0.000168842 -0.000795281   0.00488091  -0.00970508  6.68156e-05 -0.000485945      -9.8092 41
              123.18  -0.150984  0.0325452 -0.0295749  2.86664 -0.28534  1.89498 -0.00369532  -0.0143742   0.0306262  -0.00128569  0.000350091 -0.000170024 -0.00079906  0.00487021  -0.0097007  6.69841e-05 -0.000486047      -9.8092 38
              123.28  -0.151602  0.0322323 -0.0298564   2.86941 -0.284033   1.89819 -0.00144607  -0.0115915   0.0331519 -0.00128344 0.000348121 -0.00017125 -0.000808891   0.00486731  -0.00969956  6.77637e-05 -0.000486401      -9.8092 36
              123.38  -0.152562  0.0319424 -0.0300638  2.87461 -0.27557  1.90238  0.00184566 -0.00886904   0.0350821  -0.00127754  0.000347764 -0.000173905 -0.000825569   0.00486527  -0.00969922  6.91263e-05 -0.000487075      -9.8092 33
              123.48  -0.153438   0.031622 -0.0302074   2.88194 -0.276407   1.90551  0.00454418 -0.00873124   0.0364798  -0.00127591   0.00034825 -0.000180792 -0.000851719   0.00485959  -0.00969669  7.13012e-05 -0.000487555      -9.8092 29
              123.58  -0.154775  0.0310072 -0.0304337   2.88593 -0.271571   1.90975  0.00598496 -0.00873891   0.0378134 -0.00127235 0.000346206 -0.00018461 -0.000861614   0.00485939  -0.00969656  7.21118e-05 -0.000488043      -9.8092 28
              123.68  -0.155814  0.0302184 -0.0306432   2.88656 -0.272467   1.91352  0.00696327 -0.00890901   0.0372306 -0.00127235 0.000346206 -0.00018461 -0.000861614   0.00485939  -0.00969656  7.21118e-05 -0.000488043      -9.8092 25
              123.78  -0.152942   0.028943 -0.0263262   3.03861 -0.231597   1.79543 0.000199624  -0.0831338   0.0128462  -0.00155369  0.000444998 -0.000491174 -0.00173354  0.00296127 -0.00919732  0.000127101 -0.000486679     -9.80925 23
             123.884   -0.15408  0.0281887 -0.0266217   3.03848 -0.240406   1.79666 -0.00369592  -0.0860987   0.0104045  -0.00155369  0.000444998 -0.000491174 -0.00173354  0.00296127 -0.00919732  0.000127101 -0.000486679     -9.80925 21
             123.984 -0.154965 0.0263698 -0.026834   3.03783 -0.249217   1.79776 -0.00872797  -0.0906528   0.0112554  -0.00155369  0.000444998 -0.000491174 -0.00173354  0.00296127 -0.00919732  0.000127101 -0.000486679     -9.80925 19
             124.084  -0.155522  0.0229421 -0.0268236   3.03662 -0.258525    1.7991 -0.0161198 -0.0964708  0.0175083  -0.00155369  0.000444998 -0.000491174 -0.00173354  0.00296127 -0.00919732  0.000127101 -0.000486679     -9.80925 17
             124.184  -0.159205  0.0192764 -0.0241717   3.05031 -0.389533   1.76184 -0.046709 -0.131646 0.0135622 -0.00119309  0.00041124 -0.00064201 -0.00178275  0.00276785  -0.0087605  9.50727e-05 -0.000645777     -9.80924 14
             124.284  -0.160434   0.015735 -0.0221667  3.12921 -0.36839   1.7687 -0.0311049   -0.10431  0.0279181   -0.0011485  0.000431722 -0.000786724 -0.00227532  0.00262532 -0.00880275  0.000142433 -0.000633541     -9.80926 12
             124.384  -0.162342  0.0135226 -0.0220291   3.15872 -0.359219   1.77438   -0.02938 -0.0948056  0.0429995  -0.00112141  0.000395907 -0.000782372 -0.00255897  0.00259006 -0.00881648   0.00016777 -0.000632934     -9.80927 10
             124.488  -0.165426  0.0105951 -0.0217578   3.16199 -0.386203   1.77573 -0.0472556  -0.104313  0.0578841  -0.00117527  0.000422049 -0.000775603 -0.00260429  0.00257302 -0.00882088  0.000172575 -0.000626009     -9.80927 9
             124.588  -0.169528 0.00780161 -0.0213196   3.15154 -0.392973   1.78137 -0.0721927   -0.10044  0.0699037  -0.00120504  0.000396783 -0.000796993 -0.00255908  0.00254261 -0.00881763  0.000168879 -0.000624498     -9.80927 8
             124.692  -0.174134 0.00503255 -0.0210684   3.13835 -0.393248   1.79033 -0.0968561 -0.0920568  0.0783695  -0.00117489  0.000349551 -0.000800753 -0.00253914  0.00254347 -0.00880482  0.000165853 -0.000632007     -9.80927 7
             124.796  -0.178386 0.00238817  -0.020898   3.12701 -0.401594   1.79867  -0.123122 -0.0831703  0.0811972  -0.00116656  0.000331013 -0.000803316  -0.0025455  0.00254295 -0.00879925  0.000165892 -0.000634882     -9.80927 7
             124.896   -0.181661 0.000634401  -0.0211383   3.10973 -0.398454   1.80983  -0.149355 -0.0718189  0.0838211 -0.00118212 0.000327637 -0.00079168 -0.00252566  0.00255606 -0.00883109  0.000166795 -0.000622217     -9.80927 6
                 125   -0.184615 8.30682e-05  -0.0213054   3.09405 -0.408856    1.8168  -0.177193 -0.0632036  0.0801146  -0.00118067  0.000339859 -0.000792422   -0.002528  0.00254506 -0.00881318  0.000165557 -0.000629252     -9.80927 5
               125.1   -0.187297 0.000949429   -0.021696   3.07584 -0.415737    1.8235  -0.202408 -0.0525789  0.0749135 -0.00117579 0.000339441 -0.00079287 -0.00253288  0.00253605 -0.00879691  0.000164669 -0.000636191     -9.80927 4
               125.2  -0.190097 0.00314845 -0.0220561   3.05608 -0.419739   1.82855  -0.225569 -0.0400361  0.0668433  -0.00116617  0.000303102 -0.000814057 -0.00255134  0.00250364 -0.00876246  0.000163695 -0.000650898     -9.80927 3
               125.3  -0.192648 0.00546849 -0.0222091     3.039 -0.443753   1.83225  -0.246123 -0.0324071  0.0574126   -0.0011633  0.000350315 -0.000844789 -0.00257475  0.00249938  -0.0087393 0.000164186 -0.00066084    -9.80927 3
               125.4   -0.19497 0.00853548 -0.0239995   3.00757 -0.387939   1.83328  -0.259895 -0.0054718   0.043245  -0.00113859  0.000390008 -0.000777911 -0.00255728  0.00236219 -0.00861391  0.000152828 -0.000717704     -9.80928 2
               125.5  -0.196678  0.0124162 -0.0249901   2.98036 -0.385605   1.83779  -0.274211 0.00897169  0.0354881  -0.00113907  0.000398278 -0.000780062 -0.00255068   0.0023607 -0.00862068  0.000152779 -0.000714582     -9.80928 1
               125.6  -0.198121  0.0164357 -0.0260682   2.95244 -0.384113   1.84105 -0.284652 0.0223529 0.0294776  -0.00113907  0.000398653 -0.000779971 -0.00255068  0.00236085 -0.00862087  0.000152792 -0.000714496     -9.80928 1
             125.704  -0.199024  0.0200811 -0.0274573   2.93024 -0.403889   1.84456 -0.287543 0.0267925 0.0283893  -0.00113854  0.000460185 -0.000744353 -0.00260029  0.00242595  -0.0086489   0.00015873 -0.000703101     -9.80928 1
             125.804  -0.199162  0.0237675 -0.0286985  2.90279 -0.40481  1.84801 -0.290027 0.0369441 0.0291537 -0.00113635 0.000494257  -0.0007323 -0.00260503  0.00244481 -0.00866144  0.000159909 -0.000697697     -9.80928 1
             125.904  -0.198836  0.0280542 -0.0298389   2.87387 -0.400629   1.85104 -0.288753 0.0476419 0.0323231 -0.00113635 0.000494257  -0.0007323 -0.00260503  0.00244481 -0.00866144  0.000159909 -0.000697697     -9.80928 2
             126.004  -0.198769  0.0318808 -0.0309913   2.84517 -0.395386    1.8545 -0.283965 0.0578285  0.037178 -0.00113635 0.000494257  -0.0007323 -0.00260503  0.00244481 -0.00866144  0.000159909 -0.000697697     -9.80928 2
             126.104  -0.199055  0.0356834 -0.0320245   2.81712 -0.389235   1.85856 -0.275667 0.0660041 0.0450043 -0.00113635 0.000494257  -0.0007323 -0.00260503  0.00244481 -0.00866144  0.000159909 -0.000697697     -9.80928 2
             126.208  -0.199708  0.0393183 -0.0330573   2.78897 -0.382034   1.86364 -0.264167 0.0729985 0.0542763 -0.00113635 0.000494257  -0.0007323 -0.00260503  0.00244481 -0.00866144  0.000159909 -0.000697697     -9.80928 2
             126.308  -0.200246  0.0425054 -0.0340037   2.76324 -0.374483   1.86955 -0.249603 0.0776279 0.0650108 -0.00113635 0.000494257  -0.0007323 -0.00260503  0.00244481 -0.00866144  0.000159909 -0.000697697     -9.80928 1
             126.408 -0.200535  0.045519  -0.03492  2.73902 -0.36651  1.87655 -0.233885 0.0816068 0.0764697 -0.00113635 0.000494257  -0.0007323 -0.00260503  0.00244481 -0.00866144  0.000159909 -0.000697697     -9.80928 1
             126.508  -0.200766  0.0483221 -0.0358023   2.71647 -0.358254   1.88469 -0.214798 0.0842321 0.0867566 -0.00113635 0.000494257  -0.0007323 -0.00260503  0.00244481 -0.00866144  0.000159909 -0.000697697     -9.80928 1
             126.608  -0.201266  0.0507782 -0.0365204   2.69594 -0.349701   1.89385 -0.194021 0.0867227 0.0971787 -0.00113635 0.000494257  -0.0007323 -0.00260503  0.00244481 -0.00866144  0.000159909 -0.000697697     -9.80928 1
             131.436 -0.00359778   0.0221756  -0.0515605 3.24127 1.91689 2.13252  0.405146  0.864291 -0.641059 -0.00113635 0.000494257  -0.0007323 -0.00260503  0.00244481 -0.00866144  0.000159909 -0.000697697     -9.80928 31
              131.54 -0.00794627   0.0227848  -0.0517787 3.28222 1.99715 2.06334 0.378995 0.653151 -0.68583 -0.00113635 0.000494257  -0.0007323 -0.00260503  0.00244481 -0.00866144  0.000159909 -0.000697697     -9.80928 23
              131.64 -0.0249102  0.0243559 -0.0518735 3.31886  2.0524 1.99426  0.351189  0.430419 -0.691747 -0.00113635 0.000494257  -0.0007323 -0.00260503  0.00244481 -0.00866144  0.000159909 -0.000697697     -9.80928 2
             132.148 -0.0323245  0.0246536 -0.0516499 3.46622 2.02241 1.66178  0.233384 -0.524685 -0.618947 -0.00113635 0.000494257  -0.0007323 -0.00260503  0.00244481 -0.00866144  0.000159909 -0.000697697     -9.80928 1
             132.248 -0.0324343   0.024514 -0.0515824 3.48867  1.9623 1.60046  0.214146 -0.692756 -0.606086 -0.00113635 0.000494257  -0.0007323 -0.00260503  0.00244481 -0.00866144  0.000159909 -0.000697697     -9.80928 1
             132.348  -0.032651  0.0245175 -0.0515826 3.50926 1.88562 1.54041  0.196304 -0.854472  -0.59356 -0.00113635 0.000494257  -0.0007323 -0.00260503  0.00244481 -0.00866144  0.000159909 -0.000697697     -9.80928 2
             132.448 -0.0327312  0.0245788 -0.0515226 3.52808 1.79303 1.48161  0.177241  -1.01154 -0.580694 -0.00113635 0.000494257  -0.0007323 -0.00260503  0.00244481 -0.00866144  0.000159909 -0.000697697     -9.80928 3
             132.548 -0.0327017  0.0245229 -0.0514304 3.54505 1.68498 1.42401 0.160264 -1.16332 -0.56975 -0.00113635 0.000494257  -0.0007323 -0.00260503  0.00244481 -0.00866144  0.000159909 -0.000697697     -9.80928 4
             132.648 -0.0326369   0.024434 -0.0513528 3.56031 1.56194  1.3675  0.143371  -1.30959 -0.559376 -0.00113635 0.000494257  -0.0007323 -0.00260503  0.00244481 -0.00866144  0.000159909 -0.000697697     -9.80928 4
             132.748 -0.0325946  0.0242532 -0.0514166 3.57395 1.42444   1.312  0.128151  -1.45172 -0.550068 -0.00113635 0.000494257  -0.0007323 -0.00260503  0.00244481 -0.00866144  0.000159909 -0.000697697     -9.80928 5
             132.848 -0.0325344  0.0243094 -0.0514326 3.58602 1.27308  1.2574  0.112057  -1.58731 -0.540449 -0.00113635 0.000494257  -0.0007323 -0.00260503  0.00244481 -0.00866144  0.000159909 -0.000697697     -9.80928 5
             132.952 -0.0323724  0.0242195 -0.0514764 3.59693 1.10135 1.20164 0.0966071  -1.72612 -0.531268 -0.00113635 0.000494257  -0.0007323 -0.00260503  0.00244481 -0.00866144  0.000159909 -0.000697697     -9.80928 7
             133.052 -0.0322564  0.0240977 -0.0515772  3.60591 0.922809  1.14889 0.0813906  -1.85455 -0.523715 -0.00113635 0.000494257  -0.0007323 -0.00260503  0.00244481 -0.00866144  0.000159909 -0.000697697     -9.80928 8
             133.152 -0.0321184  0.0240645 -0.0515271  3.61342 0.731763  1.09683 0.0668231  -1.97853 -0.516994 -0.00113635 0.000494257  -0.0007323 -0.00260503  0.00244481 -0.00866144  0.000159909 -0.000697697     -9.80928 8
              133.26 -0.0317827  0.0241819 -0.0514672 3.62988 0.48486 1.04061 0.0571079  -2.11894 -0.510425  -0.00114684  0.000490251 -0.000733554 -0.00260522  0.00244458 -0.00866083    0.0001599 -0.000697812     -9.80928 9
              133.36  -0.031693  0.0242349 -0.0513634    3.635 0.267742 0.989778  0.044461  -2.23419 -0.504798  -0.00114684  0.000490251 -0.000733554 -0.00260522  0.00244458 -0.00866083    0.0001599 -0.000697812     -9.80928 10
             133.464 -0.0316306  0.0243086 -0.0513325   3.63908 0.0297198  0.937519 0.0325616  -2.35274 -0.499542  -0.00114684  0.000490251 -0.000733554 -0.00260522  0.00244458 -0.00866083    0.0001599 -0.000697812     -9.80928 11
             133.568 -0.0316179  0.0242939 -0.0512325    3.6419 -0.220394  0.885817 0.0206791  -2.46603 -0.494445  -0.00114684  0.000490251 -0.000733554 -0.00260522  0.00244458 -0.00866083    0.0001599 -0.000697812     -9.80928 12
             133.672 -0.0315332   0.024218  -0.051302   3.64345 -0.482085  0.834626 0.00833678   -2.57566  -0.489274  -0.00114684  0.000490251 -0.000733554 -0.00260522  0.00244458 -0.00866083    0.0001599 -0.000697812     -9.80928 13
             133.772 -0.0314622  0.0242261 -0.0513414   3.64374 -0.744352  0.785859 -0.00347223    -2.67757   -0.485369  -0.00114684  0.000490251 -0.000733554 -0.00260522  0.00244458 -0.00866083    0.0001599 -0.000697812     -9.80928 14
             133.872 -0.0313732  0.0241303 -0.0513843  3.64295 -1.01663 0.737488 -0.0136379   -2.77628  -0.482397  -0.00114684  0.000490251 -0.000733554 -0.00260522  0.00244458 -0.00866083    0.0001599 -0.000697812     -9.80928 15
             133.972  -0.031218  0.0241289 -0.0514358  3.64117 -1.29866 0.689366 -0.0232721   -2.87299  -0.480169  -0.00114684  0.000490251 -0.000733554 -0.00260522  0.00244458 -0.00866083    0.0001599 -0.000697812     -9.80928 16
             134.076 -0.0308926  0.0240484 -0.0513405  3.63821  -1.6021 0.639461 -0.0350476   -2.97053  -0.479632  -0.00114684  0.000490251 -0.000733554 -0.00260522  0.00244458 -0.00866083    0.0001599 -0.000697812     -9.80928 18
             134.176 -0.0306881  0.0239297 -0.0513265  3.63424 -1.90324 0.591448 -0.044133  -3.06051 -0.480887  -0.00114684  0.000490251 -0.000733554 -0.00260522  0.00244458 -0.00866083    0.0001599 -0.000697812     -9.80928 19
             134.276 -0.0304012  0.0238427 -0.0512933   3.6294 -2.21337 0.543349 -0.0531528   -3.14992  -0.480236  -0.00114684  0.000490251 -0.000733554 -0.00260522  0.00244458 -0.00866083    0.0001599 -0.000697812     -9.80928 21
             134.376 -0.0303123  0.0237933 -0.0512555  3.62368  -2.5323 0.495228 -0.0618662   -3.23578  -0.482948  -0.00114684  0.000490251 -0.000733554 -0.00260522  0.00244458 -0.00866083    0.0001599 -0.000697812     -9.80928 25
              134.48 -0.0303139  0.0237394 -0.0511869  3.61679 -2.87288 0.444923 -0.0708265    -3.3214  -0.483677  -0.00114684  0.000490251 -0.000733554 -0.00260522  0.00244458 -0.00866083    0.0001599 -0.000697812     -9.80928 28
             134.584 -0.0301271  0.0237115 -0.0512563  3.60907 -3.22235 0.394536 -0.0785112   -3.40516   -0.48516  -0.00114684  0.000490251 -0.000733554 -0.00260522  0.00244458 -0.00866083    0.0001599 -0.000697812     -9.80928 35
             134.684 -0.0299355  0.0236219 -0.0512275  3.60087 -3.56645 0.345847 -0.0863931   -3.48332  -0.489787  -0.00114684  0.000490251 -0.000733554 -0.00260522  0.00244458 -0.00866083    0.0001599 -0.000697812     -9.80928 35
             134.784  -0.029705  0.0235289 -0.0512355  3.59182 -3.91822 0.296631 -0.0939452   -3.55888  -0.494745  -0.00114684  0.000490251 -0.000733554 -0.00260522  0.00244458 -0.00866083    0.0001599 -0.000697812     -9.80928 33
             134.884 -0.0294096  0.0235367 -0.0512126  3.58212 -4.27755 0.246933 -0.100895  -3.63312  -0.49971  -0.00114684  0.000490251 -0.000733554 -0.00260522  0.00244458 -0.00866083    0.0001599 -0.000697812     -9.80928 32
             134.984 -0.0292922   0.023531 -0.0512224  3.57173  -4.6441 0.196727 -0.107927  -3.70478 -0.504445  -0.00114684  0.000490251 -0.000733554 -0.00260522  0.00244458 -0.00866083    0.0001599 -0.000697812     -9.80928 32
             135.088 -0.0292787  0.0236289 -0.0512695  3.56637 -4.86883 0.121497 -0.109175  -3.74221 -0.511265  -0.00125295  0.000446441 -0.000741061 -0.00260104  0.00242705 -0.00864762  0.000159346 -0.000698472     -9.80928 31
             135.188   -0.02908  0.0234822 -0.0512841    3.5552  -5.24614 0.0700894 -0.114982  -3.80932 -0.516843  -0.00125295  0.000446441 -0.000741061 -0.00260104  0.00242705 -0.00864762  0.000159346 -0.000698472     -9.80928 30
             135.288  -0.029027  0.0232865 -0.0512629   3.5434 -5.63004 0.018252 -0.121078  -3.87423 -0.520409  -0.00125295  0.000446441 -0.000741061 -0.00260104  0.00242705 -0.00864762  0.000159346 -0.000698472     -9.80928 29
             135.388 -0.0288829  0.0233634 -0.0513093    3.53104   -6.02035 -0.0339173 -0.126505  -3.93766 -0.524202  -0.00125295  0.000446441 -0.000741061 -0.00260104  0.00242705 -0.00864762  0.000159346 -0.000698472     -9.80928 28
             135.488 -0.0288315  0.0233595 -0.0513942     3.5181   -6.41689 -0.0865402 -0.133344   -3.9985 -0.528467  -0.00125295  0.000446441 -0.000741061 -0.00260104  0.00242705 -0.00864762  0.000159346 -0.000698472     -9.80928 27
             135.592 -0.0289351  0.0241699 -0.0513593   3.66041  -6.78248 -0.138758 -0.0928482   -4.04568  -0.531736  -0.00123324  0.000412517 -0.000746182   -0.002601  0.00242697 -0.00864924  0.000159392 -0.000698282     -9.80928 25
             135.692 -0.0287081  0.0239352 -0.0514114   3.65092  -7.18973 -0.192173 -0.0967199   -4.10434  -0.537307  -0.00123324  0.000412517 -0.000746182   -0.002601  0.00242697 -0.00864924  0.000159392 -0.000698282     -9.80928 24
             135.792 -0.0284378  0.0239682  -0.051383   3.64103  -7.60284 -0.246114 -0.101256  -4.16204  -0.54285  -0.00123324  0.000412517 -0.000746182   -0.002601  0.00242697 -0.00864924  0.000159392 -0.000698282     -9.80928 22
             135.892 -0.0280669  0.0240313 -0.0514572   3.63069   -8.0216 -0.300662 -0.106271  -4.21784 -0.548051  -0.00123324  0.000412517 -0.000746182   -0.002601  0.00242697 -0.00864924  0.000159392 -0.000698282     -9.80928 21
             135.992  -0.027837  0.0238907 -0.0514584  3.61987 -8.44592 -0.35579 -0.110549  -4.27352 -0.554752  -0.00123324  0.000412517 -0.000746182   -0.002601  0.00242697 -0.00864924  0.000159392 -0.000698282     -9.80928 19
             136.092 -0.0288747  0.0221483 -0.0469212   3.63327  -8.65321 -0.431549 -0.125645  -4.29954 -0.562978 -0.000921215  0.000776533 -0.000950161 -0.00251509  0.00226968 -0.00882326  0.000155967 -0.000687476     -9.80928 17
             136.192 -0.0287835  0.0223236 -0.0469065   3.62053  -9.08544 -0.488154 -0.129503  -4.35019 -0.569704 -0.000921215  0.000776533 -0.000950161 -0.00251509  0.00226968 -0.00882326  0.000155967 -0.000687476     -9.80928 15
             136.296 -0.0285691  0.0222739  -0.046929  3.60684 -9.54027 -0.54767 -0.134101   -4.4011 -0.575699 -0.000921215  0.000776533 -0.000950161 -0.00251509  0.00226968 -0.00882326  0.000155967 -0.000687476     -9.80928 14
             136.396 -0.0283016  0.0220543 -0.0468976    3.5932  -9.98265 -0.605605  -0.13975  -4.44983 -0.584312 -0.000921215  0.000776533 -0.000950161 -0.00251509  0.00226968 -0.00882326  0.000155967 -0.000687476     -9.80928 12
             136.496 -0.0279831  0.0218317  -0.046821     3.579  -10.4298 -0.664433 -0.144201  -4.49763 -0.593895 -0.000921215  0.000776533 -0.000950161 -0.00251509  0.00226968 -0.00882326  0.000155967 -0.000687476     -9.80928 7
               136.6 -0.0276874  0.0218745 -0.0468348   3.56382  -10.8998 -0.726713 -0.149071  -4.54545 -0.604999 -0.000921215  0.000776533 -0.000950161 -0.00251509  0.00226968 -0.00882326  0.000155967 -0.000687476     -9.80928 4
               136.7 -0.0273425  0.0219443 -0.0468649   3.54869  -11.3564 -0.787644 -0.153883  -4.58994 -0.613682 -0.000921215  0.000776533 -0.000950161 -0.00251509  0.00226968 -0.00882326  0.000155967 -0.000687476     -9.80928 5
               136.8 -0.0270238  0.0219262 -0.0468814   3.53307  -11.8174 -0.849315 -0.158804  -4.63416 -0.621039 -0.000921215  0.000776533 -0.000950161 -0.00251509  0.00226968 -0.00882326  0.000155967 -0.000687476     -9.80928 6
               136.9 -0.0267404  0.0217445  -0.046903   3.51698  -12.2829 -0.911792 -0.163107  -4.67722 -0.629542 -0.000921215  0.000776533 -0.000950161 -0.00251509  0.00226968 -0.00882326  0.000155967 -0.000687476     -9.80928 7
             137.004 -0.0265849  0.0215901 -0.0469454   3.49976  -12.7714 -0.977645 -0.168336  -4.72174 -0.636384 -0.000921215  0.000776533 -0.000950161 -0.00251509  0.00226968 -0.00882326  0.000155967 -0.000687476     -9.80928 9
             137.104 -0.0264414  0.0213746  -0.046907  3.48275 -13.2454 -1.04166  -0.17136  -4.76268 -0.644771 -0.000921215  0.000776533 -0.000950161 -0.00251509  0.00226968 -0.00882326  0.000155967 -0.000687476     -9.80928 9
             137.204 -0.0262278  0.0212438 -0.0469842  3.46545 -13.7236  -1.1064 -0.175701  -4.80338 -0.651095 -0.000921215  0.000776533 -0.000950161 -0.00251509  0.00226968 -0.00882326  0.000155967 -0.000687476     -9.80928 10
             137.304 -0.0259389  0.0212346 -0.0470685  3.44772 -14.2058 -1.17181  -0.17951  -4.84378 -0.657217 -0.000921215  0.000776533 -0.000950161 -0.00251509  0.00226968 -0.00882326  0.000155967 -0.000687476     -9.80928 11
             137.404 -0.0236892  0.0220675 -0.0457997  3.35401 -14.8701 -1.15481 -0.177793  -4.95232 -0.658602 -0.00116536 0.000611339 -0.00101191 -0.00252223  0.00230596 -0.00882805  0.000157293 -0.000683316     -9.80928 12
             137.504 -0.0234645  0.0220665 -0.0457683  3.33615 -15.3671 -1.22091 -0.179594  -4.99267 -0.663144 -0.00116536 0.000611339 -0.00101191 -0.00252223  0.00230596 -0.00882805  0.000157293 -0.000683316     -9.80928 13
             137.608 -0.0232233   0.021953 -0.0457812  3.31728 -15.8883 -1.29024 -0.183294  -5.03215 -0.670797 -0.00116536 0.000611339 -0.00101191 -0.00252223  0.00230596 -0.00882805  0.000157293 -0.000683316     -9.80928 14
             137.708 -0.0227768  0.0219656 -0.0457291  3.29887 -16.3933 -1.35637 -0.185488  -5.07067 -0.647198 -0.00116536 0.000611339 -0.00101191 -0.00252223  0.00230596 -0.00882805  0.000157293 -0.000683316     -9.80928 15
             137.812 -0.0224447  0.0219177 -0.0456959  3.27941 -16.9225 -1.42329 -0.188387  -5.11001 -0.636863 -0.00116536 0.000611339 -0.00101191 -0.00252223  0.00230596 -0.00882805  0.000157293 -0.000683316     -9.80928 17
             137.912 -0.0220007  0.0219303 -0.0456393  3.26045 -17.4352 -1.48837 -0.189957  -5.14783 -0.668189 -0.00116536 0.000611339 -0.00101191 -0.00252223  0.00230596 -0.00882805  0.000157293 -0.000683316     -9.80928 23
             138.016 -0.0215529  0.0217598 -0.0456772  3.24053 -17.9724 -1.55905 -0.192982  -5.18606 -0.691099 -0.00116536 0.000611339 -0.00101191 -0.00252223  0.00230596 -0.00882805  0.000157293 -0.000683316     -9.80928 20
              138.12 -0.0212721   0.021598 -0.0455446  3.22034 -18.5136 -1.63154 -0.195367  -5.22398 -0.702954 -0.00116536 0.000611339 -0.00101191 -0.00252223  0.00230596 -0.00882805  0.000157293 -0.000683316     -9.80928 18
              138.22 -0.0210096  0.0216275 -0.0454882  3.20064 -19.0376 -1.70223 -0.198084  -5.25972  -0.71116 -0.00116536 0.000611339 -0.00101191 -0.00252223  0.00230596 -0.00882805  0.000157293 -0.000683316     -9.80928 16
             138.324  -0.020696  0.0216664 -0.0454538  3.17986 -19.5864 -1.77652 -0.201748  -5.29632 -0.718824 -0.00116536 0.000611339 -0.00101191 -0.00252223  0.00230596 -0.00882805  0.000157293 -0.000683316     -9.80928 11
             138.424 -0.0202625  0.0215701 -0.0453777  3.15959 -20.1176 -1.84872 -0.203397  -5.33179 -0.724935 -0.00116536 0.000611339 -0.00101191 -0.00252223  0.00230596 -0.00882805  0.000157293 -0.000683316     -9.80928 5
             139.128 -0.0175458  0.0208082 -0.0453896  3.01028 -23.9538 -2.37255 -0.221793  -5.56659 -0.759776 -0.00116536 0.000611339 -0.00101191 -0.00252223  0.00230596 -0.00882805  0.000157293 -0.000683316     -9.80928 1
             139.228 -0.0170679  0.0205484 -0.0454046    2.988  -24.512 -2.44862 -0.224639  -5.59824 -0.762234 -0.00116536 0.000611339 -0.00101191 -0.00252223  0.00230596 -0.00882805  0.000157293 -0.000683316     -9.80928 3
             139.328 -0.0167909  0.0204636 -0.0453691  2.96541 -25.0733 -2.52495 -0.227221   -5.6297 -0.764531 -0.00116536 0.000611339 -0.00101191 -0.00252223  0.00230596 -0.00882805  0.000157293 -0.000683316     -9.80928 4
             139.428 -0.0164876  0.0205398 -0.0453243  2.94252 -25.6376 -2.60152 -0.230817  -5.65975 -0.766777 -0.00116536 0.000611339 -0.00101191 -0.00252223  0.00230596 -0.00882805  0.000157293 -0.000683316     -9.80928 4
             139.528 -0.0161639  0.0205674 -0.0452922  2.91931  -26.205 -2.67761 -0.233553  -5.69162 -0.740999 -0.00116536 0.000611339 -0.00101191 -0.00252223  0.00230596 -0.00882805  0.000157293 -0.000683316     -9.80928 4
             139.628 -0.0156716  0.0205518 -0.0452186  2.89584 -26.7756 -2.75025 -0.235407  -5.72194 -0.712912 -0.00116536 0.000611339 -0.00101191 -0.00252223  0.00230596 -0.00882805  0.000157293 -0.000683316     -9.80928 5
             139.728 -0.0150883  0.0203607 -0.0452237   2.8722 -27.3492 -2.82078 -0.237773  -5.75264 -0.700852 -0.00116536 0.000611339 -0.00101191 -0.00252223  0.00230596 -0.00882805  0.000157293 -0.000683316     -9.80928 5
             139.828 -0.0147569  0.0201994 -0.0452481  2.84831 -27.9258 -2.89108 -0.240112  -5.78253 -0.701336 -0.00116536 0.000611339 -0.00101191 -0.00252223  0.00230596 -0.00882805  0.000157293 -0.000683316     -9.80928 6
             139.932 -0.0144645  0.0203044 -0.0453428  2.82316 -28.5287  -2.9637 -0.243866  -5.81428 -0.693617 -0.00116536 0.000611339 -0.00101191 -0.00252223  0.00230596 -0.00882805  0.000157293 -0.000683316     -9.80928 6
             140.032 -0.0141695   0.020209 -0.0453708   2.7986 -29.1114 -3.03322 -0.246446  -5.84433 -0.695801 -0.00116536 0.000611339 -0.00101191 -0.00252223  0.00230596 -0.00882805  0.000157293 -0.000683316     -9.80928 7
             140.132 -0.0136884  0.0199854 -0.0453825  2.77377 -29.6973 -3.10266 -0.250887  -5.87485 -0.692043 -0.00116536 0.000611339 -0.00101191 -0.00252223  0.00230596 -0.00882805  0.000157293 -0.000683316     -9.80928 7
             140.236 -0.0131552  0.0198311  -0.045396  2.74747 -30.3098 -3.17442 -0.254845  -5.90608 -0.692827 -0.00116536 0.000611339 -0.00101191 -0.00252223  0.00230596 -0.00882805  0.000157293 -0.000683316     -9.80928 9
             140.336 -0.0127885  0.0197103 -0.0454338  2.72185 -30.9017 -3.24432  -0.25892  -5.93538 -0.698918 -0.00116536 0.000611339 -0.00101191 -0.00252223  0.00230596 -0.00882805  0.000157293 -0.000683316     -9.80928 9
             140.436 -0.0123567  0.0195154 -0.0454172  2.69589 -31.4965 -3.31376 -0.260939  -5.96346 -0.691302 -0.00116536 0.000611339 -0.00101191 -0.00252223  0.00230596 -0.00882805  0.000157293 -0.000683316     -9.80928 2
             141.648 -0.00683003   0.0184945   -0.045981  2.35547 -38.9347 -4.16476  -0.30241  -6.31198 -0.702843 -0.00116536 0.000611339 -0.00101191 -0.00252223  0.00230596 -0.00882805  0.000157293 -0.000683316     -9.80928 1
             141.852 -0.00559212   0.0182331  -0.0459991   2.2931 -40.2279 -4.30849 -0.309051  -6.36971 -0.703864 -0.00116536 0.000611339 -0.00101191 -0.00252223  0.00230596 -0.00882805  0.000157293 -0.000683316     -9.80928 1
              142.66 -0.00631899   0.0211159  -0.0608575  1.73914  -45.828 -4.36392 -0.925615  -7.32282  0.567037 -0.00116536 0.000611339 -0.00101191 -0.00252223  0.00230596 -0.00882805  0.000157293 -0.000683316     -9.80928 1
             143.368 0.00222943  0.0168869 -0.0565823  1.12366 -51.0243 -3.99463 -0.821559   -7.3672  0.447873 -0.00116536 0.000611339 -0.00101191 -0.00252223  0.00230596 -0.00882805  0.000157293 -0.000683316     -9.80928 1
             143.468 0.00302096  0.0164578  -0.056023  1.04202 -51.7615 -3.95157 -0.810418  -7.37865  0.405974 -0.00116536 0.000611339 -0.00101191 -0.00252223  0.00230596 -0.00882805  0.000157293 -0.000683316     -9.80928 1
             143.568 0.00389041  0.0161183 -0.0555849 0.961408 -52.4998 -3.91215 -0.801609  -7.39002  0.376713 -0.00116536 0.000611339 -0.00101191 -0.00252223  0.00230596 -0.00882805  0.000157293 -0.000683316     -9.80928 1
             143.668 0.00454947  0.0158818 -0.0551494 0.881688 -53.2393 -3.87602 -0.792259  -7.40225  0.343874 -0.00116536 0.000611339 -0.00101191 -0.00252223  0.00230596 -0.00882805  0.000157293 -0.000683316     -9.80928 1
             143.768 0.00524208  0.0156248 -0.0547069 0.802855 -53.9802 -3.84316  -0.7837 -7.41609 0.309554 -0.00116536 0.000611339 -0.00101191 -0.00252223  0.00230596 -0.00882805  0.000157293 -0.000683316     -9.80928 1
             143.868 0.00587655  0.0152972 -0.0542234 0.724803 -54.7225 -3.81364 -0.776608  -7.43002  0.279708 -0.00116536 0.000611339 -0.00101191 -0.00252223  0.00230596 -0.00882805  0.000157293 -0.000683316     -9.80928 1
             143.968 0.00676634  0.0149004 -0.0537499 0.647471 -55.4662 -3.78673 -0.769626  -7.44503  0.248047 -0.00116536 0.000611339 -0.00101191 -0.00252223  0.00230596 -0.00882805  0.000157293 -0.000683316     -9.80928 1
             144.068 0.00760702  0.0145029 -0.0532747 0.570767 -56.2113 -3.76564 -0.764062  -7.45952  0.179266 -0.00116536 0.000611339 -0.00101191 -0.00252223  0.00230596 -0.00882805  0.000157293 -0.000683316     -9.80928 2
             144.172 0.00839342  0.0142814 -0.0528331 0.491543 -56.9879 -3.74752 -0.758569  -7.47679  0.173514 -0.00116536 0.000611339 -0.00101191 -0.00252223  0.00230596 -0.00882805  0.000157293 -0.000683316     -9.80928 3
             144.268 0.00888545  0.0140496 -0.0524129 0.418874 -57.7063 -3.73204 -0.755042  -7.49252  0.147446 -0.00116536 0.000611339 -0.00101191 -0.00252223  0.00230596 -0.00882805  0.000157293 -0.000683316     -9.80928 3
             144.368 0.00960692  0.0138793 -0.0520712 0.343575 -58.4565 -3.71821 -0.750549  -7.51157  0.129821 -0.00116536 0.000611339 -0.00101191 -0.00252223  0.00230596 -0.00882805  0.000157293 -0.000683316     -9.80928 3
             144.468  0.0102297  0.0136142 -0.0517567 0.268667 -59.2085 -3.70883 -0.747045  -7.52928 0.0610528 -0.00116536 0.000611339 -0.00101191 -0.00252223  0.00230596 -0.00882805  0.000157293 -0.000683316     -9.80928 3
             144.568   0.011065  0.0132811 -0.0513948 0.194136 -59.9623 -3.70156 -0.743532  -7.54907 0.0599028 -0.00116536 0.000611339 -0.00101191 -0.00252223  0.00230596 -0.00882805  0.000157293 -0.000683316     -9.80928 3
             144.668  0.0118317  0.0128918 -0.0510886 0.119804 -60.7181 -3.69752 -0.741753  -7.56849 0.0235933 -0.00116536 0.000611339 -0.00101191 -0.00252223  0.00230596 -0.00882805  0.000157293 -0.000683316     -9.80928 3
             144.772  0.0125537  0.0125202 -0.0509103 0.0427817  -61.5062  -3.69623  -0.738911   -7.58996 0.00564731 -0.00116536 0.000611339 -0.00101191 -0.00252223  0.00230596 -0.00882805  0.000157293 -0.000683316     -9.80928 4
             144.872  0.0132883  0.0124884 -0.0506472 -0.031063  -62.2662  -3.69748  -0.737931    -7.6111 -0.0332798 -0.00116536 0.000611339 -0.00101191 -0.00252223  0.00230596 -0.00882805  0.000157293 -0.000683316     -9.80928 4
             144.972  0.0139379  0.0122062 -0.0504533 -0.104812  -63.0283  -3.70166  -0.736548   -7.63333 -0.0493668 -0.00116536 0.000611339 -0.00101191 -0.00252223  0.00230596 -0.00882805  0.000157293 -0.000683316     -9.80928 4
             145.072  0.0145717  0.0119235 -0.0502198 -0.178452  -63.7925  -3.70972 -0.736399  -7.65401  -0.11311 -0.00116536 0.000611339 -0.00101191 -0.00252223  0.00230596 -0.00882805  0.000157293 -0.000683316     -9.80928 2
             145.172  0.0149995  0.0117271 -0.0499473 -0.252098  -64.5589  -3.72157 -0.736112  -7.67675 -0.117569 -0.00116536 0.000611339 -0.00101191 -0.00252223  0.00230596 -0.00882805  0.000157293 -0.000683316     -9.80928 2
             145.272  0.0154408  0.0114991 -0.0496588 -0.325732  -65.3276  -3.73476 -0.736318  -7.69862 -0.151724 -0.00116536 0.000611339 -0.00101191 -0.00252223  0.00230596 -0.00882805  0.000157293 -0.000683316     -9.80928 1
