0.512000 0.000273 0.000479 0.000141 0.000275 -0.000458 0.000098 0.000000 0.000000 0.000000 0.000000 0.000000 0.000000 0.000000 0.000000 0.000000 0.000000 0.000000 0.000000 0.000000 0.000000 0.000000 0.000000 0.000000 -9.810000 
0.612000 0.000263 0.000448 0.000126 0.000607 -0.000326 0.000142 0.000000 0.000000 0.000000 0.000434 0.000105 -0.000973 0.000000 0.000000 0.000000 0.000000 -0.000001 -0.000001 -0.000000 -0.000000 -0.000000 0.000000 0.000000 -9.810000 
0.712000 0.000300 0.000399 0.000080 0.000693 -0.000261 0.000034 0.000000 0.000000 0.000000 0.000885 -0.000192 -0.002991 0.000000 0.000000 0.000000 0.000002 -0.000001 -0.000001 -0.000000 -0.000000 -0.000000 0.000000 0.000000 -9.810000 
0.816000 0.000298 0.000367 0.000103 0.000774 -0.000293 -0.000242 0.000000 0.000000 0.000000 0.000897 -0.001791 -0.004318 0.000000 0.000000 0.000000 0.000002 -0.000002 0.000002 -0.000000 -0.000000 -0.000000 0.000000 0.000000 -9.810000 
0.920000 0.000263 0.000374 0.000116 0.000857 -0.000486 -0.000491 0.000000 0.000000 0.000000 0.000962 -0.002635 -0.003590 0.000000 0.000000 0.000000 0.000002 -0.000003 0.000005 0.000000 -0.000000 -0.000000 -0.000000 0.000000 -9.810000 
1.024000 0.000277 0.000340 0.000149 0.000918 -0.000655 -0.000702 0.000000 0.000000 0.000000 0.000402 -0.002037 -0.003436 0.000000 0.000000 0.000000 0.000007 -0.000008 0.000011 -0.000000 -0.000000 -0.000001 0.000000 0.000000 -9.810000 
1.120000 0.000243 0.000318 0.000141 0.001068 -0.000634 -0.000863 0.000000 0.000000 0.000000 0.001264 -0.001926 -0.004621 0.000000 0.000000 0.000000 0.000010 -0.000012 0.000020 -0.000000 -0.000002 -0.000001 0.000000 0.000000 -9.810000 
1.220000 0.000301 0.000278 0.000097 0.001157 -0.000742 -0.001129 0.000000 0.000000 0.000000 0.001959 -0.003071 -0.005364 0.000000 0.000000 0.000000 0.000013 -0.000014 0.000023 -0.000000 -0.000002 -0.000002 0.000000 0.000000 -9.810000 
1.320000 0.000289 0.000287 0.000107 0.001322 -0.000849 -0.001336 0.000000 0.000000 0.000000 0.002706 -0.002927 -0.005377 0.000000 0.000000 0.000000 0.000017 -0.000020 0.000021 0.000000 -0.000004 -0.000004 -0.000000 0.000000 -9.810000 
1.420000 0.000293 0.000291 0.000067 0.001502 -0.000909 -0.001535 0.000000 0.000000 0.000000 0.002795 -0.002346 -0.005867 0.000000 0.000000 0.000000 0.000022 -0.000025 0.000014 0.000001 -0.000006 -0.000006 -0.000000 0.000001 -9.809999 
1.520000 0.000350 0.000322 0.000028 0.001615 -0.000946 -0.001764 0.000000 0.000000 0.000000 0.003473 -0.002819 -0.006489 0.000000 0.000000 0.000000 0.000026 -0.000026 0.000013 0.000003 -0.000008 -0.000008 -0.000000 0.000001 -9.809999 
1.628000 0.000310 0.000323 0.000033 0.001880 -0.001018 -0.001972 0.000000 0.000000 0.000000 0.004100 -0.002904 -0.005821 0.000000 0.000000 0.000000 0.000028 -0.000030 -0.000001 0.000004 -0.000011 -0.000011 -0.000000 0.000001 -9.809999 
1.732000 0.000247 0.000282 -0.000006 0.002113 -0.001059 -0.002159 0.000000 0.000000 0.000000 0.003488 -0.002646 -0.006280 0.000000 0.000000 0.000000 0.000029 -0.000030 -0.000000 0.000007 -0.000013 -0.000015 -0.000001 0.000001 -9.809999 
1.836000 0.000236 0.000296 0.000002 0.002168 -0.001004 -0.002314 0.000000 0.000000 0.000000 0.002966 -0.001459 -0.006481 0.000000 0.000000 0.000000 0.000030 -0.000035 -0.000003 0.000010 -0.000017 -0.000019 -0.000001 0.000002 -9.809998 
1.944000 0.000163 0.000311 -0.000026 0.002340 -0.000848 -0.002512 0.000000 0.000000 0.000000 0.003657 -0.000338 -0.006551 0.000000 0.000000 0.000000 0.000030 -0.000038 -0.000009 0.000012 -0.000020 -0.000024 -0.000001 0.000002 -9.809998 
2.044000 0.000123 0.000245 -0.000040 0.002442 -0.000723 -0.002700 0.000000 0.000000 0.000000 0.003096 0.000352 -0.008122 0.000000 0.000000 0.000000 0.000026 -0.000040 -0.000022 0.000015 -0.000022 -0.000030 -0.000001 0.000002 -9.809997 
2.156000 0.000029 0.000229 0.000003 0.002560 -0.000601 -0.003036 0.000000 0.000000 0.000000 0.004162 0.000335 -0.008761 0.000000 0.000000 0.000000 0.000015 -0.000050 -0.000030 0.000018 -0.000023 -0.000037 -0.000002 0.000002 -9.809996 
2.256000 0.000039 0.000219 -0.000006 0.002711 -0.000472 -0.003241 0.000000 0.000000 0.000000 0.003230 -0.000272 -0.007584 0.000000 0.000000 0.000000 0.000004 -0.000055 -0.000026 0.000022 -0.000025 -0.000046 -0.000002 0.000003 -9.809995 
2.356000 0.000003 0.000213 0.000027 0.002748 -0.000463 -0.003350 0.000000 0.000000 0.000000 0.003914 -0.000162 -0.007548 0.000000 0.000000 0.000000 -0.000015 -0.000058 -0.000036 0.000026 -0.000027 -0.000054 -0.000003 0.000003 -9.809995 
2.456000 0.000063 0.000223 0.000069 0.002836 -0.000525 -0.003504 0.000000 0.000000 0.000000 0.003951 -0.001497 -0.008979 0.000000 0.000000 0.000000 -0.000029 -0.000059 -0.000030 0.000031 -0.000028 -0.000064 -0.000003 0.000003 -9.809994 
2.560000 0.000062 0.000169 0.000057 0.002848 -0.000545 -0.003775 0.000000 0.000000 0.000000 0.002267 -0.001114 -0.010189 0.000000 0.000000 0.000000 -0.000032 -0.000062 -0.000026 0.000036 -0.000030 -0.000074 -0.000004 0.000003 -9.809993 
2.660000 0.000049 0.000154 0.000040 0.002782 -0.000565 -0.004153 0.000000 0.000000 0.000000 0.001433 -0.000918 -0.010871 0.000000 0.000000 0.000000 -0.000049 -0.000068 -0.000020 0.000040 -0.000032 -0.000087 -0.000004 0.000003 -9.809991 
2.760000 0.000056 0.000097 0.000027 0.002725 -0.000599 -0.004506 0.000000 0.000000 0.000000 0.002178 -0.001277 -0.010984 0.000000 0.000000 0.000000 -0.000057 -0.000077 -0.000018 0.000045 -0.000034 -0.000100 -0.000005 0.000003 -9.809990 
2.860000 0.000093 0.000073 0.000084 0.002689 -0.000590 -0.004879 0.000000 0.000000 0.000000 0.001119 -0.000197 -0.012650 0.000000 0.000000 0.000000 -0.000064 -0.000089 -0.000012 0.000050 -0.000037 -0.000116 -0.000005 0.000004 -9.809988 
2.968000 0.000148 0.000083 0.000065 0.002666 -0.000514 -0.005446 0.000000 0.000000 0.000000 0.001814 0.000410 -0.013224 0.000000 0.000000 0.000000 -0.000069 -0.000103 -0.000008 0.000055 -0.000039 -0.000134 -0.000005 0.000004 -9.809987 
3.068000 0.000133 0.000066 0.000063 0.002619 -0.000328 -0.005923 0.000000 0.000000 0.000000 0.001380 0.001920 -0.013583 0.000000 0.000000 0.000000 -0.000072 -0.000111 -0.000002 0.000059 -0.000041 -0.000154 -0.000006 0.000004 -9.809985 
3.168000 0.000203 0.000061 0.000057 0.002570 -0.000182 -0.006390 0.000000 0.000000 0.000000 0.000227 0.001643 -0.014881 0.000000 0.000000 0.000000 -0.000075 -0.000122 -0.000004 0.000063 -0.000041 -0.000177 -0.000006 0.000004 -9.809982 
3.272000 0.000132 0.000075 0.000025 0.002494 -0.000072 -0.006921 0.000000 0.000000 0.000000 0.000742 0.002082 -0.015327 0.000000 0.000000 0.000000 -0.000084 -0.000137 -0.000005 0.000066 -0.000042 -0.000204 -0.000007 0.000004 -9.809980 
3.380000 0.000162 0.000090 0.000025 0.002426 0.000108 -0.007578 0.000000 0.000000 0.000000 0.000988 0.002823 -0.016170 0.000000 0.000000 0.000000 -0.000091 -0.000145 -0.000009 0.000071 -0.000042 -0.000233 -0.000007 0.000004 -9.809977 
3.480000 0.000160 0.000096 -0.000038 0.002416 0.000289 -0.008080 0.000000 0.000000 0.000000 0.001940 0.002599 -0.016201 0.000000 0.000000 0.000000 -0.000101 -0.000157 -0.000014 0.000075 -0.000042 -0.000266 -0.000008 0.000004 -9.809973 
3.580000 0.000199 0.000124 -0.000000 0.002449 0.000374 -0.008578 0.000000 0.000000 0.000000 0.002164 0.002318 -0.017465 0.000000 0.000000 0.000000 -0.000112 -0.000163 -0.000020 0.000080 -0.000040 -0.000303 -0.000008 0.000004 -9.809970 
3.680000 0.000279 0.000163 0.000044 0.002501 0.000460 -0.009134 0.000000 0.000000 0.000000 0.001962 0.002384 -0.017013 0.000000 0.000000 0.000000 -0.000121 -0.000167 -0.000024 0.000085 -0.000039 -0.000343 -0.000008 0.000004 -9.809966 
3.780000 0.000322 0.000176 0.000046 0.002466 0.000556 -0.009667 0.000000 0.000000 0.000000 0.002055 0.000849 -0.017469 0.000000 0.000000 0.000000 -0.000121 -0.000165 -0.000024 0.000089 -0.000037 -0.000388 -0.000009 0.000004 -9.809961 
3.888000 0.000318 0.000202 0.000010 0.002450 0.000592 -0.010302 0.000000 0.000000 0.000000 0.002114 0.001471 -0.017929 0.000000 0.000000 0.000000 -0.000121 -0.000160 -0.000028 0.000094 -0.000036 -0.000437 -0.000009 0.000004 -9.809956 
3.992000 0.000340 0.000235 0.000008 0.002542 0.000654 -0.010888 0.000000 0.000000 0.000000 0.002581 0.001770 -0.018456 0.000000 0.000000 0.000000 -0.000121 -0.000162 -0.000028 0.000098 -0.000033 -0.000492 -0.000010 0.000003 -9.809951 
4.092000 0.000362 0.000166 0.000032 0.002608 0.000732 -0.011350 0.000000 0.000000 0.000000 0.002679 0.002145 -0.017657 0.000000 0.000000 0.000000 -0.000127 -0.000158 -0.000029 0.000103 -0.000032 -0.000549 -0.000010 0.000003 -9.809945 
4.192000 0.000365 0.000138 0.000078 0.002730 0.000806 -0.011767 0.000000 0.000000 0.000000 0.003037 0.001638 -0.018194 0.000000 0.000000 0.000000 -0.000135 -0.000158 -0.000027 0.000107 -0.000031 -0.000611 -0.000011 0.000003 -9.809939 
4.292000 0.000376 0.000118 0.000093 0.002815 0.000858 -0.012276 0.000000 0.000000 0.000000 0.003118 0.001478 -0.018542 0.000000 0.000000 0.000000 -0.000139 -0.000154 -0.000024 0.000112 -0.000029 -0.000676 -0.000011 0.000003 -9.809932 
4.392000 0.000414 0.000133 0.000119 0.002873 0.000937 -0.012812 0.000000 0.000000 0.000000 0.002718 0.001822 -0.019689 0.000000 0.000000 0.000000 -0.000142 -0.000150 -0.000021 0.000117 -0.000027 -0.000746 -0.000012 0.000003 -9.809926 
4.492000 0.000447 0.000160 0.000120 0.002843 0.000937 -0.013274 0.000000 0.000000 0.000000 0.002245 0.001134 -0.019555 0.000000 0.000000 0.000000 -0.000145 -0.000143 -0.000018 0.000124 -0.000024 -0.000820 -0.000012 0.000002 -9.809918 
4.592000 0.000379 0.000166 0.000109 0.002844 0.000821 -0.013770 0.000000 0.000000 0.000000 0.000129 0.000284 -0.018829 0.000000 0.000000 0.000000 -0.000151 -0.000142 -0.000014 0.000129 -0.000021 -0.000898 -0.000013 0.000002 -9.809910 
4.692000 0.000488 0.000176 0.000115 0.002654 0.000686 -0.014195 0.000000 0.000000 0.000000 0.000170 -0.001469 -0.018389 0.000000 0.000000 0.000000 -0.000154 -0.000137 -0.000007 0.000133 -0.000020 -0.000978 -0.000013 0.000002 -9.809902 
4.792000 0.000545 0.000208 0.000106 0.002477 0.000525 -0.014678 0.000000 0.000000 0.000000 0.000225 -0.002169 -0.018751 0.000000 0.000000 0.000000 -0.000152 -0.000135 -0.000003 0.000139 -0.000020 -0.001058 -0.000014 0.000002 -9.809894 
4.900000 0.000526 0.000234 0.000017 0.002331 0.000361 -0.015403 0.000000 0.000000 0.000000 0.000872 -0.002803 -0.018511 0.000000 0.000000 0.000000 -0.000152 -0.000130 -0.000002 0.000143 -0.000023 -0.001137 -0.000014 0.000002 -9.809886 
5.000000 0.000453 0.000245 -0.000016 0.002225 0.000043 -0.016146 0.000000 0.000000 0.000000 0.000146 -0.002844 -0.020179 0.000000 0.000000 0.000000 -0.000158 -0.000127 -0.000003 0.000148 -0.000024 -0.001210 -0.000015 0.000002 -9.809879 
5.104000 0.000463 0.000300 -0.000001 0.002052 -0.000079 -0.017343 0.000000 0.000000 0.000000 0.000828 -0.002617 -0.021842 0.000000 0.000000 0.000000 -0.000155 -0.000120 -0.000002 0.000151 -0.000028 -0.001272 -0.000015 0.000003 -9.809873 
5.208000 0.000438 0.000292 -0.000085 0.001940 -0.000243 -0.018896 0.000000 0.000000 0.000000 -0.000922 -0.002654 -0.022323 0.000000 0.000000 0.000000 -0.000151 -0.000116 -0.000001 0.000152 -0.000030 -0.001321 -0.000015 0.000003 -9.809868 
5.312000 0.000474 0.000311 -0.000133 0.001893 -0.000473 -0.020566 0.000000 0.000000 0.000000 -0.001065 -0.005360 -0.022824 0.000000 0.000000 0.000000 -0.000144 -0.000118 -0.000005 0.000152 -0.000031 -0.001368 -0.000015 0.000003 -9.809863 
5.412000 0.000453 0.000359 -0.000136 0.001862 -0.000743 -0.022061 0.000000 0.000000 0.000000 0.000025 -0.004995 -0.023550 0.000000 0.000000 0.000000 -0.000133 -0.000117 -0.000007 0.000150 -0.000031 -0.001421 -0.000015 0.000003 -9.809858 
5.512000 0.000464 0.000328 -0.000141 0.001793 -0.000898 -0.023575 0.000000 0.000000 0.000000 0.000227 -0.003891 -0.023470 0.000000 0.000000 0.000000 -0.000123 -0.000111 -0.000009 0.000150 -0.000033 -0.001477 -0.000015 0.000003 -9.809853 
5.612000 0.000424 0.000367 -0.000160 0.001891 -0.000940 -0.025088 0.000000 0.000000 0.000000 -0.000582 -0.004983 -0.024154 0.000000 0.000000 0.000000 -0.000108 -0.000111 -0.000011 0.000145 -0.000035 -0.001538 -0.000014 0.000003 -9.809846 
5.716000 0.000410 0.000359 -0.000229 0.001876 -0.001088 -0.026610 0.000000 0.000000 0.000000 0.000053 -0.003272 -0.023815 0.000000 0.000000 0.000000 -0.000097 -0.000109 -0.000013 0.000142 -0.000036 -0.001605 -0.000014 0.000004 -9.809840 
5.824000 0.000398 0.000419 -0.000222 0.001863 -0.001084 -0.028086 0.000000 0.000000 0.000000 0.000846 -0.003244 -0.024610 0.000000 0.000000 0.000000 -0.000086 -0.000104 -0.000017 0.000140 -0.000039 -0.001681 -0.000014 0.000004 -9.809832 
5.932000 0.000358 0.000380 -0.000214 0.001939 -0.001087 -0.029390 0.000000 0.000000 0.000000 0.000685 -0.002775 -0.024497 0.000000 0.000000 0.000000 -0.000076 -0.000102 -0.000021 0.000138 -0.000042 -0.001769 -0.000014 0.000004 -9.809823 
6.032000 0.000370 0.000341 -0.000171 0.001993 -0.001014 -0.030518 0.000000 0.000000 0.000000 0.000588 -0.002728 -0.025627 0.000000 0.000000 0.000000 -0.000066 -0.000100 -0.000024 0.000135 -0.000044 -0.001863 -0.000013 0.000004 -9.809814 
6.132000 0.000303 0.000398 -0.000138 0.002143 -0.000951 -0.031650 0.000000 0.000000 0.000000 0.001968 -0.002452 -0.026567 0.000000 0.000000 0.000000 -0.000057 -0.000098 -0.000024 0.000133 -0.000046 -0.001962 -0.000013 0.000005 -9.809804 
6.232000 0.000224 0.000361 -0.000151 0.002265 -0.000940 -0.032721 0.000000 0.000000 0.000000 0.003133 -0.002036 -0.026461 0.000000 0.000000 0.000000 -0.000052 -0.000094 -0.000024 0.000130 -0.000048 -0.002069 -0.000013 0.000005 -9.809793 
6.332000 0.000181 0.000398 -0.000161 0.002507 -0.000938 -0.033654 0.000000 0.000000 0.000000 0.003540 -0.001848 -0.026932 0.000000 0.000000 0.000000 -0.000047 -0.000090 -0.000026 0.000129 -0.000049 -0.002183 -0.000013 0.000005 -9.809782 
6.432000 0.000146 0.000387 -0.000132 0.002804 -0.000914 -0.034567 0.000000 0.000000 0.000000 0.004810 -0.002244 -0.027144 0.000000 0.000000 0.000000 -0.000042 -0.000085 -0.000027 0.000127 -0.000052 -0.002300 -0.000013 0.000005 -9.809770 
6.532000 0.000164 0.000391 -0.000137 0.003130 -0.000932 -0.035409 0.000000 0.000000 0.000000 0.005638 -0.001838 -0.026733 0.000000 0.000000 0.000000 -0.000039 -0.000080 -0.000027 0.000125 -0.000054 -0.002419 -0.000012 0.000005 -9.809759 
6.640000 0.000087 0.000348 -0.000093 0.003485 -0.000964 -0.036284 0.000000 0.000000 0.000000 0.006777 -0.002016 -0.026669 0.000000 0.000000 0.000000 -0.000036 -0.000073 -0.000027 0.000126 -0.000057 -0.002551 -0.000013 0.000006 -9.809745 
6.740000 0.000118 0.000345 -0.000078 0.003836 -0.000907 -0.036729 0.000000 0.000000 0.000000 0.006739 -0.001451 -0.026338 0.000000 0.000000 0.000000 -0.000032 -0.000065 -0.000028 0.000126 -0.000060 -0.002690 -0.000013 0.000006 -9.809732 
6.840000 0.000120 0.000275 -0.000062 0.004044 -0.000934 -0.037244 0.000000 0.000000 0.000000 0.006809 -0.001323 -0.025734 0.000000 0.000000 0.000000 -0.000031 -0.000055 -0.000027 0.000127 -0.000063 -0.002822 -0.000013 0.000006 -9.809718 
6.940000 0.000146 0.000231 -0.000086 0.004303 -0.000816 -0.037694 0.000000 0.000000 0.000000 0.006168 -0.000932 -0.025698 0.000000 0.000000 0.000000 -0.000027 -0.000047 -0.000028 0.000128 -0.000064 -0.002956 -0.000013 0.000006 -9.809705 
7.040000 0.000206 0.000199 -0.000075 0.004505 -0.000794 -0.037961 0.000000 0.000000 0.000000 0.006253 -0.001116 -0.024833 0.000000 0.000000 0.000000 -0.000025 -0.000039 -0.000028 0.000130 -0.000066 -0.003097 -0.000013 0.000007 -9.809691 
7.144000 0.000215 0.000131 -0.000046 0.004725 -0.000869 -0.038277 0.000000 0.000000 0.000000 0.006850 -0.001646 -0.024579 0.000000 0.000000 0.000000 -0.000024 -0.000030 -0.000028 0.000133 -0.000067 -0.003236 -0.000013 0.000007 -9.809677 
7.244000 0.000231 0.000081 -0.000066 0.004893 -0.000893 -0.038396 0.000000 0.000000 0.000000 0.005930 -0.000781 -0.024237 0.000000 0.000000 0.000000 -0.000023 -0.000021 -0.000028 0.000136 -0.000068 -0.003376 -0.000014 0.000007 -9.809663 
7.352000 0.000230 0.000064 -0.000088 0.005148 -0.000818 -0.038568 0.000000 0.000000 0.000000 0.006259 -0.001326 -0.023878 0.000000 0.000000 0.000000 -0.000020 -0.000015 -0.000027 0.000140 -0.000069 -0.003519 -0.000014 0.000007 -9.809649 
7.452000 0.000214 0.000003 -0.000062 0.005113 -0.000703 -0.038525 0.000000 0.000000 0.000000 0.004759 0.000026 -0.022579 0.000000 0.000000 0.000000 -0.000018 -0.000007 -0.000027 0.000144 -0.000070 -0.003656 -0.000014 0.000007 -9.809635 
7.556000 0.000205 -0.000082 -0.000056 0.005137 -0.000620 -0.038518 0.000000 0.000000 0.000000 0.004613 -0.001840 -0.021921 0.000000 0.000000 0.000000 -0.000017 -0.000000 -0.000025 0.000148 -0.000072 -0.003793 -0.000015 0.000007 -9.809622 
7.660000 0.000131 -0.000150 -0.000078 0.005138 -0.000734 -0.038375 0.000000 0.000000 0.000000 0.003958 -0.001935 -0.020997 0.000000 0.000000 0.000000 -0.000016 0.000006 -0.000024 0.000152 -0.000074 -0.003930 -0.000015 0.000007 -9.809608 
7.764000 0.000070 -0.000130 -0.000089 0.005025 -0.000866 -0.038145 0.000000 0.000000 0.000000 0.002929 -0.002749 -0.021516 0.000000 0.000000 0.000000 -0.000016 0.000013 -0.000025 0.000156 -0.000077 -0.004066 -0.000016 0.000008 -9.809594 
7.864000 0.000047 -0.000119 -0.000097 0.004910 -0.000938 -0.037876 0.000000 0.000000 0.000000 0.002982 -0.001756 -0.020929 0.000000 0.000000 0.000000 -0.000014 0.000019 -0.000024 0.000160 -0.000079 -0.004197 -0.000016 0.000008 -9.809581 
7.964000 0.000029 -0.000117 -0.000108 0.004839 -0.000974 -0.037526 0.000000 0.000000 0.000000 0.002792 -0.001076 -0.020157 0.000000 0.000000 0.000000 -0.000013 0.000023 -0.000024 0.000164 -0.000081 -0.004328 -0.000016 0.000008 -9.809568 
8.064000 0.000062 -0.000161 -0.000114 0.004750 -0.000877 -0.037214 0.000000 0.000000 0.000000 0.002482 -0.002428 -0.019521 0.000000 0.000000 0.000000 -0.000011 0.000027 -0.000023 0.000167 -0.000084 -0.004454 -0.000017 0.000008 -9.809556 
8.168000 0.000056 -0.000162 -0.000045 0.004692 -0.001007 -0.036874 0.000000 0.000000 0.000000 0.002410 -0.001528 -0.019345 0.000000 0.000000 0.000000 -0.000010 0.000031 -0.000023 0.000171 -0.000087 -0.004580 -0.000017 0.000009 -9.809543 
8.272000 -0.000004 -0.000195 -0.000013 0.004780 -0.001075 -0.036529 0.000000 0.000000 0.000000 0.002618 -0.001127 -0.017441 0.000000 0.000000 0.000000 -0.000010 0.000033 -0.000022 0.000174 -0.000091 -0.004701 -0.000017 0.000009 -9.809531 
8.372000 0.000022 -0.000210 0.000009 0.004635 -0.001036 -0.035969 0.000000 0.000000 0.000000 0.002635 -0.001360 -0.015692 0.000000 0.000000 0.000000 -0.000008 0.000037 -0.000022 0.000180 -0.000094 -0.004819 -0.000018 0.000009 -9.809519 
8.476000 -0.000019 -0.000217 -0.000014 0.004663 -0.001157 -0.035375 0.000000 0.000000 0.000000 0.002524 -0.002722 -0.016434 0.000000 0.000000 0.000000 -0.000008 0.000040 -0.000021 0.000184 -0.000098 -0.004936 -0.000018 0.000010 -9.809508 
8.576000 -0.000040 -0.000240 0.000043 0.004622 -0.001267 -0.034796 0.000000 0.000000 0.000000 0.002537 -0.002522 -0.016741 0.000000 0.000000 0.000000 -0.000007 0.000042 -0.000020 0.000188 -0.000101 -0.005047 -0.000019 0.000010 -9.809497 
8.680000 -0.000017 -0.000290 0.000072 0.004543 -0.001325 -0.034217 0.000000 0.000000 0.000000 0.001399 -0.001171 -0.015192 0.000000 0.000000 0.000000 -0.000006 0.000045 -0.000019 0.000193 -0.000106 -0.005159 -0.000019 0.000010 -9.809486 
8.780000 0.000014 -0.000283 0.000023 0.004538 -0.001263 -0.033497 0.000000 0.000000 0.000000 0.000491 -0.002095 -0.013912 0.000000 0.000000 0.000000 -0.000004 0.000046 -0.000016 0.000198 -0.000110 -0.005266 -0.000020 0.000011 -9.809475 
8.880000 -0.000041 -0.000319 -0.000003 0.004414 -0.001261 -0.032793 0.000000 0.000000 0.000000 0.001231 -0.001813 -0.013697 0.000000 0.000000 0.000000 -0.000002 0.000047 -0.000016 0.000203 -0.000114 -0.005368 -0.000020 0.000011 -9.809465 
8.980000 -0.000058 -0.000334 -0.000030 0.004273 -0.001232 -0.032030 0.000000 0.000000 0.000000 0.000071 -0.000591 -0.012541 0.000000 0.000000 0.000000 -0.000001 0.000048 -0.000016 0.000208 -0.000117 -0.005465 -0.000021 0.000012 -9.809455 
9.084000 -0.000073 -0.000270 -0.000058 0.004057 -0.001184 -0.031336 0.000000 0.000000 0.000000 -0.000016 -0.001357 -0.012811 0.000000 0.000000 0.000000 -0.000000 0.000049 -0.000015 0.000214 -0.000121 -0.005559 -0.000021 0.000012 -9.809446 
9.184000 -0.000086 -0.000220 -0.000108 0.003961 -0.001162 -0.030760 0.000000 0.000000 0.000000 -0.001229 -0.001898 -0.013508 0.000000 0.000000 0.000000 0.000000 0.000049 -0.000015 0.000216 -0.000127 -0.005647 -0.000021 0.000012 -9.809437 
9.284000 -0.000115 -0.000194 -0.000132 0.003686 -0.001282 -0.030173 0.000000 0.000000 0.000000 -0.001685 -0.002734 -0.013108 0.000000 0.000000 0.000000 0.000001 0.000050 -0.000016 0.000220 -0.000131 -0.005735 -0.000022 0.000013 -9.809428 
9.384000 -0.000171 -0.000129 -0.000081 0.003359 -0.001408 -0.029604 0.000000 0.000000 0.000000 -0.002976 -0.001057 -0.012043 0.000000 0.000000 0.000000 0.000001 0.000050 -0.000017 0.000223 -0.000137 -0.005819 -0.000022 0.000013 -9.809420 
9.488000 -0.000087 -0.000101 -0.000095 0.002988 -0.001413 -0.029087 0.000000 0.000000 0.000000 -0.003996 -0.001527 -0.011886 0.000000 0.000000 0.000000 0.000001 0.000050 -0.000017 0.000225 -0.000142 -0.005900 -0.000022 0.000014 -9.809412 
9.600000 -0.000129 -0.000050 -0.000092 0.002582 -0.001402 -0.028653 0.000000 0.000000 0.000000 -0.004966 -0.001595 -0.011445 0.000000 0.000000 0.000000 0.000002 0.000048 -0.000018 0.000228 -0.000147 -0.005978 -0.000023 0.000014 -9.809404 
9.700000 -0.000129 -0.000083 -0.000125 0.002280 -0.001427 -0.028090 0.000000 0.000000 0.000000 -0.004846 -0.002077 -0.010180 0.000000 0.000000 0.000000 0.000002 0.000046 -0.000018 0.000230 -0.000153 -0.006052 -0.000023 0.000015 -9.809397 
9.808000 -0.000155 -0.000130 -0.000129 0.001943 -0.001416 -0.027477 0.000000 0.000000 0.000000 -0.005592 -0.001632 -0.009728 0.000000 0.000000 0.000000 0.000003 0.000044 -0.000019 0.000231 -0.000159 -0.006124 -0.000023 0.000016 -9.809390 
9.908000 -0.000169 -0.000065 -0.000147 0.001726 -0.001493 -0.026777 0.000000 0.000000 0.000000 -0.004533 -0.002538 -0.008827 0.000000 0.000000 0.000000 0.000003 0.000041 -0.000020 0.000234 -0.000163 -0.006192 -0.000023 0.000016 -9.809383 
10.008000 -0.000132 -0.000039 -0.000125 0.001602 -0.001554 -0.026225 0.000000 0.000000 0.000000 -0.004954 -0.001721 -0.008286 0.000000 0.000000 0.000000 0.000004 0.000037 -0.000020 0.000234 -0.000168 -0.006252 -0.000023 0.000017 -9.809377 
10.108000 -0.000111 -0.000039 -0.000072 0.001501 -0.001543 -0.025638 0.000000 0.000000 0.000000 -0.003928 -0.001018 -0.008163 0.000000 0.000000 0.000000 0.000005 0.000034 -0.000020 0.000235 -0.000171 -0.006311 -0.000023 0.000017 -9.809371 
10.208000 -0.000095 -0.000018 -0.000085 0.001385 -0.001553 -0.025110 0.000000 0.000000 0.000000 -0.002822 -0.001138 -0.009579 0.000000 0.000000 0.000000 0.000006 0.000031 -0.000021 0.000236 -0.000174 -0.006367 -0.000023 0.000017 -9.809366 
10.308000 -0.000062 0.000007 -0.000057 0.001489 -0.001514 -0.024646 0.000000 0.000000 0.000000 -0.001417 -0.002270 -0.009506 0.000000 0.000000 0.000000 0.000007 0.000027 -0.000022 0.000237 -0.000178 -0.006423 -0.000023 0.000018 -9.809360 
10.412000 -0.000055 0.002634 -0.000061 0.003292 -0.001533 -0.022931 0.000000 0.000000 0.000000 0.008755 -0.000994 0.001245 0.000000 0.000000 0.000000 0.000008 0.000015 -0.000022 0.000226 -0.000185 -0.006512 -0.000022 0.000018 -9.809351 
10.524000 -0.000022 0.012474 -0.000064 0.005592 -0.001711 -0.024697 0.000000 0.000000 0.000000 0.023319 -0.000538 0.016729 0.000000 0.000000 0.000000 0.000006 0.000015 -0.000019 0.000195 -0.000187 -0.006408 -0.000019 0.000018 -9.809361 
10.624000 -0.000096 0.027579 -0.000037 0.008305 -0.001671 -0.022595 0.000000 0.000000 0.000000 0.033549 -0.000448 0.028690 0.000000 0.000000 0.000000 0.000008 0.000017 -0.000017 0.000194 -0.000185 -0.006403 -0.000019 0.000018 -9.809362 
10.724000 0.001217 0.045225 -0.002701 0.012161 -0.001688 -0.018715 0.000000 0.000000 0.000000 0.044262 0.003962 0.035175 0.000000 0.000000 0.000000 0.000005 0.000016 -0.000016 0.000196 -0.000185 -0.006431 -0.000019 0.000018 -9.809359 
10.824000 0.011495 0.057085 -0.011510 0.017189 -0.001588 -0.014456 0.000000 0.000000 0.000000 0.061243 -0.007575 0.039280 0.000000 0.000000 0.000000 0.000005 0.000016 -0.000013 0.000195 -0.000190 -0.006450 -0.000019 0.000019 -9.809357 
10.928000 0.029696 0.059132 -0.016621 0.025547 -0.003607 -0.009895 0.000000 0.000000 0.000000 0.103332 -0.027827 0.042397 0.000000 0.000000 0.000000 0.000004 0.000016 -0.000013 0.000196 -0.000190 -0.006467 -0.000019 0.000019 -9.809356 
11.028000 0.035909 0.046978 -0.013201 0.037368 -0.006860 -0.004088 0.000000 0.000000 0.000000 0.139128 -0.042022 0.060276 0.000000 0.000000 0.000000 0.000006 0.000018 -0.000015 0.000195 -0.000187 -0.006498 -0.000019 0.000018 -9.809353 
11.128000 0.027187 0.028579 -0.007098 0.052848 -0.011816 0.003861 0.000000 0.000000 0.000000 0.170171 -0.062327 0.088510 0.000000 0.000000 0.000000 0.000008 0.000018 -0.000016 0.000192 -0.000185 -0.006523 -0.000019 0.000018 -9.809350 
11.228000 0.013652 0.012892 -0.000975 0.071114 -0.018959 0.014880 0.000000 0.000000 0.000000 0.190704 -0.081696 0.121074 0.000000 0.000000 0.000000 0.000009 0.000017 -0.000017 0.000188 -0.000183 -0.006549 -0.000019 0.000018 -9.809347 
11.328000 0.003292 0.001885 0.003956 0.090972 -0.027746 0.029268 0.000000 0.000000 0.000000 0.196881 -0.092948 0.151707 0.000000 0.000000 0.000000 0.000010 0.000016 -0.000017 0.000181 -0.000179 -0.006581 -0.000018 0.000018 -9.809344 
11.428000 -0.002374 -0.005727 0.007407 0.110504 -0.037171 0.046728 0.000000 0.000000 0.000000 0.192943 -0.095272 0.180828 0.000000 0.000000 0.000000 0.000011 0.000015 -0.000018 0.000185 -0.000178 -0.006615 -0.000018 0.000017 -9.809341 
11.528000 -0.004732 -0.011675 0.009698 0.129204 -0.046546 0.066904 0.000000 0.000000 0.000000 0.178839 -0.091400 0.204501 0.000000 0.000000 0.000000 0.000011 0.000016 -0.000019 0.000185 -0.000178 -0.006650 -0.000018 0.000017 -9.809337 
11.628000 -0.006168 -0.016521 0.010979 0.146199 -0.055340 0.088841 0.000000 0.000000 0.000000 0.160173 -0.083168 0.224924 0.000000 0.000000 0.000000 0.000012 0.000017 -0.000019 0.000182 -0.000174 -0.006668 -0.000018 0.000017 -9.809336 
11.732000 -0.007699 -0.020017 0.011580 0.161953 -0.063494 0.113837 0.000000 0.000000 0.000000 0.137498 -0.073575 0.241703 0.000000 0.000000 0.000000 0.000012 0.000015 -0.000018 0.000187 -0.000178 -0.006695 -0.000018 0.000017 -9.809333 
11.832000 -0.009194 -0.022046 0.011777 0.174648 -0.070381 0.139524 0.000000 0.000000 0.000000 0.113188 -0.063283 0.254575 0.000000 0.000000 0.000000 0.000011 0.000015 -0.000016 0.000189 -0.000183 -0.006728 -0.000019 0.000018 -9.809330 
11.940000 -0.010271 -0.023310 0.011622 0.185271 -0.076600 0.168647 0.000000 0.000000 0.000000 0.085027 -0.053252 0.263569 0.000000 0.000000 0.000000 0.000011 0.000017 -0.000016 0.000191 -0.000187 -0.006768 -0.000019 0.000018 -9.809326 
12.048000 -0.010427 -0.023718 0.011358 0.192842 -0.081824 0.198438 0.000000 0.000000 0.000000 0.057230 -0.041729 0.270588 0.000000 0.000000 0.000000 0.000011 0.000019 -0.000013 0.000191 -0.000186 -0.006802 -0.000019 0.000018 -9.809322 
12.152000 -0.010187 -0.023556 0.011044 0.197322 -0.085552 0.227964 0.000000 0.000000 0.000000 0.030543 -0.030587 0.274658 0.000000 0.000000 0.000000 0.000010 0.000021 -0.000012 0.000190 -0.000193 -0.006845 -0.000018 0.000019 -9.809318 
12.252000 -0.009685 -0.022774 0.010691 0.198906 -0.087897 0.256623 0.000000 0.000000 0.000000 0.006208 -0.020608 0.275937 0.000000 0.000000 0.000000 0.000009 0.000025 -0.000010 0.000189 -0.000207 -0.006885 -0.000018 0.000020 -9.809314 
12.352000 -0.009219 -0.021430 0.010305 0.198387 -0.089220 0.285064 0.000000 0.000000 0.000000 -0.015582 -0.009985 0.273701 0.000000 0.000000 0.000000 0.000010 0.000026 -0.000009 0.000187 -0.000216 -0.006918 -0.000018 0.000021 -9.809311 
12.456000 -0.008413 -0.019977 0.009889 0.195786 -0.089615 0.314353 0.000000 0.000000 0.000000 -0.034954 -0.000911 0.271358 0.000000 0.000000 0.000000 0.000010 0.000026 -0.000010 0.000188 -0.000225 -0.006951 -0.000018 0.000022 -9.809308 
12.560000 -0.007564 -0.018001 0.009528 0.191048 -0.089029 0.343496 0.000000 0.000000 0.000000 -0.054110 0.006772 0.266992 0.000000 0.000000 0.000000 0.000011 0.000026 -0.000010 0.000195 -0.000231 -0.006991 -0.000019 0.000023 -9.809304 
12.660000 -0.006978 -0.015900 0.009156 0.184870 -0.087722 0.370974 0.000000 0.000000 0.000000 -0.069096 0.014482 0.263173 0.000000 0.000000 0.000000 0.000013 0.000026 -0.000011 0.000197 -0.000235 -0.007026 -0.000019 0.000023 -9.809300 
12.760000 -0.006559 -0.013496 0.008795 0.177401 -0.085825 0.398049 0.000000 0.000000 0.000000 -0.082266 0.020544 0.258650 0.000000 0.000000 0.000000 0.000014 0.000025 -0.000011 0.000201 -0.000237 -0.007060 -0.000019 0.000023 -9.809297 
12.860000 -0.005867 -0.011180 0.008423 0.168930 -0.083346 0.424505 0.000000 0.000000 0.000000 -0.091488 0.026212 0.253451 0.000000 0.000000 0.000000 0.000015 0.000021 -0.000011 0.000208 -0.000241 -0.007090 -0.000020 0.000024 -9.809294 
12.964000 -0.004963 -0.008955 0.008002 0.159195 -0.080425 0.451450 0.000000 0.000000 0.000000 -0.098242 0.029627 0.248161 0.000000 0.000000 0.000000 0.000014 0.000019 -0.000010 0.000214 -0.000242 -0.007118 -0.000020 0.000024 -9.809291 
13.068000 -0.004217 -0.006993 0.007586 0.148914 -0.077060 0.477961 0.000000 0.000000 0.000000 -0.104375 0.033155 0.243240 0.000000 0.000000 0.000000 0.000015 0.000017 -0.000011 0.000216 -0.000244 -0.007150 -0.000021 0.000024 -9.809288 
13.180000 -0.003251 -0.004974 0.007139 0.137260 -0.073123 0.505977 0.000000 0.000000 0.000000 -0.107911 0.036249 0.238557 0.000000 0.000000 0.000000 0.000014 0.000015 -0.000010 0.000212 -0.000249 -0.007184 -0.000020 0.000024 -9.809285 
13.280000 -0.002435 -0.003200 0.006792 0.126880 -0.069529 0.530619 0.000000 0.000000 0.000000 -0.107710 0.038093 0.234257 0.000000 0.000000 0.000000 0.000013 0.000012 -0.000010 0.000211 -0.000255 -0.007217 -0.000020 0.000025 -9.809282 
13.384000 -0.001639 -0.001416 0.006533 0.116054 -0.065592 0.555724 0.000000 0.000000 0.000000 -0.106436 0.039337 0.228204 0.000000 0.000000 0.000000 0.000011 0.000010 -0.000010 0.000206 -0.000259 -0.007250 -0.000020 0.000025 -9.809278 
13.484000 -0.000998 0.000166 0.006359 0.105807 -0.061639 0.579237 0.000000 0.000000 0.000000 -0.102958 0.039659 0.222008 0.000000 0.000000 0.000000 0.000011 0.000009 -0.000010 0.000200 -0.000261 -0.007283 -0.000019 0.000026 -9.809275 
13.584000 -0.000762 0.001495 0.006166 0.096138 -0.057961 0.602016 0.000000 0.000000 0.000000 -0.100707 0.039369 0.215664 0.000000 0.000000 0.000000 0.000008 0.000007 -0.000009 0.000190 -0.000264 -0.007310 -0.000018 0.000026 -9.809272 
13.688000 -0.000471 0.002436 0.005937 0.086234 -0.054015 0.625129 0.000000 0.000000 0.000000 -0.095042 0.038934 0.210409 0.000000 0.000000 0.000000 0.000007 0.000005 -0.000009 0.000186 -0.000263 -0.007341 -0.000018 0.000026 -9.809269 
13.788000 0.000199 0.003276 0.005710 0.077419 -0.050362 0.646817 0.000000 0.000000 0.000000 -0.088979 0.038269 0.204520 0.000000 0.000000 0.000000 0.000006 0.000003 -0.000008 0.000180 -0.000260 -0.007371 -0.000017 0.000025 -9.809266 
13.888000 0.000866 0.003995 0.005505 0.069352 -0.046815 0.668051 0.000000 0.000000 0.000000 -0.082214 0.036861 0.199036 0.000000 0.000000 0.000000 0.000005 0.000001 -0.000009 0.000168 -0.000257 -0.007404 -0.000016 0.000025 -9.809263 
13.992000 0.001410 0.004636 0.005435 0.061568 -0.043270 0.689549 0.000000 0.000000 0.000000 -0.075232 0.034582 0.194125 0.000000 0.000000 0.000000 0.000004 -0.000001 -0.000009 0.000159 -0.000256 -0.007437 -0.000015 0.000025 -9.809260 
14.096000 0.001772 0.005078 0.005392 0.054537 -0.040165 0.710451 0.000000 0.000000 0.000000 -0.068397 0.031968 0.188754 0.000000 0.000000 0.000000 0.000001 -0.000004 -0.000009 0.000153 -0.000254 -0.007467 -0.000014 0.000025 -9.809257 
14.200000 0.001732 0.005402 0.005365 0.048292 -0.037282 0.730837 0.000000 0.000000 0.000000 -0.061577 0.028310 0.181959 0.000000 0.000000 0.000000 -0.000000 -0.000007 -0.000011 0.000148 -0.000252 -0.007502 -0.000014 0.000025 -9.809253 
14.304000 0.001666 0.005569 0.005415 0.042858 -0.034849 0.750531 0.000000 0.000000 0.000000 -0.053495 0.025142 0.175733 0.000000 0.000000 0.000000 -0.000004 -0.000010 -0.000011 0.000140 -0.000253 -0.007533 -0.000013 0.000025 -9.809250 
14.408000 0.001479 0.005572 0.005520 0.038150 -0.032804 0.769570 0.000000 0.000000 0.000000 -0.045693 0.020917 0.169576 0.000000 0.000000 0.000000 -0.000006 -0.000013 -0.000012 0.000133 -0.000250 -0.007565 -0.000012 0.000025 -9.809247 
14.508000 0.001520 0.005618 0.005590 0.034243 -0.031129 0.787339 0.000000 0.000000 0.000000 -0.039435 0.019969 0.163285 0.000000 0.000000 0.000000 -0.000009 -0.000015 -0.000012 0.000126 -0.000250 -0.007597 -0.000012 0.000025 -9.809244 
14.612000 0.001495 0.005612 0.005566 0.030900 -0.029476 0.804948 0.000000 0.000000 0.000000 -0.032961 0.018422 0.156116 0.000000 0.000000 0.000000 -0.000011 -0.000017 -0.000014 0.000118 -0.000245 -0.007625 -0.000011 0.000024 -9.809241 
14.712000 0.001290 0.005429 0.005585 0.028367 -0.028117 0.821349 0.000000 0.000000 0.000000 -0.026615 0.016998 0.151502 0.000000 0.000000 0.000000 -0.000013 -0.000019 -0.000015 0.000111 -0.000241 -0.007654 -0.000010 0.000024 -9.809239 
14.816000 0.001226 0.004804 0.005581 0.026280 -0.026952 0.837813 0.000000 0.000000 0.000000 -0.020950 0.014005 0.145365 0.000000 0.000000 0.000000 -0.000016 -0.000021 -0.000016 0.000102 -0.000240 -0.007682 -0.000009 0.000024 -9.809236 
14.916000 0.000953 0.004264 0.005488 0.024929 -0.026085 0.853066 0.000000 0.000000 0.000000 -0.013869 0.013734 0.138575 0.000000 0.000000 0.000000 -0.000019 -0.000022 -0.000016 0.000093 -0.000235 -0.007711 -0.000009 0.000023 -9.809233 
15.024000 0.000347 0.003872 0.005499 0.024065 -0.025271 0.868706 0.000000 0.000000 0.000000 -0.007556 0.010811 0.131102 0.000000 0.000000 0.000000 -0.000021 -0.000023 -0.000016 0.000086 -0.000228 -0.007740 -0.000008 0.000023 -9.809230 
15.124000 -0.000054 0.003708 0.005561 0.023792 -0.024540 0.882332 0.000000 0.000000 0.000000 -0.004534 0.009910 0.125169 0.000000 0.000000 0.000000 -0.000022 -0.000024 -0.000017 0.000079 -0.000222 -0.007762 -0.000007 0.000022 -9.809228 
15.224000 -0.000154 0.003379 0.005620 0.023707 -0.024019 0.895142 0.000000 0.000000 0.000000 -0.001684 0.008284 0.117719 0.000000 0.000000 0.000000 -0.000025 -0.000024 -0.000017 0.000072 -0.000219 -0.007779 -0.000007 0.000022 -9.809226 
15.324000 -0.000051 0.002542 0.005665 0.023989 -0.023554 0.907341 0.000000 0.000000 0.000000 0.000608 0.008564 0.111467 0.000000 0.000000 0.000000 -0.000027 -0.000025 -0.000018 0.000063 -0.000215 -0.007798 -0.000006 0.000021 -9.809225 
15.424000 -0.000024 0.001735 0.005724 0.024347 -0.023014 0.918850 0.000000 0.000000 0.000000 0.002024 0.008259 0.103822 0.000000 0.000000 0.000000 -0.000029 -0.000025 -0.000017 0.000058 -0.000213 -0.007815 -0.000005 0.000021 -9.809223 
15.528000 -0.000050 0.001086 0.005758 0.024989 -0.022450 0.929965 0.000000 0.000000 0.000000 0.003468 0.008457 0.097309 0.000000 0.000000 0.000000 -0.000031 -0.000027 -0.000017 0.000053 -0.000208 -0.007831 -0.000005 0.000021 -9.809221 
15.628000 -0.000077 0.000726 0.005690 0.025586 -0.022042 0.939977 0.000000 0.000000 0.000000 0.003344 0.007509 0.090818 0.000000 0.000000 0.000000 -0.000033 -0.000028 -0.000018 0.000050 -0.000205 -0.007846 -0.000004 0.000020 -9.809220 
15.732000 -0.000287 0.000154 0.005773 0.026132 -0.021666 0.949605 0.000000 0.000000 0.000000 0.004908 0.007868 0.082951 0.000000 0.000000 0.000000 -0.000035 -0.000028 -0.000019 0.000044 -0.000201 -0.007859 -0.000004 0.000020 -9.809219 
15.832000 -0.000401 -0.000412 0.005777 0.026771 -0.021130 0.958112 0.000000 0.000000 0.000000 0.005148 0.007867 0.075085 0.000000 0.000000 0.000000 -0.000036 -0.000028 -0.000019 0.000041 -0.000196 -0.007872 -0.000004 0.000020 -9.809217 
15.936000 -0.000431 -0.001009 0.005771 0.027381 -0.020523 0.966079 0.000000 0.000000 0.000000 0.003724 0.009430 0.067379 0.000000 0.000000 0.000000 -0.000037 -0.000028 -0.000020 0.000036 -0.000193 -0.007885 -0.000003 0.000019 -9.809216 
16.036000 -0.000291 -0.001277 0.005763 0.027863 -0.019860 0.973084 0.000000 0.000000 0.000000 0.004026 0.008982 0.060982 0.000000 0.000000 0.000000 -0.000038 -0.000028 -0.000020 0.000033 -0.000191 -0.007898 -0.000003 0.000019 -9.809215 
16.132000 0.000083 -0.001558 0.005766 0.028182 -0.019385 0.979063 0.000000 0.000000 0.000000 0.002713 0.007977 0.054349 0.000000 0.000000 0.000000 -0.000040 -0.000027 -0.000020 0.000027 -0.000186 -0.007908 -0.000002 0.000019 -9.809214 
16.236000 0.000526 -0.001995 0.005787 0.028289 -0.018923 0.984900 0.000000 0.000000 0.000000 0.001138 0.007681 0.049723 0.000000 0.000000 0.000000 -0.000042 -0.000026 -0.000020 0.000025 -0.000183 -0.007917 -0.000002 0.000018 -9.809213 
16.344000 0.000804 -0.002423 0.005745 0.028349 -0.018420 0.990436 0.000000 0.000000 0.000000 -0.000483 0.006680 0.043714 0.000000 0.000000 0.000000 -0.000043 -0.000025 -0.000020 0.000023 -0.000180 -0.007927 -0.000002 0.000018 -9.809212 
16.444000 0.000810 -0.002517 0.005716 0.028054 -0.018132 0.995065 0.000000 0.000000 0.000000 -0.003963 0.005288 0.037286 0.000000 0.000000 0.000000 -0.000045 -0.000024 -0.000020 0.000019 -0.000175 -0.007939 -0.000001 0.000018 -9.809211 
16.544000 0.000575 -0.002527 0.005765 0.027459 -0.017893 0.999077 0.000000 0.000000 0.000000 -0.006295 0.003796 0.031358 0.000000 0.000000 0.000000 -0.000045 -0.000023 -0.000020 0.000015 -0.000172 -0.007951 -0.000001 0.000017 -9.809210 
16.648000 0.000324 -0.002745 0.005744 0.026604 -0.017766 1.002539 0.000000 0.000000 0.000000 -0.008715 0.002386 0.025108 0.000000 0.000000 0.000000 -0.000047 -0.000021 -0.000020 0.000008 -0.000170 -0.007962 -0.000000 0.000017 -9.809209 
16.748000 0.000360 -0.003101 0.005849 0.025478 -0.017861 1.005302 0.000000 0.000000 0.000000 -0.011815 0.001231 0.020888 0.000000 0.000000 0.000000 -0.000048 -0.000019 -0.000020 0.000004 -0.000168 -0.007972 0.000000 0.000017 -9.809208 
16.848000 0.000574 -0.002909 0.005926 0.024054 -0.017898 1.007855 0.000000 0.000000 0.000000 -0.014768 0.000326 0.017530 0.000000 0.000000 0.000000 -0.000048 -0.000018 -0.000021 0.000001 -0.000164 -0.007986 0.000000 0.000017 -9.809206 
16.952000 0.000565 -0.002901 0.005936 0.022142 -0.017969 1.009950 0.000000 0.000000 0.000000 -0.018225 0.000425 0.013119 0.000000 0.000000 0.000000 -0.000048 -0.000016 -0.000021 -0.000003 -0.000162 -0.007996 0.000001 0.000016 -9.809205 
17.056000 0.000584 -0.002775 0.005866 0.019998 -0.018115 1.011694 0.000000 0.000000 0.000000 -0.020893 -0.000097 0.008744 0.000000 0.000000 0.000000 -0.000049 -0.000015 -0.000022 -0.000002 -0.000159 -0.008009 0.000001 0.000016 -9.809204 
17.156000 0.000757 -0.002475 0.005742 0.017674 -0.018328 1.013105 0.000000 0.000000 0.000000 -0.022483 -0.001679 0.005910 0.000000 0.000000 0.000000 -0.000049 -0.000014 -0.000022 -0.000006 -0.000155 -0.008022 0.000001 0.000016 -9.809203 
17.256000 0.000724 -0.002042 0.005642 0.015238 -0.018548 1.014052 0.000000 0.000000 0.000000 -0.024513 -0.001946 0.004244 0.000000 0.000000 0.000000 -0.000049 -0.000012 -0.000023 -0.000011 -0.000153 -0.008030 0.000001 0.000016 -9.809202 
17.356000 0.000826 -0.001534 0.005605 0.012668 -0.018862 1.015081 0.000000 0.000000 0.000000 -0.025093 -0.003936 0.002609 0.000000 0.000000 0.000000 -0.000048 -0.000011 -0.000024 -0.000011 -0.000151 -0.008043 0.000001 0.000015 -9.809201 
17.456000 0.000832 -0.001309 0.005652 0.010231 -0.019311 1.015775 0.000000 0.000000 0.000000 -0.024219 -0.005087 0.000591 0.000000 0.000000 0.000000 -0.000048 -0.000011 -0.000026 -0.000013 -0.000150 -0.008053 0.000002 0.000015 -9.809200 
17.560000 0.001182 -0.000869 0.005605 0.007688 -0.019881 1.016226 0.000000 0.000000 0.000000 -0.025062 -0.005603 -0.000592 0.000000 0.000000 0.000000 -0.000047 -0.000011 -0.000027 -0.000016 -0.000145 -0.008061 0.000002 0.000015 -9.809199 
17.660000 0.002089 -0.000002 0.005550 0.005246 -0.020490 1.016729 0.000000 0.000000 0.000000 -0.023152 -0.008811 0.007569 0.000000 0.000000 0.000000 -0.000046 -0.000010 -0.000029 -0.000020 -0.000145 -0.008068 0.000002 0.000015 -9.809199 
17.764000 0.003978 0.003623 0.005571 0.002987 -0.021329 1.018843 0.000000 0.000000 0.000000 -0.017642 -0.010445 0.018954 0.000000 0.000000 0.000000 -0.000044 -0.000009 -0.000029 -0.000023 -0.000143 -0.008081 0.000003 0.000015 -9.809197 
17.868000 0.004530 0.009004 0.005635 0.001421 -0.022472 1.021789 0.000000 0.000000 0.000000 -0.011219 -0.013023 0.021507 0.000000 0.000000 0.000000 -0.000043 -0.000008 -0.000030 -0.000027 -0.000141 -0.008096 0.000003 0.000014 -9.809196 
17.968000 0.003874 0.014178 0.005735 0.000714 -0.023772 1.024970 0.000000 0.000000 0.000000 -0.000098 -0.015907 0.022641 0.000000 0.000000 0.000000 -0.000042 -0.000007 -0.000031 -0.000027 -0.000139 -0.008112 0.000003 0.000014 -9.809194 
18.068000 0.002853 0.019074 0.005700 0.001174 -0.025445 1.028500 0.000000 0.000000 0.000000 0.014939 -0.018116 0.025474 0.000000 0.000000 0.000000 -0.000040 -0.000005 -0.000032 -0.000031 -0.000137 -0.008133 0.000003 0.000014 -9.809192 
18.168000 0.001828 0.024214 0.005715 0.003511 -0.027180 1.032051 0.000000 0.000000 0.000000 0.035304 -0.019102 0.027827 0.000000 0.000000 0.000000 -0.000039 -0.000004 -0.000033 -0.000036 -0.000138 -0.008148 0.000004 0.000014 -9.809191 
18.268000 0.001058 0.029375 0.005743 0.008219 -0.029003 1.035869 0.000000 0.000000 0.000000 0.059982 -0.018945 0.030041 0.000000 0.000000 0.000000 -0.000038 -0.000003 -0.000033 -0.000043 -0.000137 -0.008164 0.000004 0.000014 -9.809189 
18.368000 0.000579 0.032937 0.005795 0.015568 -0.030749 1.039944 0.000000 0.000000 0.000000 0.086891 -0.018935 0.032379 0.000000 0.000000 0.000000 -0.000036 -0.000003 -0.000034 -0.000051 -0.000135 -0.008181 0.000005 0.000014 -9.809188 
18.468000 0.000383 0.034885 0.005797 0.025652 -0.032483 1.044208 0.000000 0.000000 0.000000 0.115104 -0.018731 0.036370 0.000000 0.000000 0.000000 -0.000035 -0.000001 -0.000034 -0.000061 -0.000133 -0.008195 0.000006 0.000014 -9.809187 
18.568000 0.000077 0.036099 0.005861 0.038754 -0.034263 1.048809 0.000000 0.000000 0.000000 0.145721 -0.017889 0.041610 0.000000 0.000000 0.000000 -0.000034 -0.000001 -0.000034 -0.000071 -0.000134 -0.008208 0.000007 0.000014 -9.809185 
18.668000 -0.000310 0.037905 0.005904 0.054984 -0.035738 1.054086 0.000000 0.000000 0.000000 0.177570 -0.016151 0.047586 0.000000 0.000000 0.000000 -0.000032 -0.000001 -0.000034 -0.000080 -0.000134 -0.008222 0.000008 0.000014 -9.809184 
18.772000 -0.000827 0.040129 0.006060 0.075272 -0.037199 1.060140 0.000000 0.000000 0.000000 0.209243 -0.015743 0.053038 0.000000 0.000000 0.000000 -0.000031 -0.000001 -0.000035 -0.000091 -0.000136 -0.008235 0.000009 0.000014 -9.809183 
18.872000 -0.001260 0.040197 0.006218 0.097809 -0.038541 1.066330 0.000000 0.000000 0.000000 0.238953 -0.014875 0.056776 0.000000 0.000000 0.000000 -0.000030 -0.000000 -0.000035 -0.000102 -0.000140 -0.008245 0.000010 0.000014 -9.809182 
18.972000 -0.001496 0.038944 0.006217 0.123360 -0.039852 1.072860 0.000000 0.000000 0.000000 0.268318 -0.013533 0.061083 0.000000 0.000000 0.000000 -0.000030 0.000000 -0.000036 -0.000115 -0.000144 -0.008256 0.000011 0.000015 -9.809181 
19.072000 -0.001645 0.037295 0.006268 0.151824 -0.040915 1.079923 0.000000 0.000000 0.000000 0.296519 -0.010713 0.064911 0.000000 0.000000 0.000000 -0.000029 0.000001 -0.000037 -0.000127 -0.000148 -0.008267 0.000013 0.000015 -9.809180 
19.172000 -0.001758 0.035840 0.006293 0.182882 -0.041655 1.087216 0.000000 0.000000 0.000000 0.322803 -0.007956 0.069094 0.000000 0.000000 0.000000 -0.000028 0.000002 -0.000037 -0.000139 -0.000149 -0.008277 0.000014 0.000015 -9.809179 
19.276000 -0.001825 0.034678 0.006432 0.217927 -0.042175 1.095258 0.000000 0.000000 0.000000 0.347493 -0.006265 0.074592 0.000000 0.000000 0.000000 -0.000027 0.000001 -0.000038 -0.000148 -0.000152 -0.008286 0.000015 0.000016 -9.809178 
19.372000 -0.001588 0.033629 0.006516 0.252465 -0.042501 1.103237 0.000000 0.000000 0.000000 0.369419 -0.004082 0.077521 0.000000 0.000000 0.000000 -0.000026 0.000001 -0.000039 -0.000154 -0.000156 -0.008296 0.000015 0.000016 -9.809177 
19.476000 -0.001544 0.032514 0.006585 0.292114 -0.042698 1.112232 0.000000 0.000000 0.000000 0.390429 -0.002216 0.084044 0.000000 0.000000 0.000000 -0.000025 0.000001 -0.000040 -0.000160 -0.000158 -0.008305 0.000016 0.000016 -9.809176 
19.576000 -0.001773 0.031134 0.006716 0.332380 -0.042677 1.121248 0.000000 0.000000 0.000000 0.409512 -0.000203 0.088096 0.000000 0.000000 0.000000 -0.000025 0.000001 -0.000040 -0.000168 -0.000162 -0.008312 0.000017 0.000017 -9.809176 
19.676000 -0.001902 0.029029 0.006834 0.374038 -0.042453 1.130453 0.000000 0.000000 0.000000 0.419954 0.002135 0.089535 0.000000 0.000000 0.000000 -0.000024 0.000002 -0.000041 -0.000175 -0.000166 -0.008316 0.000017 0.000017 -9.809175 
19.780000 -0.002061 0.020264 0.007038 0.418133 -0.041987 1.139903 0.000000 0.000000 0.000000 0.428515 0.004627 0.084493 0.000000 0.000000 0.000000 -0.000023 0.000001 -0.000040 -0.000176 -0.000166 -0.008322 0.000018 0.000017 -9.809175 
19.884000 -0.002091 0.014818 0.007223 0.463291 -0.041356 1.149069 0.000000 0.000000 0.000000 0.438103 0.006594 0.082995 0.000000 0.000000 0.000000 -0.000022 0.000001 -0.000041 -0.000178 -0.000166 -0.008329 0.000018 0.000017 -9.809174 
19.980000 -0.001859 0.014537 0.007382 0.505540 -0.040672 1.157453 0.000000 0.000000 0.000000 0.441243 0.008171 0.085281 0.000000 0.000000 0.000000 -0.000022 0.000002 -0.000041 -0.000182 -0.000166 -0.008334 0.000018 0.000017 -9.809174 
20.080000 -0.001498 0.016238 0.007480 0.549645 -0.039780 1.166439 0.000000 0.000000 0.000000 0.442098 0.009755 0.087719 0.000000 0.000000 0.000000 -0.000022 0.000003 -0.000041 -0.000183 -0.000167 -0.008338 0.000018 0.000017 -9.809173 
20.184000 -0.001348 0.017882 0.007549 0.595459 -0.038660 1.175733 0.000000 0.000000 0.000000 0.441898 0.012100 0.089635 0.000000 0.000000 0.000000 -0.000022 0.000005 -0.000041 -0.000187 -0.000166 -0.008339 0.000019 0.000017 -9.809173 
20.288000 -0.001313 0.018399 0.007516 0.641137 -0.037322 1.185310 0.000000 0.000000 0.000000 0.441918 0.013199 0.091103 0.000000 0.000000 0.000000 -0.000022 0.000008 -0.000040 -0.000193 -0.000166 -0.008342 0.000019 0.000017 -9.809173 
20.388000 -0.001138 0.018336 0.007447 0.685168 -0.035996 1.194656 0.000000 0.000000 0.000000 0.445395 0.013576 0.093486 0.000000 0.000000 0.000000 -0.000022 0.000010 -0.000039 -0.000196 -0.000167 -0.008344 0.000020 0.000017 -9.809173 
20.488000 -0.000834 0.018071 0.007401 0.729569 -0.034666 1.204400 0.000000 0.000000 0.000000 0.447321 0.014641 0.097224 0.000000 0.000000 0.000000 -0.000023 0.000012 -0.000038 -0.000196 -0.000167 -0.008347 0.000020 0.000017 -9.809173 
20.588000 -0.000738 0.018035 0.007361 0.774237 -0.033215 1.214487 0.000000 0.000000 0.000000 0.450622 0.015670 0.100026 0.000000 0.000000 0.000000 -0.000023 0.000014 -0.000036 -0.000196 -0.000169 -0.008351 0.000020 0.000017 -9.809172 
20.688000 -0.000896 0.017191 0.007397 0.819044 -0.031726 1.224872 0.000000 0.000000 0.000000 0.447801 0.016185 0.099885 0.000000 0.000000 0.000000 -0.000024 0.000016 -0.000035 -0.000198 -0.000168 -0.008354 0.000020 0.000017 -9.809172 
20.792000 -0.001060 0.009621 0.007453 0.865224 -0.030254 1.234915 0.000000 0.000000 0.000000 0.443464 0.015203 0.092727 0.000000 0.000000 0.000000 -0.000025 0.000017 -0.000034 -0.000198 -0.000168 -0.008354 0.000020 0.000017 -9.809172 
20.900000 -0.000823 0.004845 0.007573 0.912867 -0.028753 1.244914 0.000000 0.000000 0.000000 0.440627 0.015152 0.089336 0.000000 0.000000 0.000000 -0.000025 0.000018 -0.000033 -0.000198 -0.000165 -0.008357 0.000020 0.000017 -9.809172 
21.000000 -0.000729 0.005053 0.007661 0.956523 -0.027299 1.253989 0.000000 0.000000 0.000000 0.433706 0.016134 0.088743 0.000000 0.000000 0.000000 -0.000025 0.000018 -0.000032 -0.000198 -0.000164 -0.008359 0.000020 0.000017 -9.809171 
21.104000 -0.000910 0.007311 0.007837 1.001177 -0.025706 1.263442 0.000000 0.000000 0.000000 0.425711 0.015842 0.089717 0.000000 0.000000 0.000000 -0.000025 0.000019 -0.000031 -0.000196 -0.000163 -0.008362 0.000020 0.000017 -9.809171 
21.204000 -0.000950 0.009195 0.007930 1.043200 -0.024180 1.272400 0.000000 0.000000 0.000000 0.417288 0.016655 0.090782 0.000000 0.000000 0.000000 -0.000026 0.000020 -0.000030 -0.000198 -0.000161 -0.008361 0.000020 0.000017 -9.809171 
21.304000 -0.000766 0.010399 0.008059 1.084460 -0.022494 1.281459 0.000000 0.000000 0.000000 0.410978 0.017475 0.091002 0.000000 0.000000 0.000000 -0.000026 0.000021 -0.000029 -0.000197 -0.000162 -0.008361 0.000020 0.000017 -9.809171 
21.408000 -0.000466 0.011016 0.008113 1.126675 -0.020711 1.290797 0.000000 0.000000 0.000000 0.406651 0.018442 0.091637 0.000000 0.000000 0.000000 -0.000027 0.000022 -0.000028 -0.000197 -0.000161 -0.008359 0.000020 0.000017 -9.809172 
21.512000 -0.000230 0.011140 0.008040 1.168739 -0.019061 1.300338 0.000000 0.000000 0.000000 0.403473 0.016855 0.093490 0.000000 0.000000 0.000000 -0.000027 0.000023 -0.000027 -0.000198 -0.000160 -0.008358 0.000020 0.000016 -9.809172 
21.616000 -0.000236 0.011157 0.008009 1.210364 -0.017373 1.310299 0.000000 0.000000 0.000000 0.400574 0.016948 0.094190 0.000000 0.000000 0.000000 -0.000027 0.000025 -0.000026 -0.000201 -0.000156 -0.008361 0.000020 0.000016 -9.809171 
21.720000 -0.000314 0.009762 0.007974 1.251803 -0.015926 1.320010 0.000000 0.000000 0.000000 0.390209 0.016397 0.091955 0.000000 0.000000 0.000000 -0.000029 0.000025 -0.000026 -0.000205 -0.000154 -0.008359 0.000021 0.000016 -9.809172 
21.828000 -0.000530 -0.001752 0.008035 1.293187 -0.014337 1.329640 0.000000 0.000000 0.000000 0.377925 0.016365 0.080329 0.000000 0.000000 0.000000 -0.000029 0.000025 -0.000026 -0.000203 -0.000153 -0.008363 0.000021 0.000016 -9.809171 
21.932000 -0.000427 -0.007769 0.008114 1.332097 -0.012844 1.338144 0.000000 0.000000 0.000000 0.368237 0.015070 0.076637 0.000000 0.000000 0.000000 -0.000030 0.000025 -0.000027 -0.000202 -0.000154 -0.008367 0.000021 0.000016 -9.809171 
22.028000 -0.000453 -0.007197 0.008237 1.366933 -0.011424 1.346121 0.000000 0.000000 0.000000 0.353670 0.015333 0.078443 0.000000 0.000000 0.000000 -0.000030 0.000024 -0.000027 -0.000197 -0.000154 -0.008374 0.000020 0.000016 -9.809170 
22.128000 -0.000670 -0.004000 0.008249 1.401524 -0.009865 1.354252 0.000000 0.000000 0.000000 0.337108 0.015423 0.079279 0.000000 0.000000 0.000000 -0.000030 0.000024 -0.000027 -0.000193 -0.000153 -0.008376 0.000020 0.000016 -9.809170 
22.228000 -0.000652 -0.001019 0.008309 1.434629 -0.008375 1.362342 0.000000 0.000000 0.000000 0.321221 0.015592 0.080311 0.000000 0.000000 0.000000 -0.000030 0.000023 -0.000028 -0.000192 -0.000151 -0.008378 0.000020 0.000016 -9.809170 
22.328000 -0.000298 0.000700 0.008417 1.466256 -0.006900 1.370166 0.000000 0.000000 0.000000 0.308862 0.015647 0.079669 0.000000 0.000000 0.000000 -0.000030 0.000022 -0.000028 -0.000192 -0.000151 -0.008376 0.000020 0.000016 -9.809170 
22.428000 -0.000155 0.001748 0.008489 1.496773 -0.005333 1.377922 0.000000 0.000000 0.000000 0.299584 0.016031 0.079908 0.000000 0.000000 0.000000 -0.000030 0.000022 -0.000029 -0.000193 -0.000148 -0.008373 0.000020 0.000015 -9.809170 
22.528000 -0.000340 0.002624 0.008529 1.526423 -0.003932 1.385768 0.000000 0.000000 0.000000 0.292537 0.016002 0.079223 0.000000 0.000000 0.000000 -0.000031 0.000022 -0.000029 -0.000193 -0.000148 -0.008372 0.000020 0.000015 -9.809170 
22.628000 -0.000668 0.003413 0.008544 1.555445 -0.002577 1.393833 0.000000 0.000000 0.000000 0.285127 0.015616 0.078837 0.000000 0.000000 0.000000 -0.000033 0.000021 -0.000030 -0.000193 -0.000149 -0.008374 0.000020 0.000015 -9.809170 
22.728000 -0.000778 0.003493 0.008597 1.583684 -0.001028 1.401374 0.000000 0.000000 0.000000 0.275267 0.016185 0.076216 0.000000 0.000000 0.000000 -0.000033 0.000022 -0.000030 -0.000196 -0.000147 -0.008371 0.000020 0.000015 -9.809170 
22.828000 -0.000798 -0.000939 0.008688 1.610955 0.000576 1.408590 0.000000 0.000000 0.000000 0.266048 0.017073 0.068801 0.000000 0.000000 0.000000 -0.000033 0.000020 -0.000029 -0.000194 -0.000147 -0.008370 0.000020 0.000015 -9.809170 
22.928000 -0.000773 -0.003719 0.008800 1.637315 0.002294 1.415034 0.000000 0.000000 0.000000 0.257796 0.017843 0.066318 0.000000 0.000000 0.000000 -0.000033 0.000019 -0.000029 -0.000194 -0.000146 -0.008367 0.000020 0.000015 -9.809171 
23.028000 -0.000678 -0.003585 0.008906 1.662805 0.003894 1.421516 0.000000 0.000000 0.000000 0.249780 0.016393 0.067228 0.000000 0.000000 0.000000 -0.000034 0.000019 -0.000028 -0.000194 -0.000144 -0.008365 0.000020 0.000015 -9.809171 
23.128000 -0.000308 -0.001551 0.009072 1.687341 0.005568 1.428214 0.000000 0.000000 0.000000 0.238675 0.016369 0.068287 0.000000 0.000000 0.000000 -0.000033 0.000019 -0.000028 -0.000196 -0.000141 -0.008364 0.000020 0.000015 -9.809171 
23.232000 0.000190 0.000614 0.009170 1.711762 0.007339 1.435471 0.000000 0.000000 0.000000 0.229125 0.017613 0.069491 0.000000 0.000000 0.000000 -0.000033 0.000019 -0.000027 -0.000197 -0.000139 -0.008364 0.000020 0.000014 -9.809171 
23.336000 0.000433 0.002107 0.009271 1.735362 0.008953 1.443402 0.000000 0.000000 0.000000 0.221075 0.016931 0.072150 0.000000 0.000000 0.000000 -0.000034 0.000018 -0.000025 -0.000196 -0.000140 -0.008370 0.000020 0.000014 -9.809170 
23.440000 0.000278 0.003112 0.009280 1.758359 0.010763 1.450908 0.000000 0.000000 0.000000 0.214832 0.017428 0.075045 0.000000 0.000000 0.000000 -0.000033 0.000017 -0.000023 -0.000196 -0.000138 -0.008369 0.000020 0.000014 -9.809170 
23.544000 0.000055 0.003846 0.008910 1.780658 0.012388 1.459060 0.000000 0.000000 0.000000 0.210287 0.016053 0.077250 0.000000 0.000000 0.000000 -0.000034 0.000016 -0.000022 -0.000196 -0.000139 -0.008371 0.000020 0.000014 -9.809170 
23.644000 -0.000038 0.004301 0.008436 1.801804 0.013782 1.466664 0.000000 0.000000 0.000000 0.208736 0.015198 0.080812 0.000000 0.000000 0.000000 -0.000035 0.000015 -0.000020 -0.000199 -0.000138 -0.008369 0.000020 0.000014 -9.809170 
23.744000 0.000011 0.004171 0.008365 1.822798 0.015183 1.474849 0.000000 0.000000 0.000000 0.204302 0.013959 0.082529 0.000000 0.000000 0.000000 -0.000035 0.000014 -0.000020 -0.000200 -0.000137 -0.008368 0.000020 0.000014 -9.809171 
23.844000 0.000182 -0.001020 0.008690 1.842964 0.016499 1.482089 0.000000 0.000000 0.000000 0.194890 0.012936 0.075033 0.000000 0.000000 0.000000 -0.000036 0.000013 -0.000020 -0.000199 -0.000137 -0.008362 0.000020 0.000014 -9.809171 
23.948000 0.000491 -0.005134 0.008935 1.863322 0.017807 1.489264 0.000000 0.000000 0.000000 0.188503 0.012966 0.072306 0.000000 0.000000 0.000000 -0.000036 0.000010 -0.000020 -0.000199 -0.000133 -0.008358 0.000020 0.000014 -9.809171 
24.048000 0.001049 -0.005401 0.008985 1.882003 0.018856 1.495723 0.000000 0.000000 0.000000 0.180231 0.011563 0.071949 0.000000 0.000000 0.000000 -0.000036 0.000009 -0.000021 -0.000196 -0.000129 -0.008351 0.000020 0.000013 -9.809172 
24.148000 0.001822 -0.003938 0.008990 1.899805 0.019684 1.502446 0.000000 0.000000 0.000000 0.170982 0.010272 0.072800 0.000000 0.000000 0.000000 -0.000038 0.000008 -0.000021 -0.000198 -0.000129 -0.008345 0.000020 0.000013 -9.809172 
24.248000 0.002510 -0.002009 0.009034 1.916738 0.020472 1.509739 0.000000 0.000000 0.000000 0.162104 0.007350 0.073376 0.000000 0.000000 0.000000 -0.000039 0.000007 -0.000021 -0.000198 -0.000130 -0.008345 0.000020 0.000014 -9.809172 
24.356000 0.003288 -0.000567 0.009044 1.934057 0.020917 1.517395 0.000000 0.000000 0.000000 0.154406 0.002843 0.072044 0.000000 0.000000 0.000000 -0.000040 0.000005 -0.000022 -0.000198 -0.000129 -0.008343 0.000020 0.000013 -9.809173 
24.460000 0.004098 0.000221 0.008858 1.950045 0.020909 1.524355 0.000000 0.000000 0.000000 0.148122 -0.000867 0.071038 0.000000 0.000000 0.000000 -0.000040 0.000004 -0.000022 -0.000200 -0.000128 -0.008339 0.000020 0.000013 -9.809173 
24.564000 0.004816 0.000587 0.008588 1.965538 0.020467 1.531465 0.000000 0.000000 0.000000 0.143869 -0.004819 0.070130 0.000000 0.000000 0.000000 -0.000041 0.000003 -0.000022 -0.000201 -0.000126 -0.008337 0.000020 0.000013 -9.809173 
24.672000 0.005374 0.001232 0.008348 1.981250 0.019631 1.538830 0.000000 0.000000 0.000000 0.139193 -0.010363 0.071133 0.000000 0.000000 0.000000 -0.000041 0.000000 -0.000022 -0.000202 -0.000126 -0.008335 0.000020 0.000013 -9.809173 
24.772000 0.005483 0.001611 0.008195 1.995539 0.018177 1.545369 0.000000 0.000000 0.000000 0.135763 -0.014993 0.069907 0.000000 0.000000 0.000000 -0.000042 -0.000002 -0.000023 -0.000204 -0.000126 -0.008330 0.000020 0.000013 -9.809174 
24.876000 0.005129 0.000663 0.008163 2.009807 0.016399 1.552107 0.000000 0.000000 0.000000 0.132497 -0.019195 0.067089 0.000000 0.000000 0.000000 -0.000043 -0.000003 -0.000023 -0.000205 -0.000126 -0.008327 0.000020 0.000013 -9.809174 
24.976000 0.004823 0.000577 0.008193 2.023346 0.014337 1.558238 0.000000 0.000000 0.000000 0.131313 -0.022700 0.067761 0.000000 0.000000 0.000000 -0.000043 -0.000005 -0.000024 -0.000204 -0.000127 -0.008322 0.000020 0.000013 -9.809174 
25.080000 0.004530 0.001497 0.008203 2.037190 0.011797 1.565195 0.000000 0.000000 0.000000 0.128733 -0.026598 0.069819 0.000000 0.000000 0.000000 -0.000043 -0.000007 -0.000024 -0.000204 -0.000128 -0.008320 0.000020 0.000013 -9.809175 
25.180000 0.004067 0.002657 0.008223 2.050174 0.008941 1.571398 0.000000 0.000000 0.000000 0.126879 -0.031104 0.070545 0.000000 0.000000 0.000000 -0.000044 -0.000008 -0.000025 -0.000205 -0.000129 -0.008314 0.000020 0.000013 -9.809175 
25.280000 0.003575 0.004029 0.008334 2.063005 0.005757 1.578072 0.000000 0.000000 0.000000 0.124124 -0.033361 0.071032 0.000000 0.000000 0.000000 -0.000044 -0.000010 -0.000026 -0.000205 -0.000129 -0.008310 0.000020 0.000013 -9.809175 
25.384000 0.003012 0.005336 0.008323 2.076127 0.002098 1.584825 0.000000 0.000000 0.000000 0.124033 -0.036260 0.071786 0.000000 0.000000 0.000000 -0.000044 -0.000011 -0.000027 -0.000207 -0.000131 -0.008305 0.000020 0.000014 -9.809176 
25.484000 0.002158 0.006033 0.008321 2.088789 -0.001744 1.591486 0.000000 0.000000 0.000000 0.125008 -0.038800 0.073082 0.000000 0.000000 0.000000 -0.000046 -0.000012 -0.000027 -0.000209 -0.000134 -0.008300 0.000020 0.000014 -9.809176 
25.584000 0.001663 0.006503 0.008277 2.101628 -0.005576 1.598669 0.000000 0.000000 0.000000 0.126189 -0.039889 0.075065 0.000000 0.000000 0.000000 -0.000045 -0.000013 -0.000029 -0.000210 -0.000134 -0.008298 0.000020 0.000014 -9.809177 
25.684000 0.001077 0.006614 0.008331 2.114567 -0.009539 1.606023 0.000000 0.000000 0.000000 0.128208 -0.039960 0.078019 0.000000 0.000000 0.000000 -0.000046 -0.000014 -0.000030 -0.000210 -0.000135 -0.008296 0.000020 0.000014 -9.809177 
25.788000 0.000374 0.006958 0.008346 2.128256 -0.013279 1.613755 0.000000 0.000000 0.000000 0.131047 -0.037473 0.080874 0.000000 0.000000 0.000000 -0.000045 -0.000016 -0.000030 -0.000210 -0.000138 -0.008292 0.000020 0.000014 -9.809177 
25.892000 -0.000380 0.007236 0.008362 2.142251 -0.016890 1.622158 0.000000 0.000000 0.000000 0.135064 -0.035868 0.080983 0.000000 0.000000 0.000000 -0.000044 -0.000017 -0.000029 -0.000212 -0.000138 -0.008292 0.000020 0.000014 -9.809177 
25.996000 -0.000961 0.007443 0.008330 2.156598 -0.020325 1.630478 0.000000 0.000000 0.000000 0.137091 -0.034012 0.082076 0.000000 0.000000 0.000000 -0.000043 -0.000018 -0.000029 -0.000213 -0.000140 -0.008290 0.000021 0.000014 -9.809177 
26.096000 -0.001593 0.007114 0.008280 2.170636 -0.023421 1.638780 0.000000 0.000000 0.000000 0.139355 -0.030572 0.083218 0.000000 0.000000 0.000000 -0.000043 -0.000019 -0.000030 -0.000213 -0.000142 -0.008291 0.000021 0.000015 -9.809177 
26.200000 -0.002123 0.006797 0.008260 2.185469 -0.026240 1.647464 0.000000 0.000000 0.000000 0.140670 -0.026908 0.085224 0.000000 0.000000 0.000000 -0.000042 -0.000020 -0.000030 -0.000214 -0.000142 -0.008290 0.000021 0.000015 -9.809177 
26.300000 -0.002300 0.006633 0.008312 2.199766 -0.028673 1.655862 0.000000 0.000000 0.000000 0.141700 -0.023935 0.086302 0.000000 0.000000 0.000000 -0.000041 -0.000021 -0.000030 -0.000215 -0.000141 -0.008289 0.000021 0.000015 -9.809177 
26.400000 -0.002538 0.006881 0.008319 2.214194 -0.030888 1.664815 0.000000 0.000000 0.000000 0.143529 -0.019734 0.086624 0.000000 0.000000 0.000000 -0.000040 -0.000022 -0.000030 -0.000215 -0.000141 -0.008291 0.000021 0.000014 -9.809177 
26.500000 -0.002609 0.006899 0.008327 2.228766 -0.032550 1.673700 0.000000 0.000000 0.000000 0.144607 -0.016929 0.085835 0.000000 0.000000 0.000000 -0.000039 -0.000023 -0.000030 -0.000216 -0.000141 -0.008293 0.000021 0.000015 -9.809177 
26.604000 -0.002781 0.006708 0.008372 2.244061 -0.034147 1.682653 0.000000 0.000000 0.000000 0.145916 -0.014422 0.085073 0.000000 0.000000 0.000000 -0.000039 -0.000024 -0.000030 -0.000215 -0.000140 -0.008294 0.000021 0.000014 -9.809177 
26.704000 -0.002726 0.006952 0.008289 2.258994 -0.035353 1.690710 0.000000 0.000000 0.000000 0.148559 -0.011289 0.083792 0.000000 0.000000 0.000000 -0.000038 -0.000025 -0.000029 -0.000217 -0.000139 -0.008291 0.000021 0.000014 -9.809177 
26.804000 -0.002839 0.006706 0.008249 2.274128 -0.036080 1.698495 0.000000 0.000000 0.000000 0.150598 -0.007358 0.082769 0.000000 0.000000 0.000000 -0.000037 -0.000026 -0.000028 -0.000217 -0.000137 -0.008287 0.000021 0.000014 -9.809178 
26.904000 -0.002728 0.006145 0.008188 2.289339 -0.036483 1.706967 0.000000 0.000000 0.000000 0.150564 -0.004889 0.082423 0.000000 0.000000 0.000000 -0.000036 -0.000026 -0.000027 -0.000220 -0.000134 -0.008289 0.000021 0.000014 -9.809177 
27.008000 -0.002336 0.005646 0.008174 2.305305 -0.036742 1.715072 0.000000 0.000000 0.000000 0.153294 -0.002078 0.082058 0.000000 0.000000 0.000000 -0.000035 -0.000027 -0.000026 -0.000221 -0.000132 -0.008285 0.000021 0.000014 -9.809178 
27.108000 -0.002015 0.005379 0.008109 2.320670 -0.036730 1.723183 0.000000 0.000000 0.000000 0.153378 0.000330 0.080618 0.000000 0.000000 0.000000 -0.000034 -0.000027 -0.000025 -0.000223 -0.000133 -0.008285 0.000022 0.000014 -9.809178 
27.208000 -0.001896 0.005202 0.008037 2.336179 -0.036492 1.730816 0.000000 0.000000 0.000000 0.153883 0.002773 0.078761 0.000000 0.000000 0.000000 -0.000033 -0.000027 -0.000023 -0.000223 -0.000132 -0.008283 0.000022 0.000014 -9.809178 
27.308000 -0.001735 0.004827 0.007964 2.351635 -0.036182 1.738378 0.000000 0.000000 0.000000 0.153398 0.003794 0.077324 0.000000 0.000000 0.000000 -0.000033 -0.000028 -0.000022 -0.000224 -0.000130 -0.008281 0.000022 0.000014 -9.809178 
27.408000 -0.001613 0.004383 0.007948 2.366914 -0.035702 1.745707 0.000000 0.000000 0.000000 0.152866 0.004422 0.076317 0.000000 0.000000 0.000000 -0.000033 -0.000028 -0.000021 -0.000223 -0.000129 -0.008279 0.000022 0.000013 -9.809178 
27.508000 -0.001637 0.003906 0.007996 2.381961 -0.035115 1.753180 0.000000 0.000000 0.000000 0.152489 0.006773 0.073952 0.000000 0.000000 0.000000 -0.000033 -0.000027 -0.000019 -0.000222 -0.000129 -0.008278 0.000021 0.000013 -9.809178 
27.608000 -0.001696 0.003786 0.008030 2.397010 -0.034475 1.760249 0.000000 0.000000 0.000000 0.151226 0.008168 0.071267 0.000000 0.000000 0.000000 -0.000033 -0.000026 -0.000018 -0.000220 -0.000127 -0.008277 0.000021 0.000013 -9.809178 
27.712000 -0.001561 0.003735 0.008109 2.412405 -0.033586 1.767033 0.000000 0.000000 0.000000 0.148724 0.009965 0.068418 0.000000 0.000000 0.000000 -0.000032 -0.000025 -0.000016 -0.000219 -0.000124 -0.008273 0.000021 0.000013 -9.809179 
27.812000 -0.001460 0.003585 0.008170 2.427043 -0.032696 1.773419 0.000000 0.000000 0.000000 0.147635 0.010431 0.067097 0.000000 0.000000 0.000000 -0.000032 -0.000024 -0.000015 -0.000219 -0.000122 -0.008271 0.000021 0.000013 -9.809179 
27.916000 -0.001232 0.003561 0.008191 2.442164 -0.031447 1.780280 0.000000 0.000000 0.000000 0.145395 0.011191 0.065211 0.000000 0.000000 0.000000 -0.000032 -0.000023 -0.000014 -0.000218 -0.000122 -0.008270 0.000021 0.000013 -9.809179 
28.016000 -0.000873 0.003228 0.008261 2.456418 -0.030337 1.786587 0.000000 0.000000 0.000000 0.142774 0.012155 0.063801 0.000000 0.000000 0.000000 -0.000032 -0.000022 -0.000013 -0.000218 -0.000120 -0.008269 0.000021 0.000012 -9.809179 
28.116000 -0.000820 0.003053 0.008367 2.470299 -0.029302 1.792393 0.000000 0.000000 0.000000 0.140262 0.012349 0.061399 0.000000 0.000000 0.000000 -0.000032 -0.000020 -0.000013 -0.000218 -0.000116 -0.008266 0.000021 0.000012 -9.809179 
28.220000 -0.000713 0.002977 0.008608 2.484405 -0.028056 1.798588 0.000000 0.000000 0.000000 0.138664 0.012082 0.060035 0.000000 0.000000 0.000000 -0.000032 -0.000018 -0.000011 -0.000217 -0.000115 -0.008265 0.000021 0.000012 -9.809179 
28.320000 -0.000442 0.002906 0.008747 2.497990 -0.026854 1.804434 0.000000 0.000000 0.000000 0.136864 0.012214 0.058292 0.000000 0.000000 0.000000 -0.000032 -0.000017 -0.000010 -0.000218 -0.000114 -0.008264 0.000021 0.000012 -9.809179 
28.424000 -0.000460 0.002810 0.008897 2.511874 -0.025614 1.810283 0.000000 0.000000 0.000000 0.135528 0.012823 0.056595 0.000000 0.000000 0.000000 -0.000032 -0.000015 -0.000009 -0.000218 -0.000112 -0.008264 0.000021 0.000012 -9.809179 
28.528000 -0.000657 0.002645 0.009111 2.525545 -0.024456 1.815618 0.000000 0.000000 0.000000 0.133174 0.012316 0.055457 0.000000 0.000000 0.000000 -0.000032 -0.000014 -0.000008 -0.000219 -0.000112 -0.008260 0.000021 0.000012 -9.809180 
28.628000 -0.000687 0.002219 0.009283 2.538497 -0.023300 1.820971 0.000000 0.000000 0.000000 0.130614 0.012392 0.054471 0.000000 0.000000 0.000000 -0.000032 -0.000012 -0.000009 -0.000220 -0.000111 -0.008259 0.000021 0.000012 -9.809180 
28.728000 -0.000437 0.002147 0.009533 2.551256 -0.022148 1.826165 0.000000 0.000000 0.000000 0.127136 0.013713 0.052658 0.000000 0.000000 0.000000 -0.000033 -0.000011 -0.000009 -0.000223 -0.000109 -0.008258 0.000021 0.000011 -9.809180 
28.828000 -0.000082 0.002299 0.009643 2.563737 -0.020771 1.831535 0.000000 0.000000 0.000000 0.125212 0.013724 0.050893 0.000000 0.000000 0.000000 -0.000032 -0.000010 -0.000009 -0.000225 -0.000109 -0.008259 0.000021 0.000011 -9.809180 
28.928000 -0.000183 0.002627 0.009640 2.575978 -0.019397 1.836470 0.000000 0.000000 0.000000 0.123452 0.013601 0.048612 0.000000 0.000000 0.000000 -0.000033 -0.000008 -0.000008 -0.000225 -0.000109 -0.008259 0.000022 0.000011 -9.809180 
29.028000 -0.000186 0.002446 0.009738 2.587986 -0.018139 1.841369 0.000000 0.000000 0.000000 0.121418 0.013405 0.047295 0.000000 0.000000 0.000000 -0.000033 -0.000007 -0.000008 -0.000226 -0.000107 -0.008260 0.000022 0.000011 -9.809180 
29.132000 -0.000083 0.002093 0.009811 2.600268 -0.016731 1.846469 0.000000 0.000000 0.000000 0.119819 0.013860 0.045893 0.000000 0.000000 0.000000 -0.000033 -0.000006 -0.000009 -0.000226 -0.000105 -0.008261 0.000022 0.000011 -9.809180 
29.232000 0.000060 0.002055 0.009894 2.611856 -0.015502 1.850886 0.000000 0.000000 0.000000 0.117803 0.014435 0.045938 0.000000 0.000000 0.000000 -0.000033 -0.000004 -0.000009 -0.000227 -0.000105 -0.008260 0.000022 0.000011 -9.809180 
29.332000 -0.000162 0.002136 0.010017 2.623300 -0.014281 1.855325 0.000000 0.000000 0.000000 0.117084 0.014585 0.045754 0.000000 0.000000 0.000000 -0.000035 -0.000003 -0.000008 -0.000227 -0.000106 -0.008259 0.000022 0.000011 -9.809180 
29.436000 -0.000214 0.002316 0.010112 2.635068 -0.013164 1.860236 0.000000 0.000000 0.000000 0.115121 0.012923 0.047455 0.000000 0.000000 0.000000 -0.000037 -0.000001 -0.000008 -0.000226 -0.000107 -0.008259 0.000022 0.000011 -9.809180 
29.536000 -0.000089 0.002619 0.010255 2.646275 -0.012185 1.864230 0.000000 0.000000 0.000000 0.114075 0.012046 0.047430 0.000000 0.000000 0.000000 -0.000038 -0.000000 -0.000007 -0.000224 -0.000108 -0.008255 0.000021 0.000011 -9.809180 
29.636000 -0.000044 0.003204 0.010333 2.657363 -0.011178 1.868960 0.000000 0.000000 0.000000 0.112514 0.013437 0.048176 0.000000 0.000000 0.000000 -0.000039 0.000001 -0.000006 -0.000224 -0.000109 -0.008254 0.000021 0.000011 -9.809180 
29.744000 0.000046 0.003368 0.010344 2.669193 -0.010119 1.873387 0.000000 0.000000 0.000000 0.110784 0.012357 0.047684 0.000000 0.000000 0.000000 -0.000041 0.000002 -0.000005 -0.000222 -0.000110 -0.008250 0.000021 0.000011 -9.809181 
29.844000 0.000090 0.003382 0.010301 2.679815 -0.009300 1.878158 0.000000 0.000000 0.000000 0.109766 0.012023 0.047261 0.000000 0.000000 0.000000 -0.000043 0.000004 -0.000005 -0.000222 -0.000109 -0.008249 0.000021 0.000011 -9.809181 
29.944000 0.000132 0.003501 0.010227 2.690479 -0.008430 1.882863 0.000000 0.000000 0.000000 0.109931 0.012220 0.048633 0.000000 0.000000 0.000000 -0.000044 0.000006 -0.000006 -0.000221 -0.000108 -0.008249 0.000021 0.000011 -9.809181 
30.048000 0.000061 0.003649 0.010118 2.701493 -0.007428 1.887792 0.000000 0.000000 0.000000 0.109770 0.011447 0.050461 0.000000 0.000000 0.000000 -0.000045 0.000008 -0.000005 -0.000220 -0.000108 -0.008248 0.000021 0.000011 -9.809181 
30.148000 -0.000224 0.003783 0.009979 2.712330 -0.006550 1.892816 0.000000 0.000000 0.000000 0.109975 0.012038 0.050955 0.000000 0.000000 0.000000 -0.000046 0.000009 -0.000005 -0.000219 -0.000107 -0.008248 0.000021 0.000011 -9.809181 
30.248000 -0.000432 0.003802 0.009874 2.723080 -0.005762 1.897907 0.000000 0.000000 0.000000 0.109881 0.010458 0.051584 0.000000 0.000000 0.000000 -0.000048 0.000010 -0.000005 -0.000219 -0.000106 -0.008247 0.000021 0.000011 -9.809181 
30.352000 -0.000469 0.003961 0.009822 2.734154 -0.004852 1.903353 0.000000 0.000000 0.000000 0.109910 0.011145 0.052380 0.000000 0.000000 0.000000 -0.000049 0.000011 -0.000006 -0.000218 -0.000106 -0.008247 0.000021 0.000011 -9.809181 
30.456000 -0.000666 0.004131 0.009794 2.745248 -0.003910 1.908528 0.000000 0.000000 0.000000 0.110014 0.010480 0.052137 0.000000 0.000000 0.000000 -0.000050 0.000013 -0.000006 -0.000216 -0.000108 -0.008246 0.000020 0.000011 -9.809181 
30.560000 -0.000802 0.004143 0.009779 2.756432 -0.003075 1.914014 0.000000 0.000000 0.000000 0.110135 0.010095 0.052993 0.000000 0.000000 0.000000 -0.000051 0.000014 -0.000007 -0.000214 -0.000110 -0.008246 0.000020 0.000012 -9.809181 
30.660000 -0.000849 0.004129 0.009836 2.767235 -0.002166 1.918766 0.000000 0.000000 0.000000 0.110540 0.011449 0.054250 0.000000 0.000000 0.000000 -0.000052 0.000015 -0.000007 -0.000215 -0.000111 -0.008242 0.000020 0.000012 -9.809181 
30.764000 -0.000872 0.004195 0.009986 2.778434 -0.001181 1.924051 0.000000 0.000000 0.000000 0.110892 0.011735 0.054314 0.000000 0.000000 0.000000 -0.000053 0.000017 -0.000008 -0.000215 -0.000112 -0.008240 0.000020 0.000012 -9.809181 
30.860000 -0.000615 0.003933 0.010193 2.788775 -0.000312 1.928879 0.000000 0.000000 0.000000 0.110799 0.012170 0.053608 0.000000 0.000000 0.000000 -0.000055 0.000018 -0.000008 -0.000214 -0.000112 -0.008238 0.000020 0.000012 -9.809182 
30.960000 -0.000446 0.003780 0.010315 2.799538 0.000635 1.933713 0.000000 0.000000 0.000000 0.110561 0.012315 0.052308 0.000000 0.000000 0.000000 -0.000057 0.000019 -0.000008 -0.000210 -0.000116 -0.008235 0.000020 0.000012 -9.809182 
31.060000 -0.000441 0.003519 0.010433 2.810259 0.001714 1.938288 0.000000 0.000000 0.000000 0.109687 0.010073 0.051640 0.000000 0.000000 0.000000 -0.000057 0.000021 -0.000007 -0.000209 -0.000117 -0.008232 0.000020 0.000012 -9.809182 
31.160000 -0.000524 0.003322 0.010606 2.820971 0.002830 1.942829 0.000000 0.000000 0.000000 0.109036 0.010183 0.050660 0.000000 0.000000 0.000000 -0.000057 0.000022 -0.000007 -0.000207 -0.000119 -0.008228 0.000020 0.000012 -9.809182 
31.268000 -0.000485 0.003306 0.010755 2.832479 0.004122 1.947847 0.000000 0.000000 0.000000 0.108030 0.010693 0.048898 0.000000 0.000000 0.000000 -0.000056 0.000023 -0.000007 -0.000207 -0.000121 -0.008226 0.000019 0.000013 -9.809183 
31.368000 -0.000173 0.003154 0.010847 2.843029 0.005269 1.951981 0.000000 0.000000 0.000000 0.107088 0.009451 0.046782 0.000000 0.000000 0.000000 -0.000056 0.000024 -0.000005 -0.000206 -0.000122 -0.008222 0.000019 0.000013 -9.809183 
31.468000 0.000203 0.002959 0.010885 2.853580 0.006295 1.955842 0.000000 0.000000 0.000000 0.105852 0.009281 0.044788 0.000000 0.000000 0.000000 -0.000055 0.000024 -0.000005 -0.000203 -0.000123 -0.008218 0.000019 0.000013 -9.809183 
31.568000 0.000218 0.002867 0.010908 2.864095 0.007455 1.959760 0.000000 0.000000 0.000000 0.105359 0.009715 0.045069 0.000000 0.000000 0.000000 -0.000054 0.000025 -0.000004 -0.000203 -0.000124 -0.008215 0.000019 0.000013 -9.809183 
31.668000 0.000298 0.002617 0.010837 2.874533 0.008627 1.963818 0.000000 0.000000 0.000000 0.103442 0.009442 0.044291 0.000000 0.000000 0.000000 -0.000053 0.000025 -0.000002 -0.000202 -0.000124 -0.008213 0.000019 0.000013 -9.809184 
31.772000 0.000433 0.002081 0.010819 2.885240 0.009764 1.968215 0.000000 0.000000 0.000000 0.101956 0.008312 0.042944 0.000000 0.000000 0.000000 -0.000052 0.000025 -0.000001 -0.000201 -0.000125 -0.008212 0.000019 0.000013 -9.809184 
31.868000 0.000477 0.001821 0.010833 2.895171 0.010630 1.971929 0.000000 0.000000 0.000000 0.100965 0.007069 0.042246 0.000000 0.000000 0.000000 -0.000052 0.000024 0.000001 -0.000199 -0.000127 -0.008210 0.000019 0.000013 -9.809184 
31.968000 0.000586 -0.000775 0.010798 2.904928 0.011637 1.975595 0.000000 0.000000 0.000000 0.090860 0.006229 0.028268 0.000000 0.000000 0.000000 -0.000051 0.000024 0.000002 -0.000201 -0.000127 -0.008209 0.000019 0.000013 -9.809184 
32.068000 0.000665 -0.009646 0.010756 2.913497 0.012602 1.977029 0.000000 0.000000 0.000000 0.082826 0.006928 0.005497 0.000000 0.000000 0.000000 -0.000049 0.000025 0.000004 -0.000203 -0.000129 -0.008207 0.000019 0.000013 -9.809184 
32.172000 0.000862 -0.014729 0.010722 2.921663 0.013693 1.976952 0.000000 0.000000 0.000000 0.073635 0.005947 -0.008317 0.000000 0.000000 0.000000 -0.000047 0.000025 0.000005 -0.000203 -0.000128 -0.008208 0.000019 0.000013 -9.809184 
32.272000 0.000806 -0.014808 0.010685 2.928560 0.014487 1.975493 0.000000 0.000000 0.000000 0.060006 0.004805 -0.014944 0.000000 0.000000 0.000000 -0.000046 0.000024 0.000007 -0.000203 -0.000128 -0.008206 0.000019 0.000013 -9.809184 
32.376000 0.000638 -0.012305 0.010716 2.934114 0.015245 1.973444 0.000000 0.000000 0.000000 0.045162 0.003385 -0.020461 0.000000 0.000000 0.000000 -0.000044 0.000025 0.000008 -0.000205 -0.000128 -0.008205 0.000019 0.000013 -9.809184 
32.476000 0.000670 -0.009900 0.010805 2.938171 0.015847 1.970669 0.000000 0.000000 0.000000 0.032348 0.001958 -0.027326 0.000000 0.000000 0.000000 -0.000043 0.000024 0.000009 -0.000205 -0.000129 -0.008202 0.000019 0.000013 -9.809184 
32.576000 0.000780 -0.008323 0.010875 2.941178 0.016462 1.967507 0.000000 0.000000 0.000000 0.022767 0.001621 -0.034359 0.000000 0.000000 0.000000 -0.000041 0.000023 0.000010 -0.000205 -0.000128 -0.008201 0.000019 0.000013 -9.809184 
32.676000 0.000916 -0.007584 0.011017 2.942885 0.017140 1.963546 0.000000 0.000000 0.000000 0.011712 0.001668 -0.042537 0.000000 0.000000 0.000000 -0.000039 0.000023 0.000011 -0.000205 -0.000128 -0.008201 0.000019 0.000013 -9.809185 
32.780000 0.000884 -0.006943 0.011030 2.943880 0.017731 1.958528 0.000000 0.000000 0.000000 0.003816 0.001570 -0.049091 0.000000 0.000000 0.000000 -0.000037 0.000022 0.000011 -0.000205 -0.000128 -0.008199 0.000019 0.000013 -9.809185 
32.888000 0.000604 -0.005843 0.011066 2.944147 0.018279 1.952525 0.000000 0.000000 0.000000 -0.003011 0.001526 -0.054082 0.000000 0.000000 0.000000 -0.000035 0.000021 0.000012 -0.000205 -0.000130 -0.008197 0.000019 0.000013 -9.809185 
32.988000 0.000429 -0.004921 0.010993 2.943861 0.018786 1.946485 0.000000 0.000000 0.000000 -0.008193 0.001485 -0.056090 0.000000 0.000000 0.000000 -0.000034 0.000020 0.000012 -0.000207 -0.000131 -0.008194 0.000019 0.000014 -9.809185 
33.092000 0.000340 -0.004091 0.010976 2.943094 0.019195 1.940204 0.000000 0.000000 0.000000 -0.013372 0.000590 -0.058362 0.000000 0.000000 0.000000 -0.000033 0.000019 0.000013 -0.000207 -0.000135 -0.008192 0.000019 0.000014 -9.809185 
33.196000 0.000358 -0.003188 0.010958 2.942055 0.019660 1.934142 0.000000 0.000000 0.000000 -0.015973 0.000312 -0.056675 0.000000 0.000000 0.000000 -0.000031 0.000017 0.000013 -0.000209 -0.000135 -0.008192 0.000019 0.000014 -9.809185 
33.296000 0.000530 -0.002082 0.011033 2.940627 0.019926 1.928060 0.000000 0.000000 0.000000 -0.018679 -0.000341 -0.052267 0.000000 0.000000 0.000000 -0.000030 0.000016 0.000013 -0.000210 -0.000137 -0.008189 0.000020 0.000014 -9.809185 
33.400000 0.000528 -0.000798 0.011027 2.939010 0.020113 1.922204 0.000000 0.000000 0.000000 -0.019679 -0.001317 -0.047961 0.000000 0.000000 0.000000 -0.000029 0.000014 0.000013 -0.000211 -0.000137 -0.008186 0.000020 0.000014 -9.809186 
33.504000 0.000741 0.000168 0.011012 2.937461 0.020171 1.917318 0.000000 0.000000 0.000000 -0.020294 -0.002636 -0.043101 0.000000 0.000000 0.000000 -0.000028 0.000011 0.000012 -0.000212 -0.000137 -0.008185 0.000020 0.000014 -9.809186 
33.604000 0.001110 0.000717 0.010985 2.935932 0.020101 1.912832 0.000000 0.000000 0.000000 -0.019424 -0.003864 -0.037895 0.000000 0.000000 0.000000 -0.000027 0.000009 0.000012 -0.000212 -0.000139 -0.008183 0.000020 0.000014 -9.809186 
33.704000 0.001181 0.001434 0.010985 2.934486 0.020044 1.908872 0.000000 0.000000 0.000000 -0.017794 -0.004248 -0.031085 0.000000 0.000000 0.000000 -0.000026 0.000007 0.000012 -0.000214 -0.000139 -0.008180 0.000020 0.000014 -9.809186 
33.804000 0.001140 0.002007 0.010950 2.933255 0.019943 1.905880 0.000000 0.000000 0.000000 -0.015918 -0.005869 -0.023106 0.000000 0.000000 0.000000 -0.000024 0.000005 0.000012 -0.000215 -0.000140 -0.008179 0.000020 0.000014 -9.809186 
33.904000 0.001164 0.002303 0.010990 2.932415 0.019703 1.903648 0.000000 0.000000 0.000000 -0.012098 -0.006570 -0.016902 0.000000 0.000000 0.000000 -0.000022 0.000003 0.000012 -0.000218 -0.000139 -0.008178 0.000020 0.000014 -9.809186 
34.004000 0.001254 0.002460 0.010995 2.931804 0.019435 1.902173 0.000000 0.000000 0.000000 -0.007945 -0.007270 -0.010126 0.000000 0.000000 0.000000 -0.000020 0.000001 0.000012 -0.000219 -0.000139 -0.008177 0.000020 0.000014 -9.809186 
34.104000 0.001362 0.003057 0.011022 2.931515 0.018993 1.901032 0.000000 0.000000 0.000000 -0.004838 -0.008759 -0.005162 0.000000 0.000000 0.000000 -0.000019 -0.000001 0.000011 -0.000221 -0.000138 -0.008175 0.000021 0.000014 -9.809186 
34.204000 0.001503 0.003718 0.011048 2.931592 0.018313 1.900645 0.000000 0.000000 0.000000 -0.002176 -0.010206 -0.000424 0.000000 0.000000 0.000000 -0.000017 -0.000003 0.000011 -0.000225 -0.000137 -0.008174 0.000021 0.000014 -9.809186 
34.304000 0.001321 0.003875 0.011125 2.931814 0.017689 1.900413 0.000000 0.000000 0.000000 0.001318 -0.010097 0.002966 0.000000 0.000000 0.000000 -0.000016 -0.000004 0.000010 -0.000226 -0.000139 -0.008173 0.000021 0.000014 -9.809187 
34.408000 0.001006 0.003934 0.011208 2.932574 0.016982 1.900701 0.000000 0.000000 0.000000 0.006318 -0.010310 0.008876 0.000000 0.000000 0.000000 -0.000014 -0.000005 0.000009 -0.000227 -0.000138 -0.008171 0.000021 0.000014 -9.809187 
34.508000 0.000960 0.003996 0.011190 2.933603 0.016273 1.901782 0.000000 0.000000 0.000000 0.008713 -0.010437 0.012674 0.000000 0.000000 0.000000 -0.000012 -0.000007 0.000009 -0.000230 -0.000138 -0.008171 0.000022 0.000014 -9.809187 
34.608000 0.001146 0.004108 0.011175 2.934985 0.015509 1.902956 0.000000 0.000000 0.000000 0.012137 -0.011351 0.016810 0.000000 0.000000 0.000000 -0.000011 -0.000008 0.000008 -0.000233 -0.000138 -0.008170 0.000022 0.000014 -9.809187 
34.708000 0.001280 0.004335 0.011205 2.936591 0.014655 1.904691 0.000000 0.000000 0.000000 0.014693 -0.012154 0.021570 0.000000 0.000000 0.000000 -0.000010 -0.000009 0.000007 -0.000235 -0.000137 -0.008169 0.000022 0.000014 -9.809187 
34.812000 0.001171 0.004186 0.011177 2.938704 0.013672 1.907135 0.000000 0.000000 0.000000 0.017367 -0.011715 0.026589 0.000000 0.000000 0.000000 -0.000008 -0.000010 0.000007 -0.000238 -0.000136 -0.008169 0.000022 0.000014 -9.809187 
34.912000 0.000981 0.003705 0.011224 2.940849 0.012737 1.909406 0.000000 0.000000 0.000000 0.020510 -0.012674 0.029611 0.000000 0.000000 0.000000 -0.000007 -0.000011 0.000006 -0.000239 -0.000137 -0.008166 0.000022 0.000014 -9.809187 
35.016000 0.001056 0.002940 0.011288 2.943346 0.011773 1.912629 0.000000 0.000000 0.000000 0.024029 -0.012834 0.033939 0.000000 0.000000 0.000000 -0.000005 -0.000012 0.000006 -0.000240 -0.000136 -0.008165 0.000023 0.000014 -9.809187 
35.116000 0.001002 0.002549 0.011474 2.946222 0.010758 1.916115 0.000000 0.000000 0.000000 0.027338 -0.011758 0.035834 0.000000 0.000000 0.000000 -0.000004 -0.000013 0.000006 -0.000242 -0.000136 -0.008166 0.000023 0.000014 -9.809187 
35.216000 0.000569 0.002449 0.011537 2.949298 0.009818 1.919300 0.000000 0.000000 0.000000 0.029963 -0.011958 0.038111 0.000000 0.000000 0.000000 -0.000003 -0.000014 0.000006 -0.000242 -0.000137 -0.008163 0.000023 0.000014 -9.809187 
35.316000 0.000392 0.002454 0.011658 2.952488 0.008752 1.922607 0.000000 0.000000 0.000000 0.031382 -0.012907 0.039257 0.000000 0.000000 0.000000 -0.000003 -0.000015 0.000006 -0.000242 -0.000138 -0.008160 0.000023 0.000014 -9.809187 
35.420000 0.000091 0.002299 0.011789 2.955781 0.007636 1.926672 0.000000 0.000000 0.000000 0.031941 -0.012201 0.040180 0.000000 0.000000 0.000000 -0.000002 -0.000015 0.000006 -0.000243 -0.000138 -0.008160 0.000023 0.000014 -9.809187 
35.520000 -0.000074 0.002089 0.011904 2.959057 0.006509 1.930698 0.000000 0.000000 0.000000 0.032526 -0.012479 0.040315 0.000000 0.000000 0.000000 -0.000001 -0.000014 0.000006 -0.000246 -0.000138 -0.008160 0.000023 0.000014 -9.809187 
35.628000 -0.000238 0.001828 0.011906 2.962636 0.005316 1.934702 0.000000 0.000000 0.000000 0.033756 -0.010915 0.040256 0.000000 0.000000 0.000000 -0.000001 -0.000014 0.000006 -0.000247 -0.000138 -0.008158 0.000023 0.000014 -9.809188 
35.728000 -0.000447 0.001354 0.011960 2.965975 0.004307 1.938328 0.000000 0.000000 0.000000 0.034324 -0.010479 0.040352 0.000000 0.000000 0.000000 -0.000001 -0.000013 0.000007 -0.000248 -0.000138 -0.008156 0.000023 0.000014 -9.809188 
35.828000 -0.000627 0.000940 0.011999 2.969454 0.003339 1.942025 0.000000 0.000000 0.000000 0.034455 -0.008606 0.039403 0.000000 0.000000 0.000000 -0.000001 -0.000013 0.000007 -0.000251 -0.000140 -0.008154 0.000024 0.000014 -9.809188 
35.932000 -0.000685 0.000789 0.012031 2.972894 0.002479 1.945783 0.000000 0.000000 0.000000 0.035478 -0.006467 0.039797 0.000000 0.000000 0.000000 -0.000001 -0.000012 0.000007 -0.000252 -0.000139 -0.008153 0.000024 0.000014 -9.809188 
36.036000 -0.000825 0.000717 0.012031 2.976343 0.001778 1.949696 0.000000 0.000000 0.000000 0.033054 -0.005764 0.037986 0.000000 0.000000 0.000000 -0.000001 -0.000011 0.000007 -0.000253 -0.000139 -0.008152 0.000024 0.000014 -9.809188 
36.140000 -0.000976 0.000384 0.012076 2.979492 0.001009 1.953128 0.000000 0.000000 0.000000 0.032545 -0.004696 0.035703 0.000000 0.000000 0.000000 -0.000002 -0.000009 0.000008 -0.000254 -0.000139 -0.008150 0.000024 0.000014 -9.809188 
36.252000 -0.000951 0.000105 0.012129 2.983113 0.000478 1.956781 0.000000 0.000000 0.000000 0.032897 -0.003259 0.033200 0.000000 0.000000 0.000000 -0.000002 -0.000009 0.000009 -0.000255 -0.000139 -0.008149 0.000024 0.000014 -9.809188 
36.352000 -0.001062 -0.000024 0.012122 2.986102 0.000138 1.959694 0.000000 0.000000 0.000000 0.032595 -0.002502 0.030558 0.000000 0.000000 0.000000 -0.000002 -0.000007 0.000009 -0.000255 -0.000139 -0.008147 0.000024 0.000014 -9.809188 
36.456000 -0.001034 -0.000267 0.012118 2.989206 -0.000214 1.962409 0.000000 0.000000 0.000000 0.032352 -0.001169 0.026536 0.000000 0.000000 0.000000 -0.000003 -0.000006 0.000009 -0.000254 -0.000140 -0.008146 0.000024 0.000014 -9.809188 
36.560000 -0.000902 -0.000448 0.012198 2.992112 -0.000345 1.964597 0.000000 0.000000 0.000000 0.030493 -0.000733 0.022794 0.000000 0.000000 0.000000 -0.000003 -0.000004 0.000009 -0.000255 -0.000140 -0.008144 0.000024 0.000014 -9.809189 
36.668000 -0.001101 -0.000832 0.012291 2.994852 -0.000540 1.966397 0.000000 0.000000 0.000000 0.028489 0.000568 0.020284 0.000000 0.000000 0.000000 -0.000004 -0.000002 0.000009 -0.000254 -0.000139 -0.008141 0.000024 0.000014 -9.809189 
36.768000 -0.001098 -0.001290 0.012319 2.997011 -0.000633 1.968073 0.000000 0.000000 0.000000 0.025551 0.000902 0.018424 0.000000 0.000000 0.000000 -0.000005 0.000000 0.000010 -0.000254 -0.000139 -0.008140 0.000024 0.000014 -9.809189 
36.868000 -0.000829 -0.001298 0.012328 2.999074 -0.000662 1.969090 0.000000 0.000000 0.000000 0.023939 0.003274 0.017084 0.000000 0.000000 0.000000 -0.000005 0.000003 0.000010 -0.000253 -0.000138 -0.008136 0.000024 0.000014 -9.809189 
36.968000 -0.000600 -0.001344 0.012314 3.000932 -0.000525 1.970222 0.000000 0.000000 0.000000 0.021854 0.003480 0.015749 0.000000 0.000000 0.000000 -0.000006 0.000005 0.000011 -0.000252 -0.000137 -0.008133 0.000024 0.000014 -9.809189 
37.068000 -0.000390 -0.001667 0.012260 3.002614 -0.000500 1.971300 0.000000 0.000000 0.000000 0.019350 0.003048 0.012999 0.000000 0.000000 0.000000 -0.000007 0.000006 0.000012 -0.000251 -0.000136 -0.008131 0.000024 0.000014 -9.809189 
37.172000 -0.000356 -0.002022 0.012181 3.003928 -0.000436 1.972145 0.000000 0.000000 0.000000 0.016880 0.002732 0.012084 0.000000 0.000000 0.000000 -0.000008 0.000009 0.000012 -0.000250 -0.000135 -0.008129 0.000024 0.000014 -9.809190 
37.280000 -0.000682 -0.002302 0.012115 3.005121 -0.000440 1.972922 0.000000 0.000000 0.000000 0.013412 0.003216 0.009659 0.000000 0.000000 0.000000 -0.000009 0.000011 0.000012 -0.000249 -0.000135 -0.008127 0.000024 0.000014 -9.809190 
37.384000 -0.000565 -0.002513 0.012024 3.005986 -0.000253 1.973408 0.000000 0.000000 0.000000 0.011229 0.004485 0.008600 0.000000 0.000000 0.000000 -0.000010 0.000013 0.000013 -0.000248 -0.000134 -0.008125 0.000023 0.000014 -9.809190 
37.484000 -0.000499 -0.002809 0.011970 3.006382 -0.000062 1.973524 0.000000 0.000000 0.000000 0.007511 0.004138 0.007114 0.000000 0.000000 0.000000 -0.000011 0.000016 0.000013 -0.000247 -0.000133 -0.008121 0.000023 0.000014 -9.809190 
37.584000 -0.000448 -0.002968 0.011853 3.006456 0.000154 1.973367 0.000000 0.000000 0.000000 0.004379 0.003797 0.005138 0.000000 0.000000 0.000000 -0.000011 0.000019 0.000014 -0.000246 -0.000131 -0.008117 0.000023 0.000014 -9.809190 
37.688000 -0.000314 -0.003271 0.011771 3.006215 0.000215 1.973190 0.000000 0.000000 0.000000 0.000910 0.003443 0.004774 0.000000 0.000000 0.000000 -0.000012 0.000021 0.000014 -0.000245 -0.000130 -0.008114 0.000023 0.000014 -9.809191 
37.792000 -0.000405 -0.003258 0.011726 3.005661 0.000493 1.972826 0.000000 0.000000 0.000000 -0.003094 0.005005 0.003836 0.000000 0.000000 0.000000 -0.000012 0.000023 0.000014 -0.000245 -0.000129 -0.008110 0.000023 0.000013 -9.809191 
37.892000 -0.000425 -0.003287 0.011686 3.004778 0.000743 1.972321 0.000000 0.000000 0.000000 -0.007331 0.005375 0.003313 0.000000 0.000000 0.000000 -0.000013 0.000025 0.000014 -0.000244 -0.000128 -0.008106 0.000023 0.000013 -9.809191 
37.992000 -0.000318 -0.003498 0.011572 3.003647 0.001181 1.971946 0.000000 0.000000 0.000000 -0.009560 0.005768 0.003015 0.000000 0.000000 0.000000 -0.000013 0.000027 0.000015 -0.000245 -0.000127 -0.008102 0.000023 0.000013 -9.809191 
38.096000 -0.000249 -0.003541 0.011567 3.002182 0.001489 1.971879 0.000000 0.000000 0.000000 -0.013257 0.004880 0.001835 0.000000 0.000000 0.000000 -0.000014 0.000028 0.000016 -0.000245 -0.000126 -0.008101 0.000023 0.000013 -9.809192 
38.204000 -0.000344 -0.003429 0.011627 3.000311 0.001795 1.971738 0.000000 0.000000 0.000000 -0.016478 0.004723 0.000362 0.000000 0.000000 0.000000 -0.000015 0.000029 0.000017 -0.000244 -0.000126 -0.008099 0.000023 0.000013 -9.809192 
38.308000 -0.000314 -0.003456 0.011562 2.998163 0.002041 1.971157 0.000000 0.000000 0.000000 -0.019789 0.004461 -0.000874 0.000000 0.000000 0.000000 -0.000016 0.000031 0.000017 -0.000243 -0.000125 -0.008097 0.000023 0.000013 -9.809192 
38.412000 -0.000318 -0.003361 0.011561 2.995734 0.002352 1.970462 0.000000 0.000000 0.000000 -0.022683 0.005155 -0.001503 0.000000 0.000000 0.000000 -0.000016 0.000032 0.000017 -0.000243 -0.000123 -0.008094 0.000023 0.000013 -9.809192 
38.516000 -0.000302 -0.002982 0.011571 2.993198 0.002769 1.969734 0.000000 0.000000 0.000000 -0.023788 0.004831 -0.003548 0.000000 0.000000 0.000000 -0.000016 0.000032 0.000017 -0.000242 -0.000122 -0.008091 0.000023 0.000013 -9.809192 
38.616000 -0.000281 -0.002627 0.011493 2.990571 0.003003 1.968951 0.000000 0.000000 0.000000 -0.026452 0.004339 -0.005464 0.000000 0.000000 0.000000 -0.000017 0.000033 0.000018 -0.000241 -0.000122 -0.008090 0.000023 0.000013 -9.809192 
38.720000 -0.000198 -0.002437 0.011443 2.987548 0.003394 1.967610 0.000000 0.000000 0.000000 -0.028182 0.004261 -0.006379 0.000000 0.000000 0.000000 -0.000017 0.000034 0.000017 -0.000241 -0.000121 -0.008086 0.000023 0.000013 -9.809193 
38.820000 -0.000342 -0.002246 0.011402 2.984666 0.003799 1.966454 0.000000 0.000000 0.000000 -0.029256 0.004484 -0.007190 0.000000 0.000000 0.000000 -0.000017 0.000034 0.000017 -0.000240 -0.000120 -0.008084 0.000023 0.000012 -9.809193 
38.920000 -0.000381 -0.002059 0.011319 2.981637 0.004185 1.965165 0.000000 0.000000 0.000000 -0.030586 0.005099 -0.007403 0.000000 0.000000 0.000000 -0.000017 0.000034 0.000018 -0.000241 -0.000118 -0.008081 0.000023 0.000012 -9.809193 
39.028000 -0.000449 -0.002034 0.011337 2.978408 0.004590 1.963790 0.000000 0.000000 0.000000 -0.031356 0.004710 -0.009038 0.000000 0.000000 0.000000 -0.000017 0.000034 0.000017 -0.000241 -0.000117 -0.008079 0.000023 0.000012 -9.809193 
39.132000 -0.000614 -0.001810 0.011275 2.975049 0.005060 1.961989 0.000000 0.000000 0.000000 -0.032270 0.004830 -0.009328 0.000000 0.000000 0.000000 -0.000017 0.000034 0.000019 -0.000241 -0.000116 -0.008074 0.000023 0.000012 -9.809193 
39.236000 -0.000540 -0.001414 0.011171 2.971589 0.005630 1.960561 0.000000 0.000000 0.000000 -0.033667 0.004912 -0.009308 0.000000 0.000000 0.000000 -0.000016 0.000034 0.000018 -0.000240 -0.000116 -0.008072 0.000023 0.000012 -9.809193 
39.340000 -0.000322 -0.001069 0.011178 2.968086 0.006197 1.958813 0.000000 0.000000 0.000000 -0.033580 0.005675 -0.009248 0.000000 0.000000 0.000000 -0.000016 0.000034 0.000018 -0.000240 -0.000116 -0.008069 0.000023 0.000012 -9.809194 
39.440000 0.000023 -0.000799 0.011238 2.964865 0.006795 1.957253 0.000000 0.000000 0.000000 -0.034044 0.006152 -0.008636 0.000000 0.000000 0.000000 -0.000016 0.000034 0.000017 -0.000241 -0.000116 -0.008066 0.000023 0.000012 -9.809194 
39.540000 0.000041 -0.000469 0.011326 2.961694 0.007361 1.955828 0.000000 0.000000 0.000000 -0.033255 0.005690 -0.008259 0.000000 0.000000 0.000000 -0.000016 0.000033 0.000016 -0.000241 -0.000116 -0.008063 0.000023 0.000012 -9.809194 
39.644000 -0.000003 -0.000339 0.011364 2.958380 0.007922 1.954495 0.000000 0.000000 0.000000 -0.032758 0.005162 -0.006449 0.000000 0.000000 0.000000 -0.000016 0.000032 0.000015 -0.000242 -0.000116 -0.008060 0.000023 0.000012 -9.809194 
39.748000 -0.000093 0.000011 0.011366 2.955332 0.008642 1.953512 0.000000 0.000000 0.000000 -0.029932 0.004829 -0.007248 0.000000 0.000000 0.000000 -0.000015 0.000031 0.000015 -0.000243 -0.000115 -0.008059 0.000023 0.000012 -9.809194 
39.848000 0.000005 0.000581 0.011504 2.952531 0.009210 1.952250 0.000000 0.000000 0.000000 -0.028651 0.004615 -0.006616 0.000000 0.000000 0.000000 -0.000014 0.000031 0.000015 -0.000245 -0.000115 -0.008056 0.000024 0.000012 -9.809195 
39.948000 -0.000105 0.000926 0.011512 2.949855 0.009698 1.950935 0.000000 0.000000 0.000000 -0.027067 0.004823 -0.007511 0.000000 0.000000 0.000000 -0.000014 0.000030 0.000015 -0.000246 -0.000115 -0.008053 0.000024 0.000012 -9.809195 
40.048000 -0.000336 0.001048 0.011521 2.947360 0.010263 1.949579 0.000000 0.000000 0.000000 -0.025385 0.005254 -0.005647 0.000000 0.000000 0.000000 -0.000014 0.000030 0.000014 -0.000247 -0.000116 -0.008050 0.000024 0.000012 -9.809195 
40.152000 -0.000386 0.001263 0.011628 2.944959 0.010729 1.948444 0.000000 0.000000 0.000000 -0.023517 0.005205 -0.003920 0.000000 0.000000 0.000000 -0.000014 0.000030 0.000015 -0.000249 -0.000116 -0.008047 0.000024 0.000012 -9.809195 
40.252000 -0.000265 0.001161 0.011651 2.942825 0.011261 1.947726 0.000000 0.000000 0.000000 -0.021787 0.005388 -0.002784 0.000000 0.000000 0.000000 -0.000014 0.000029 0.000015 -0.000249 -0.000116 -0.008045 0.000024 0.000012 -9.809195 
40.360000 -0.000129 0.001185 0.011596 2.940851 0.011902 1.946913 0.000000 0.000000 0.000000 -0.018804 0.005799 -0.002363 0.000000 0.000000 0.000000 -0.000014 0.000028 0.000015 -0.000250 -0.000118 -0.008043 0.000024 0.000012 -9.809195 
40.468000 -0.000016 0.001246 0.011530 2.939075 0.012583 1.946370 0.000000 0.000000 0.000000 -0.017526 0.005834 -0.001413 0.000000 0.000000 0.000000 -0.000014 0.000027 0.000015 -0.000251 -0.000119 -0.008041 0.000024 0.000012 -9.809196 
40.568000 0.000236 0.001291 0.011543 2.937619 0.012990 1.945487 0.000000 0.000000 0.000000 -0.015032 0.005351 0.000065 0.000000 0.000000 0.000000 -0.000014 0.000026 0.000015 -0.000251 -0.000120 -0.008037 0.000024 0.000013 -9.809196 
40.668000 0.000178 0.001351 0.011505 2.936314 0.013519 1.944593 0.000000 0.000000 0.000000 -0.013964 0.005450 0.000593 0.000000 0.000000 0.000000 -0.000015 0.000026 0.000015 -0.000251 -0.000122 -0.008033 0.000024 0.000013 -9.809196 
40.772000 0.000173 0.001199 0.011560 2.935075 0.013939 1.943790 0.000000 0.000000 0.000000 -0.011216 0.004666 0.000693 0.000000 0.000000 0.000000 -0.000015 0.000025 0.000014 -0.000251 -0.000122 -0.008029 0.000025 0.000013 -9.809196 
40.876000 0.000575 0.000948 0.011548 2.934094 0.014276 1.943393 0.000000 0.000000 0.000000 -0.009767 0.003258 -0.000311 0.000000 0.000000 0.000000 -0.000015 0.000025 0.000013 -0.000252 -0.000121 -0.008027 0.000025 0.000013 -9.809196 
40.976000 0.000857 0.000808 0.011556 2.933395 0.014506 1.942891 0.000000 0.000000 0.000000 -0.007436 0.002525 -0.000731 0.000000 0.000000 0.000000 -0.000015 0.000024 0.000012 -0.000252 -0.000120 -0.008025 0.000025 0.000013 -9.809197 
41.080000 0.001010 0.000604 0.011538 2.932858 0.014554 1.942464 0.000000 0.000000 0.000000 -0.006266 0.001003 -0.001881 0.000000 0.000000 0.000000 -0.000016 0.000024 0.000012 -0.000253 -0.000120 -0.008023 0.000025 0.000013 -9.809197 
41.188000 0.000961 0.000177 0.011599 2.932278 0.014587 1.941685 0.000000 0.000000 0.000000 -0.006088 0.001381 -0.002660 0.000000 0.000000 0.000000 -0.000016 0.000023 0.000012 -0.000254 -0.000119 -0.008021 0.000025 0.000012 -9.809197 
41.296000 0.001011 -0.000016 0.011675 2.931773 0.014662 1.940984 0.000000 0.000000 0.000000 -0.004180 -0.001013 -0.002614 0.000000 0.000000 0.000000 -0.000015 0.000023 0.000012 -0.000256 -0.000119 -0.008019 0.000025 0.000012 -9.809197 
41.400000 0.001209 -0.000099 0.011795 2.931454 0.014680 1.941513 0.000000 0.000000 0.000000 -0.003778 -0.002435 -0.002744 0.000000 0.000000 0.000000 -0.000016 0.000024 0.000012 -0.000263 -0.000123 -0.008023 0.000026 0.000013 -9.809197 
41.500000 0.001348 -0.000178 0.011814 2.931255 0.014403 1.940682 0.000000 0.000000 0.000000 -0.002251 -0.004101 -0.002298 0.000000 0.000000 0.000000 -0.000015 0.000023 0.000012 -0.000263 -0.000122 -0.008020 0.000026 0.000013 -9.809197 
41.608000 0.001464 -0.000434 0.011768 2.930894 0.014072 1.939939 0.000000 0.000000 0.000000 -0.002846 -0.004819 -0.003295 0.000000 0.000000 0.000000 -0.000014 0.000024 0.000012 -0.000264 -0.000123 -0.008018 0.000026 0.000013 -9.809197 
41.712000 0.001499 -0.000574 0.011732 2.930609 0.013671 1.938873 0.000000 0.000000 0.000000 -0.003458 -0.005810 -0.005369 0.000000 0.000000 0.000000 -0.000014 0.000024 0.000013 -0.000263 -0.000124 -0.008015 0.000026 0.000013 -9.809197 
41.816000 0.001672 -0.000682 0.011663 2.930313 0.013340 1.937901 0.000000 0.000000 0.000000 -0.002694 -0.007045 -0.007995 0.000000 0.000000 0.000000 -0.000012 0.000024 0.000013 -0.000263 -0.000125 -0.008014 0.000026 0.000013 -9.809197 
41.920000 0.001862 -0.000519 0.011733 2.929806 0.012846 1.936772 0.000000 0.000000 0.000000 -0.003486 -0.009676 -0.009387 0.000000 0.000000 0.000000 -0.000011 0.000025 0.000012 -0.000264 -0.000125 -0.008013 0.000026 0.000013 -9.809197 
42.024000 0.002142 -0.000578 0.011763 2.929251 0.011953 1.935520 0.000000 0.000000 0.000000 -0.003774 -0.011410 -0.010346 0.000000 0.000000 0.000000 -0.000010 0.000026 0.000012 -0.000266 -0.000125 -0.008011 0.000026 0.000013 -9.809197 
42.128000 0.002271 -0.000729 0.011770 2.928655 0.010935 1.934189 0.000000 0.000000 0.000000 -0.005573 -0.013364 -0.011796 0.000000 0.000000 0.000000 -0.000009 0.000027 0.000013 -0.000266 -0.000125 -0.008011 0.000026 0.000013 -9.809197 
42.228000 0.002188 -0.000866 0.011746 2.927840 0.009720 1.932689 0.000000 0.000000 0.000000 -0.005993 -0.015446 -0.012227 0.000000 0.000000 0.000000 -0.000008 0.000028 0.000013 -0.000267 -0.000125 -0.008009 0.000026 0.000013 -9.809198 
42.328000 0.002303 -0.000833 0.011800 2.926995 0.008432 1.931144 0.000000 0.000000 0.000000 -0.006775 -0.017483 -0.014214 0.000000 0.000000 0.000000 -0.000006 0.000029 0.000013 -0.000268 -0.000126 -0.008008 0.000026 0.000013 -9.809198 
42.428000 0.002337 -0.000837 0.011907 2.926083 0.007010 1.929457 0.000000 0.000000 0.000000 -0.007406 -0.017829 -0.014984 0.000000 0.000000 0.000000 -0.000005 0.000030 0.000013 -0.000268 -0.000127 -0.008007 0.000026 0.000013 -9.809198 
42.528000 0.002287 -0.000865 0.011932 2.925217 0.005536 1.927259 0.000000 0.000000 0.000000 -0.007257 -0.019811 -0.016557 0.000000 0.000000 0.000000 -0.000004 0.000030 0.000013 -0.000267 -0.000129 -0.008004 0.000026 0.000013 -9.809198 
42.628000 0.002152 -0.000786 0.011914 2.924318 0.003905 1.925077 0.000000 0.000000 0.000000 -0.007694 -0.021332 -0.017065 0.000000 0.000000 0.000000 -0.000002 0.000031 0.000014 -0.000267 -0.000130 -0.008002 0.000026 0.000013 -9.809198 
42.728000 0.002168 -0.000786 0.011831 2.923459 0.002161 1.923195 0.000000 0.000000 0.000000 -0.008463 -0.022717 -0.018651 0.000000 0.000000 0.000000 0.000000 0.000032 0.000014 -0.000269 -0.000131 -0.008001 0.000027 0.000014 -9.809198 
42.840000 0.002065 -0.000808 0.011756 2.922340 0.000002 1.920994 0.000000 0.000000 0.000000 -0.009271 -0.024199 -0.020156 0.000000 0.000000 0.000000 0.000002 0.000032 0.000013 -0.000269 -0.000131 -0.008001 0.000027 0.000014 -9.809198 
42.940000 0.001742 -0.000747 0.011833 2.921366 -0.001931 1.918524 0.000000 0.000000 0.000000 -0.009177 -0.024254 -0.021999 0.000000 0.000000 0.000000 0.000004 0.000033 0.000011 -0.000271 -0.000130 -0.007999 0.000027 0.000014 -9.809198 
43.040000 0.001431 -0.000564 0.011916 2.920252 -0.003981 1.916565 0.000000 0.000000 0.000000 -0.009305 -0.026020 -0.021666 0.000000 0.000000 0.000000 0.000006 0.000034 0.000010 -0.000271 -0.000131 -0.008000 0.000027 0.000014 -9.809198 
43.140000 0.001130 -0.000235 0.011977 2.919367 -0.006106 1.914220 0.000000 0.000000 0.000000 -0.008119 -0.026560 -0.021167 0.000000 0.000000 0.000000 0.000008 0.000034 0.000010 -0.000271 -0.000132 -0.007999 0.000027 0.000014 -9.809198 
43.240000 0.000989 0.000007 0.011974 2.918431 -0.008280 1.912382 0.000000 0.000000 0.000000 -0.008154 -0.025784 -0.020403 0.000000 0.000000 0.000000 0.000010 0.000034 0.000009 -0.000271 -0.000133 -0.008000 0.000027 0.000014 -9.809198 
43.340000 0.000840 0.000024 0.011955 2.917520 -0.010229 1.910354 0.000000 0.000000 0.000000 -0.007462 -0.024547 -0.020370 0.000000 0.000000 0.000000 0.000012 0.000035 0.000008 -0.000271 -0.000135 -0.008000 0.000027 0.000014 -9.809198 
43.444000 0.000580 -0.000262 0.011908 2.916733 -0.012120 1.908173 0.000000 0.000000 0.000000 -0.007678 -0.024339 -0.019804 0.000000 0.000000 0.000000 0.000015 0.000035 0.000008 -0.000272 -0.000136 -0.008000 0.000027 0.000014 -9.809198 
43.548000 0.000449 -0.000460 0.011962 2.915835 -0.014203 1.906546 0.000000 0.000000 0.000000 -0.007595 -0.024605 -0.018701 0.000000 0.000000 0.000000 0.000017 0.000035 0.000007 -0.000273 -0.000138 -0.008002 0.000027 0.000014 -9.809198 
43.656000 0.000262 -0.000584 0.011977 2.914849 -0.016317 1.904926 0.000000 0.000000 0.000000 -0.007447 -0.022582 -0.017410 0.000000 0.000000 0.000000 0.000018 0.000036 0.000007 -0.000273 -0.000140 -0.008004 0.000027 0.000015 -9.809198 
43.756000 -0.000209 -0.000460 0.012028 2.914046 -0.018012 1.903615 0.000000 0.000000 0.000000 -0.007351 -0.020982 -0.015670 0.000000 0.000000 0.000000 0.000020 0.000037 0.000006 -0.000272 -0.000143 -0.008005 0.000027 0.000015 -9.809198 
43.860000 -0.000813 -0.000489 0.012035 2.913141 -0.019674 1.902270 0.000000 0.000000 0.000000 -0.007567 -0.018942 -0.015352 0.000000 0.000000 0.000000 0.000021 0.000037 0.000005 -0.000273 -0.000146 -0.008007 0.000027 0.000015 -9.809198 
43.964000 -0.001286 -0.000687 0.012072 2.912197 -0.021078 1.901152 0.000000 0.000000 0.000000 -0.008463 -0.016587 -0.015396 0.000000 0.000000 0.000000 0.000023 0.000037 0.000004 -0.000272 -0.000147 -0.008009 0.000027 0.000015 -9.809198 
44.068000 -0.001502 -0.000975 0.012103 2.911367 -0.022428 1.899719 0.000000 0.000000 0.000000 -0.009566 -0.014000 -0.015358 0.000000 0.000000 0.000000 0.000024 0.000037 0.000002 -0.000272 -0.000149 -0.008010 0.000027 0.000015 -9.809197 
44.168000 -0.001652 -0.001112 0.012115 2.910255 -0.023423 1.898582 0.000000 0.000000 0.000000 -0.010394 -0.011334 -0.013767 0.000000 0.000000 0.000000 0.000025 0.000038 0.000001 -0.000272 -0.000150 -0.008011 0.000027 0.000015 -9.809197 
44.268000 -0.001555 -0.001127 0.012081 2.909111 -0.024244 1.897345 0.000000 0.000000 0.000000 -0.011969 -0.010044 -0.012352 0.000000 0.000000 0.000000 0.000026 0.000038 0.000001 -0.000273 -0.000150 -0.008012 0.000027 0.000015 -9.809197 
44.368000 -0.001571 -0.001231 0.012099 2.907839 -0.025138 1.896571 0.000000 0.000000 0.000000 -0.013142 -0.009614 -0.012216 0.000000 0.000000 0.000000 0.000026 0.000038 0.000000 -0.000274 -0.000152 -0.008014 0.000027 0.000016 -9.809197 
44.476000 -0.001496 -0.001268 0.012129 2.906442 -0.026013 1.895487 0.000000 0.000000 0.000000 -0.013811 -0.008655 -0.012311 0.000000 0.000000 0.000000 0.000026 0.000038 0.000000 -0.000275 -0.000152 -0.008015 0.000027 0.000016 -9.809197 
44.580000 -0.001762 -0.001102 0.012166 2.905085 -0.026663 1.894794 0.000000 0.000000 0.000000 -0.014980 -0.007476 -0.012002 0.000000 0.000000 0.000000 0.000026 0.000037 -0.000001 -0.000277 -0.000154 -0.008018 0.000027 0.000016 -9.809197 
44.680000 -0.001895 -0.001168 0.012271 2.903703 -0.027158 1.894147 0.000000 0.000000 0.000000 -0.015313 -0.003759 -0.009967 0.000000 0.000000 0.000000 0.000027 0.000037 -0.000001 -0.000279 -0.000156 -0.008020 0.000027 0.000016 -9.809197 
44.780000 -0.001867 -0.001197 0.012360 2.902356 -0.027263 1.893524 0.000000 0.000000 0.000000 -0.015828 -0.001842 -0.010696 0.000000 0.000000 0.000000 0.000027 0.000036 -0.000002 -0.000280 -0.000157 -0.008022 0.000027 0.000016 -9.809197 
44.880000 -0.001606 -0.000993 0.012518 2.900929 -0.027281 1.892312 0.000000 0.000000 0.000000 -0.016014 -0.001280 -0.010716 0.000000 0.000000 0.000000 0.000028 0.000036 -0.000002 -0.000283 -0.000158 -0.008021 0.000028 0.000016 -9.809197 
44.980000 -0.001142 -0.000610 0.012601 2.899599 -0.027280 1.891328 0.000000 0.000000 0.000000 -0.016220 -0.000859 -0.010195 0.000000 0.000000 0.000000 0.000027 0.000035 -0.000002 -0.000285 -0.000163 -0.008021 0.000028 0.000017 -9.809197 
45.080000 -0.000788 -0.000321 0.012665 2.898289 -0.027158 1.890541 0.000000 0.000000 0.000000 -0.015298 0.001036 -0.008364 0.000000 0.000000 0.000000 0.000028 0.000033 -0.000003 -0.000285 -0.000164 -0.008022 0.000028 0.000017 -9.809197 
45.180000 -0.000693 -0.000100 0.012673 2.897021 -0.026790 1.889677 0.000000 0.000000 0.000000 -0.016318 0.002057 -0.007879 0.000000 0.000000 0.000000 0.000028 0.000032 -0.000003 -0.000289 -0.000165 -0.008022 0.000028 0.000017 -9.809197 
45.280000 -0.000734 0.000033 0.012623 2.895683 -0.026376 1.889021 0.000000 0.000000 0.000000 -0.016197 0.003372 -0.005965 0.000000 0.000000 0.000000 0.000028 0.000032 -0.000004 -0.000291 -0.000170 -0.008022 0.000028 0.000017 -9.809197 
45.384000 -0.000726 0.000106 0.012563 2.894231 -0.025900 1.888778 0.000000 0.000000 0.000000 -0.016263 0.003804 -0.004013 0.000000 0.000000 0.000000 0.000028 0.000030 -0.000004 -0.000293 -0.000171 -0.008023 0.000029 0.000017 -9.809197 
45.488000 -0.000806 -0.000016 0.012463 2.892841 -0.025545 1.888491 0.000000 0.000000 0.000000 -0.016062 0.004077 -0.003781 0.000000 0.000000 0.000000 0.000028 0.000029 -0.000004 -0.000296 -0.000172 -0.008024 0.000029 0.000018 -9.809197 
45.588000 -0.000945 0.000162 0.012384 2.891630 -0.025210 1.888035 0.000000 0.000000 0.000000 -0.015227 0.003980 -0.002471 0.000000 0.000000 0.000000 0.000027 0.000028 -0.000005 -0.000299 -0.000172 -0.008023 0.000029 0.000018 -9.809197 
45.688000 -0.000919 0.000509 0.012256 2.890515 -0.024743 1.888204 0.000000 0.000000 0.000000 -0.014255 0.004345 -0.000055 0.000000 0.000000 0.000000 0.000027 0.000027 -0.000006 -0.000301 -0.000174 -0.008025 0.000029 0.000018 -9.809197 
45.792000 -0.001112 0.000665 0.012232 2.889358 -0.024135 1.888588 0.000000 0.000000 0.000000 -0.013570 0.005452 0.002537 0.000000 0.000000 0.000000 0.000027 0.000026 -0.000007 -0.000304 -0.000177 -0.008026 0.000030 0.000018 -9.809197 
45.892000 -0.001355 0.000687 0.012241 2.888487 -0.023461 1.888694 0.000000 0.000000 0.000000 -0.012079 0.006212 0.004963 0.000000 0.000000 0.000000 0.000027 0.000024 -0.000008 -0.000306 -0.000177 -0.008025 0.000030 0.000018 -9.809197 
45.996000 -0.001308 0.000944 0.012287 2.887674 -0.022775 1.889242 0.000000 0.000000 0.000000 -0.010465 0.006924 0.007569 0.000000 0.000000 0.000000 0.000027 0.000022 -0.000009 -0.000306 -0.000178 -0.008024 0.000030 0.000018 -9.809197 
46.096000 -0.001485 0.001056 0.012384 2.887281 -0.021815 1.889919 0.000000 0.000000 0.000000 -0.007768 0.008887 0.010862 0.000000 0.000000 0.000000 0.000028 0.000020 -0.000009 -0.000307 -0.000179 -0.008023 0.000030 0.000018 -9.809197 
46.196000 -0.001725 0.001151 0.012486 2.886928 -0.020673 1.891369 0.000000 0.000000 0.000000 -0.007087 0.010895 0.013948 0.000000 0.000000 0.000000 0.000028 0.000018 -0.000009 -0.000308 -0.000179 -0.008024 0.000030 0.000018 -9.809197 
46.296000 -0.001897 0.001071 0.012519 2.886752 -0.019378 1.893260 0.000000 0.000000 0.000000 -0.004662 0.013329 0.017470 0.000000 0.000000 0.000000 0.000029 0.000016 -0.000009 -0.000310 -0.000180 -0.008026 0.000030 0.000018 -9.809197 
46.400000 -0.001822 0.001367 0.012427 2.886707 -0.017872 1.895385 0.000000 0.000000 0.000000 -0.002442 0.014402 0.019128 0.000000 0.000000 0.000000 0.000029 0.000014 -0.000009 -0.000310 -0.000180 -0.008027 0.000030 0.000018 -9.809196 
46.504000 -0.001656 0.001764 0.012399 2.886841 -0.016387 1.897900 0.000000 0.000000 0.000000 -0.000499 0.015588 0.020761 0.000000 0.000000 0.000000 0.000028 0.000013 -0.000010 -0.000311 -0.000179 -0.008029 0.000030 0.000018 -9.809196 
46.608000 -0.001411 0.001801 0.012407 2.887113 -0.014919 1.900379 0.000000 0.000000 0.000000 0.001893 0.016227 0.022613 0.000000 0.000000 0.000000 0.000028 0.000012 -0.000010 -0.000312 -0.000179 -0.008030 0.000030 0.000018 -9.809196 
46.708000 -0.001181 0.001826 0.012336 2.887781 -0.013257 1.903303 0.000000 0.000000 0.000000 0.004389 0.015891 0.024492 0.000000 0.000000 0.000000 0.000028 0.000010 -0.000010 -0.000313 -0.000178 -0.008033 0.000030 0.000018 -9.809196 
46.808000 -0.000914 0.001786 0.012205 2.888574 -0.011635 1.906186 0.000000 0.000000 0.000000 0.005553 0.016522 0.024449 0.000000 0.000000 0.000000 0.000028 0.000009 -0.000009 -0.000316 -0.000177 -0.008035 0.000031 0.000018 -9.809196 
46.916000 -0.000792 0.001805 0.012057 2.889439 -0.010013 1.909287 0.000000 0.000000 0.000000 0.006962 0.015237 0.024997 0.000000 0.000000 0.000000 0.000028 0.000009 -0.000010 -0.000318 -0.000175 -0.008037 0.000031 0.000018 -9.809196 
47.016000 -0.000644 0.001789 0.011989 2.890364 -0.008600 1.912488 0.000000 0.000000 0.000000 0.009277 0.014940 0.024923 0.000000 0.000000 0.000000 0.000027 0.000008 -0.000011 -0.000320 -0.000174 -0.008041 0.000031 0.000018 -9.809196 
47.116000 -0.000542 0.001817 0.011975 2.891422 -0.006998 1.916134 0.000000 0.000000 0.000000 0.010094 0.015989 0.024278 0.000000 0.000000 0.000000 0.000028 0.000008 -0.000011 -0.000324 -0.000172 -0.008046 0.000031 0.000018 -9.809195 
47.216000 -0.000713 0.001834 0.011877 2.892685 -0.005369 1.919436 0.000000 0.000000 0.000000 0.011454 0.016159 0.023305 0.000000 0.000000 0.000000 0.000028 0.000008 -0.000011 -0.000326 -0.000171 -0.008051 0.000031 0.000018 -9.809195 
47.320000 -0.000862 0.001933 0.011735 2.894187 -0.003590 1.922116 0.000000 0.000000 0.000000 0.013642 0.017141 0.021751 0.000000 0.000000 0.000000 0.000028 0.000007 -0.000012 -0.000329 -0.000171 -0.008052 0.000032 0.000018 -9.809195 
47.428000 -0.000900 0.001853 0.011646 2.895950 -0.001787 1.924715 0.000000 0.000000 0.000000 0.015676 0.018302 0.020530 0.000000 0.000000 0.000000 0.000028 0.000007 -0.000013 -0.000331 -0.000171 -0.008053 0.000032 0.000018 -9.809195 
47.528000 -0.000924 0.001678 0.011605 2.897830 -0.000015 1.926342 0.000000 0.000000 0.000000 0.017186 0.017953 0.018755 0.000000 0.000000 0.000000 0.000027 0.000006 -0.000015 -0.000333 -0.000172 -0.008052 0.000032 0.000018 -9.809195 
47.628000 -0.000818 0.001478 0.011534 2.899707 0.001717 1.928179 0.000000 0.000000 0.000000 0.018097 0.017637 0.018414 0.000000 0.000000 0.000000 0.000027 0.000006 -0.000017 -0.000335 -0.000172 -0.008052 0.000032 0.000018 -9.809195 
47.728000 -0.000814 0.001469 0.011483 2.901896 0.003572 1.929516 0.000000 0.000000 0.000000 0.020408 0.016733 0.016744 0.000000 0.000000 0.000000 0.000027 0.000004 -0.000018 -0.000335 -0.000172 -0.008050 0.000032 0.000018 -9.809195 
47.828000 -0.000565 0.001222 0.011414 2.904121 0.005170 1.930956 0.000000 0.000000 0.000000 0.021917 0.016298 0.015809 0.000000 0.000000 0.000000 0.000027 0.000004 -0.000019 -0.000336 -0.000171 -0.008049 0.000032 0.000018 -9.809195 
47.928000 -0.000109 0.001085 0.011267 2.906289 0.006876 1.931920 0.000000 0.000000 0.000000 0.022062 0.015805 0.013955 0.000000 0.000000 0.000000 0.000027 0.000004 -0.000020 -0.000337 -0.000172 -0.008046 0.000032 0.000018 -9.809195 
48.028000 -0.000141 0.000779 0.011178 2.908623 0.008450 1.932892 0.000000 0.000000 0.000000 0.023373 0.016312 0.012249 0.000000 0.000000 0.000000 0.000027 0.000004 -0.000021 -0.000338 -0.000171 -0.008045 0.000033 0.000018 -9.809196 
48.128000 -0.000478 0.000707 0.011101 2.910896 0.010087 1.933354 0.000000 0.000000 0.000000 0.022870 0.017132 0.010382 0.000000 0.000000 0.000000 0.000027 0.000004 -0.000022 -0.000339 -0.000173 -0.008041 0.000033 0.000018 -9.809196 
48.228000 -0.000579 0.000389 0.011107 2.913039 0.011857 1.933714 0.000000 0.000000 0.000000 0.021781 0.016000 0.008657 0.000000 0.000000 0.000000 0.000027 0.000005 -0.000022 -0.000339 -0.000175 -0.008039 0.000033 0.000018 -9.809196 
48.332000 -0.000615 0.000162 0.011078 2.915291 0.013641 1.934150 0.000000 0.000000 0.000000 0.021827 0.016123 0.007205 0.000000 0.000000 0.000000 0.000028 0.000005 -0.000023 -0.000339 -0.000173 -0.008037 0.000033 0.000018 -9.809196 
48.436000 -0.000536 0.000055 0.010958 2.917305 0.015335 1.934851 0.000000 0.000000 0.000000 0.021195 0.016822 0.005582 0.000000 0.000000 0.000000 0.000028 0.000006 -0.000023 -0.000339 -0.000173 -0.008037 0.000033 0.000018 -9.809196 
48.540000 -0.000350 0.000245 0.010841 2.919417 0.017214 1.935094 0.000000 0.000000 0.000000 0.020888 0.018147 0.003718 0.000000 0.000000 0.000000 0.000028 0.000006 -0.000024 -0.000339 -0.000174 -0.008036 0.000033 0.000018 -9.809196 
48.640000 -0.000436 0.000383 0.010840 2.921325 0.019114 1.934880 0.000000 0.000000 0.000000 0.019824 0.018209 0.002111 0.000000 0.000000 0.000000 0.000028 0.000007 -0.000025 -0.000338 -0.000176 -0.008033 0.000033 0.000018 -9.809196 
48.740000 -0.000661 0.000220 0.010848 2.923223 0.020790 1.934759 0.000000 0.000000 0.000000 0.018787 0.018543 0.000863 0.000000 0.000000 0.000000 0.000028 0.000007 -0.000026 -0.000337 -0.000175 -0.008032 0.000033 0.000018 -9.809196 
48.844000 -0.000817 0.000203 0.010868 2.925210 0.022953 1.934711 0.000000 0.000000 0.000000 0.018557 0.019498 -0.000828 0.000000 0.000000 0.000000 0.000029 0.000006 -0.000026 -0.000337 -0.000175 -0.008032 0.000033 0.000018 -9.809196 
48.944000 -0.000713 0.000264 0.010872 2.926964 0.024797 1.934617 0.000000 0.000000 0.000000 0.017578 0.018878 -0.000699 0.000000 0.000000 0.000000 0.000028 0.000007 -0.000027 -0.000338 -0.000174 -0.008031 0.000033 0.000018 -9.809196 
49.048000 -0.000412 0.000316 0.010779 2.928822 0.026738 1.934552 0.000000 0.000000 0.000000 0.016610 0.018798 -0.000820 0.000000 0.000000 0.000000 0.000028 0.000007 -0.000027 -0.000340 -0.000172 -0.008032 0.000033 0.000018 -9.809196 
49.148000 0.000079 0.000022 0.010707 2.930544 0.028449 1.934380 0.000000 0.000000 0.000000 0.015821 0.017600 -0.000751 0.000000 0.000000 0.000000 0.000028 0.000007 -0.000027 -0.000341 -0.000171 -0.008031 0.000033 0.000018 -9.809196 
49.248000 0.000249 -0.000288 0.010645 2.932344 0.030121 1.933987 0.000000 0.000000 0.000000 0.015264 0.017461 -0.000618 0.000000 0.000000 0.000000 0.000028 0.000006 -0.000028 -0.000343 -0.000171 -0.008030 0.000033 0.000018 -9.809196 
49.352000 0.000279 -0.000378 0.010521 2.933990 0.031657 1.933927 0.000000 0.000000 0.000000 0.015008 0.016161 -0.000704 0.000000 0.000000 0.000000 0.000027 0.000005 -0.000029 -0.000344 -0.000170 -0.008030 0.000033 0.000017 -9.809196 
49.456000 0.000244 -0.000409 0.010474 2.935799 0.033243 1.933858 0.000000 0.000000 0.000000 0.015280 0.014290 -0.000532 0.000000 0.000000 0.000000 0.000027 0.000004 -0.000030 -0.000345 -0.000169 -0.008030 0.000033 0.000017 -9.809196 
49.556000 0.000407 -0.000610 0.010419 2.937523 0.034570 1.933723 0.000000 0.000000 0.000000 0.014279 0.013343 0.000510 0.000000 0.000000 0.000000 0.000027 0.000003 -0.000030 -0.000344 -0.000170 -0.008029 0.000033 0.000017 -9.809196 
49.656000 0.000653 -0.001000 0.010278 2.939103 0.035770 1.934417 0.000000 0.000000 0.000000 0.012437 0.012242 0.002245 0.000000 0.000000 0.000000 0.000027 0.000002 -0.000030 -0.000345 -0.000170 -0.008032 0.000033 0.000017 -9.809196 
49.756000 0.001041 -0.001348 0.010188 2.940584 0.036844 1.935006 0.000000 0.000000 0.000000 0.012640 0.011079 0.003102 0.000000 0.000000 0.000000 0.000026 0.000001 -0.000030 -0.000346 -0.000170 -0.008033 0.000033 0.000017 -9.809196 
49.860000 0.001389 -0.001658 0.010270 2.942111 0.037820 1.935828 0.000000 0.000000 0.000000 0.012111 0.010098 0.004286 0.000000 0.000000 0.000000 0.000025 0.000000 -0.000030 -0.000347 -0.000169 -0.008035 0.000034 0.000017 -9.809196 
49.964000 0.001590 -0.001842 0.010193 2.943497 0.038690 1.936678 0.000000 0.000000 0.000000 0.009036 0.008830 0.004774 0.000000 0.000000 0.000000 0.000025 -0.000001 -0.000031 -0.000348 -0.000169 -0.008037 0.000034 0.000017 -9.809196 
50.064000 0.001593 -0.001945 0.010194 2.944598 0.039434 1.937238 0.000000 0.000000 0.000000 0.007870 0.007608 0.004874 0.000000 0.000000 0.000000 0.000024 -0.000002 -0.000032 -0.000350 -0.000170 -0.008037 0.000034 0.000017 -9.809196 
50.164000 0.001638 -0.002158 0.010146 2.945551 0.040123 1.937478 0.000000 0.000000 0.000000 0.005387 0.005957 0.004282 0.000000 0.000000 0.000000 0.000024 -0.000003 -0.000033 -0.000350 -0.000170 -0.008037 0.000034 0.000017 -9.809196 
50.264000 0.001853 -0.002563 0.010154 2.946230 0.040759 1.937925 0.000000 0.000000 0.000000 0.004539 0.004257 0.005143 0.000000 0.000000 0.000000 0.000025 -0.000004 -0.000033 -0.000349 -0.000171 -0.008036 0.000034 0.000017 -9.809196 
50.368000 0.002103 -0.002799 0.010131 2.946647 0.041125 1.938702 0.000000 0.000000 0.000000 0.000763 0.003068 0.005754 0.000000 0.000000 0.000000 0.000025 -0.000004 -0.000034 -0.000349 -0.000171 -0.008037 0.000034 0.000017 -9.809196 
50.468000 0.002246 -0.003336 0.010182 2.946694 0.041249 1.939117 0.000000 0.000000 0.000000 -0.002976 0.002332 0.006118 0.000000 0.000000 0.000000 0.000024 -0.000005 -0.000034 -0.000350 -0.000171 -0.008036 0.000034 0.000018 -9.809196 
50.572000 0.002372 -0.003544 0.010208 2.946429 0.041284 1.939247 0.000000 0.000000 0.000000 -0.005394 -0.000144 0.004954 0.000000 0.000000 0.000000 0.000024 -0.000006 -0.000034 -0.000350 -0.000172 -0.008035 0.000034 0.000018 -9.809196 
50.672000 0.002266 -0.003670 0.010174 2.945863 0.041094 1.939592 0.000000 0.000000 0.000000 -0.009031 -0.002369 0.005511 0.000000 0.000000 0.000000 0.000023 -0.000006 -0.000034 -0.000350 -0.000171 -0.008034 0.000034 0.000018 -9.809196 
50.776000 0.002203 -0.003603 0.010107 2.945064 0.040635 1.940080 0.000000 0.000000 0.000000 -0.011978 -0.003195 0.005902 0.000000 0.000000 0.000000 0.000023 -0.000007 -0.000034 -0.000350 -0.000171 -0.008033 0.000034 0.000018 -9.809196 
50.880000 0.002094 -0.003683 0.010132 2.943826 0.040110 1.940815 0.000000 0.000000 0.000000 -0.015035 -0.007537 0.005606 0.000000 0.000000 0.000000 0.000023 -0.000008 -0.000034 -0.000349 -0.000171 -0.008034 0.000034 0.000018 -9.809196 
50.984000 0.002163 -0.003663 0.010113 2.942248 0.039048 1.941478 0.000000 0.000000 0.000000 -0.017111 -0.009929 0.007209 0.000000 0.000000 0.000000 0.000022 -0.000008 -0.000035 -0.000351 -0.000170 -0.008034 0.000034 0.000017 -9.809196 
51.084000 0.002104 -0.003845 0.010149 2.940611 0.037795 1.941900 0.000000 0.000000 0.000000 -0.020275 -0.011743 0.006758 0.000000 0.000000 0.000000 0.000022 -0.000009 -0.000035 -0.000352 -0.000169 -0.008033 0.000034 0.000017 -9.809196 
51.192000 0.001960 -0.004131 0.010211 2.938416 0.036300 1.942223 0.000000 0.000000 0.000000 -0.023486 -0.014396 0.006683 0.000000 0.000000 0.000000 0.000021 -0.000010 -0.000036 -0.000353 -0.000169 -0.008031 0.000034 0.000017 -9.809196 
51.292000 0.001861 -0.004107 0.010182 2.936036 0.034828 1.942770 0.000000 0.000000 0.000000 -0.026793 -0.017036 0.007053 0.000000 0.000000 0.000000 0.000021 -0.000011 -0.000036 -0.000353 -0.000170 -0.008030 0.000034 0.000017 -9.809196 
51.396000 0.001914 -0.003845 0.010199 2.933441 0.033104 1.943911 0.000000 0.000000 0.000000 -0.029111 -0.018693 0.006502 0.000000 0.000000 0.000000 0.000022 -0.000012 -0.000036 -0.000353 -0.000168 -0.008032 0.000034 0.000017 -9.809196 
51.496000 0.001695 -0.003656 0.010153 2.930531 0.031216 1.944648 0.000000 0.000000 0.000000 -0.031810 -0.019955 0.006103 0.000000 0.000000 0.000000 0.000023 -0.000013 -0.000035 -0.000353 -0.000166 -0.008033 0.000034 0.000017 -9.809196 
51.596000 0.001454 -0.003760 0.010090 2.927526 0.029099 1.945097 0.000000 0.000000 0.000000 -0.033571 -0.021020 0.005886 0.000000 0.000000 0.000000 0.000022 -0.000014 -0.000035 -0.000353 -0.000167 -0.008032 0.000034 0.000017 -9.809196 
51.696000 0.001169 -0.003675 0.010011 2.924293 0.027033 1.945558 0.000000 0.000000 0.000000 -0.036389 -0.022450 0.004274 0.000000 0.000000 0.000000 0.000022 -0.000015 -0.000035 -0.000353 -0.000169 -0.008032 0.000034 0.000017 -9.809196 
51.800000 0.001113 -0.003570 0.009967 2.920616 0.025030 1.946173 0.000000 0.000000 0.000000 -0.038303 -0.021920 0.005028 0.000000 0.000000 0.000000 0.000023 -0.000016 -0.000035 -0.000355 -0.000170 -0.008032 0.000034 0.000017 -9.809196 
51.900000 0.001024 -0.003422 0.009894 2.916929 0.023100 1.947129 0.000000 0.000000 0.000000 -0.039828 -0.022850 0.005376 0.000000 0.000000 0.000000 0.000024 -0.000017 -0.000034 -0.000354 -0.000170 -0.008034 0.000034 0.000017 -9.809196 
52.000000 0.000932 -0.003236 0.009841 2.913123 0.021058 1.947844 0.000000 0.000000 0.000000 -0.040072 -0.022960 0.005803 0.000000 0.000000 0.000000 0.000026 -0.000018 -0.000035 -0.000356 -0.000170 -0.008035 0.000034 0.000017 -9.809196 
52.104000 0.000908 -0.002794 0.009789 2.909096 0.018915 1.949032 0.000000 0.000000 0.000000 -0.041047 -0.023739 0.006137 0.000000 0.000000 0.000000 0.000027 -0.000018 -0.000034 -0.000357 -0.000169 -0.008037 0.000034 0.000017 -9.809196 
52.204000 0.000676 -0.002422 0.009757 2.905131 0.016857 1.950251 0.000000 0.000000 0.000000 -0.042834 -0.022980 0.005940 0.000000 0.000000 0.000000 0.000028 -0.000019 -0.000034 -0.000358 -0.000170 -0.008040 0.000035 0.000017 -9.809196 
52.304000 0.000420 -0.002269 0.009733 2.901015 0.014775 1.951457 0.000000 0.000000 0.000000 -0.042118 -0.024493 0.004359 0.000000 0.000000 0.000000 0.000029 -0.000020 -0.000034 -0.000359 -0.000169 -0.008043 0.000035 0.000017 -9.809196 
52.404000 0.000370 -0.002079 0.009653 2.896864 0.012778 1.952422 0.000000 0.000000 0.000000 -0.041117 -0.023382 0.005735 0.000000 0.000000 0.000000 0.000031 -0.000020 -0.000033 -0.000360 -0.000168 -0.008045 0.000035 0.000017 -9.809196 
52.504000 0.000421 -0.001498 0.009593 2.892848 0.010796 1.953497 0.000000 0.000000 0.000000 -0.040769 -0.023463 0.006546 0.000000 0.000000 0.000000 0.000032 -0.000020 -0.000034 -0.000362 -0.000168 -0.008047 0.000035 0.000017 -9.809195 
52.612000 0.000463 -0.001159 0.009635 2.888356 0.008654 1.954709 0.000000 0.000000 0.000000 -0.042419 -0.022583 0.006518 0.000000 0.000000 0.000000 0.000034 -0.000019 -0.000034 -0.000364 -0.000168 -0.008049 0.000035 0.000017 -9.809195 
52.712000 0.000559 -0.000953 0.009646 2.884118 0.006715 1.955964 0.000000 0.000000 0.000000 -0.042262 -0.021749 0.007107 0.000000 0.000000 0.000000 0.000035 -0.000019 -0.000035 -0.000366 -0.000168 -0.008052 0.000035 0.000017 -9.809195 
52.812000 0.000602 -0.000486 0.009642 2.879970 0.005063 1.956882 0.000000 0.000000 0.000000 -0.041284 -0.020638 0.008021 0.000000 0.000000 0.000000 0.000037 -0.000019 -0.000034 -0.000367 -0.000168 -0.008053 0.000035 0.000017 -9.809195 
52.912000 0.000302 -0.000066 0.009617 2.875935 0.003506 1.957508 0.000000 0.000000 0.000000 -0.039306 -0.018777 0.008154 0.000000 0.000000 0.000000 0.000039 -0.000019 -0.000033 -0.000368 -0.000167 -0.008052 0.000035 0.000017 -9.809195 
53.016000 0.000162 0.000495 0.009627 2.872081 0.001856 1.959583 0.000000 0.000000 0.000000 -0.037123 -0.018667 0.008612 0.000000 0.000000 0.000000 0.000040 -0.000019 -0.000032 -0.000371 -0.000166 -0.008057 0.000036 0.000017 -9.809195 
53.116000 0.000218 0.000856 0.009539 2.868460 0.000161 1.961634 0.000000 0.000000 0.000000 -0.036181 -0.019212 0.009577 0.000000 0.000000 0.000000 0.000041 -0.000019 -0.000032 -0.000374 -0.000164 -0.008062 0.000036 0.000017 -9.809195 
53.220000 0.000287 0.001129 0.009525 2.864691 -0.001770 1.963908 0.000000 0.000000 0.000000 -0.034650 -0.018616 0.010320 0.000000 0.000000 0.000000 0.000042 -0.000018 -0.000031 -0.000378 -0.000162 -0.008067 0.000036 0.000017 -9.809194 
53.324000 0.000285 0.001477 0.009500 2.861472 -0.003468 1.965928 0.000000 0.000000 0.000000 -0.031033 -0.018659 0.010396 0.000000 0.000000 0.000000 0.000043 -0.000018 -0.000030 -0.000381 -0.000162 -0.008072 0.000036 0.000017 -9.809194 
53.428000 0.000184 0.001799 0.009420 2.858467 -0.005153 1.967862 0.000000 0.000000 0.000000 -0.028567 -0.018907 0.010285 0.000000 0.000000 0.000000 0.000044 -0.000018 -0.000030 -0.000383 -0.000161 -0.008075 0.000037 0.000017 -9.809194 
53.528000 0.000161 0.002058 0.009467 2.855847 -0.006872 1.969718 0.000000 0.000000 0.000000 -0.025765 -0.017994 0.009396 0.000000 0.000000 0.000000 0.000044 -0.000019 -0.000030 -0.000385 -0.000160 -0.008079 0.000037 0.000017 -9.809194 
53.628000 0.000469 0.002334 0.009430 2.853505 -0.008442 1.971989 0.000000 0.000000 0.000000 -0.021823 -0.016341 0.006947 0.000000 0.000000 0.000000 0.000045 -0.000019 -0.000030 -0.000387 -0.000159 -0.008086 0.000037 0.000016 -9.809194 
53.732000 0.000633 0.002538 0.009416 2.851449 -0.009960 1.972842 0.000000 0.000000 0.000000 -0.018583 -0.014937 0.004451 0.000000 0.000000 0.000000 0.000045 -0.000018 -0.000029 -0.000390 -0.000160 -0.008087 0.000037 0.000017 -9.809194 
53.836000 0.000467 0.003132 0.009337 2.849925 -0.011417 1.974092 0.000000 0.000000 0.000000 -0.014615 -0.014928 0.000849 0.000000 0.000000 0.000000 0.000046 -0.000019 -0.000029 -0.000393 -0.000159 -0.008091 0.000037 0.000016 -9.809193 
53.936000 0.000217 0.003381 0.009287 2.848604 -0.012883 1.974532 0.000000 0.000000 0.000000 -0.011544 -0.014669 -0.001164 0.000000 0.000000 0.000000 0.000046 -0.000018 -0.000029 -0.000397 -0.000158 -0.008093 0.000038 0.000016 -9.809193 
54.036000 -0.000086 0.003549 0.009257 2.847757 -0.014278 1.974634 0.000000 0.000000 0.000000 -0.007594 -0.013226 -0.002819 0.000000 0.000000 0.000000 0.000046 -0.000018 -0.000029 -0.000400 -0.000159 -0.008094 0.000038 0.000016 -9.809193 
54.144000 -0.000193 0.003919 0.009234 2.847230 -0.015793 1.974815 0.000000 0.000000 0.000000 -0.003675 -0.014056 -0.004257 0.000000 0.000000 0.000000 0.000046 -0.000019 -0.000028 -0.000402 -0.000160 -0.008097 0.000038 0.000017 -9.809193 
54.244000 -0.000165 0.004358 0.009183 2.847141 -0.017306 1.974201 0.000000 0.000000 0.000000 0.000135 -0.014105 -0.005097 0.000000 0.000000 0.000000 0.000045 -0.000019 -0.000028 -0.000403 -0.000161 -0.008096 0.000038 0.000017 -9.809193 
54.348000 -0.000146 0.004378 0.009055 2.847486 -0.018887 1.973086 0.000000 0.000000 0.000000 0.004348 -0.012962 -0.005547 0.000000 0.000000 0.000000 0.000044 -0.000019 -0.000028 -0.000404 -0.000161 -0.008094 0.000038 0.000017 -9.809193 
54.448000 -0.000298 0.004539 0.008971 2.848219 -0.020370 1.972166 0.000000 0.000000 0.000000 0.008555 -0.012293 -0.007124 0.000000 0.000000 0.000000 0.000043 -0.000020 -0.000028 -0.000405 -0.000161 -0.008093 0.000039 0.000017 -9.809193 
54.548000 -0.000295 0.004923 0.008920 2.849439 -0.021646 1.970937 0.000000 0.000000 0.000000 0.012548 -0.010733 -0.007631 0.000000 0.000000 0.000000 0.000043 -0.000020 -0.000028 -0.000407 -0.000161 -0.008091 0.000039 0.000017 -9.809193 
54.648000 -0.000514 0.005261 0.008942 2.851127 -0.022772 1.970057 0.000000 0.000000 0.000000 0.017929 -0.009934 -0.007749 0.000000 0.000000 0.000000 0.000042 -0.000021 -0.000028 -0.000407 -0.000161 -0.008090 0.000039 0.000017 -9.809193 
54.748000 -0.000767 0.005475 0.008873 2.853283 -0.023872 1.969648 0.000000 0.000000 0.000000 0.022541 -0.008384 -0.007969 0.000000 0.000000 0.000000 0.000042 -0.000022 -0.000028 -0.000408 -0.000161 -0.008092 0.000039 0.000017 -9.809193 
54.848000 -0.000921 0.005482 0.008737 2.855990 -0.024921 1.969087 0.000000 0.000000 0.000000 0.027717 -0.006924 -0.005669 0.000000 0.000000 0.000000 0.000041 -0.000022 -0.000028 -0.000410 -0.000160 -0.008093 0.000039 0.000017 -9.809193 
54.948000 -0.001120 0.005632 0.008532 2.859094 -0.025616 1.968888 0.000000 0.000000 0.000000 0.032525 -0.005671 -0.003285 0.000000 0.000000 0.000000 0.000040 -0.000023 -0.000028 -0.000412 -0.000162 -0.008094 0.000039 0.000017 -9.809193 
55.052000 -0.001420 0.005509 0.008397 2.862991 -0.026260 1.968593 0.000000 0.000000 0.000000 0.036725 -0.005099 -0.001789 0.000000 0.000000 0.000000 0.000040 -0.000024 -0.000029 -0.000412 -0.000163 -0.008094 0.000039 0.000017 -9.809193 
55.156000 -0.001443 0.005160 0.008362 2.867313 -0.026790 1.968420 0.000000 0.000000 0.000000 0.041804 -0.003251 -0.001840 0.000000 0.000000 0.000000 0.000039 -0.000025 -0.000029 -0.000412 -0.000163 -0.008094 0.000039 0.000017 -9.809193 
55.256000 -0.001490 0.005144 0.008288 2.871851 -0.027175 1.968250 0.000000 0.000000 0.000000 0.045815 -0.001031 -0.000963 0.000000 0.000000 0.000000 0.000039 -0.000025 -0.000029 -0.000416 -0.000164 -0.008094 0.000040 0.000017 -9.809193 
55.360000 -0.001787 0.005136 0.008176 2.876861 -0.027325 1.968469 0.000000 0.000000 0.000000 0.049717 0.001090 0.000598 0.000000 0.000000 0.000000 0.000038 -0.000025 -0.000030 -0.000419 -0.000165 -0.008095 0.000040 0.000017 -9.809193 
55.464000 -0.001934 0.005044 0.008091 2.882354 -0.027402 1.968348 0.000000 0.000000 0.000000 0.053321 0.003184 0.001223 0.000000 0.000000 0.000000 0.000037 -0.000026 -0.000030 -0.000420 -0.000166 -0.008094 0.000040 0.000017 -9.809193 
55.564000 -0.002069 0.004934 0.008046 2.888010 -0.027124 1.968487 0.000000 0.000000 0.000000 0.056688 0.006413 0.001976 0.000000 0.000000 0.000000 0.000036 -0.000026 -0.000030 -0.000422 -0.000167 -0.008094 0.000040 0.000017 -9.809193 
55.664000 -0.002086 0.004376 0.008130 2.893944 -0.026558 1.968507 0.000000 0.000000 0.000000 0.058849 0.008109 0.002393 0.000000 0.000000 0.000000 0.000035 -0.000027 -0.000031 -0.000422 -0.000167 -0.008093 0.000040 0.000017 -9.809193 
55.768000 -0.001852 0.003825 0.008214 2.900286 -0.025936 1.968798 0.000000 0.000000 0.000000 0.061149 0.009241 0.002636 0.000000 0.000000 0.000000 0.000033 -0.000027 -0.000031 -0.000423 -0.000169 -0.008093 0.000040 0.000017 -9.809193 
55.868000 -0.001770 0.003444 0.008218 2.906557 -0.025229 1.968819 0.000000 0.000000 0.000000 0.061863 0.008982 0.002648 0.000000 0.000000 0.000000 0.000033 -0.000027 -0.000031 -0.000424 -0.000169 -0.008092 0.000040 0.000017 -9.809193 
55.968000 -0.001862 0.002893 0.008259 2.912948 -0.024250 1.968667 0.000000 0.000000 0.000000 0.063228 0.010662 0.002968 0.000000 0.000000 0.000000 0.000033 -0.000028 -0.000031 -0.000426 -0.000168 -0.008090 0.000041 0.000017 -9.809193 
56.072000 -0.001668 0.002151 0.008274 2.919672 -0.023419 1.968639 0.000000 0.000000 0.000000 0.064269 0.010987 0.002582 0.000000 0.000000 0.000000 0.000032 -0.000028 -0.000031 -0.000427 -0.000167 -0.008089 0.000041 0.000017 -9.809194 
56.172000 -0.001384 0.001397 0.008296 2.926197 -0.022532 1.968568 0.000000 0.000000 0.000000 0.063186 0.011489 0.000821 0.000000 0.000000 0.000000 0.000031 -0.000029 -0.000031 -0.000427 -0.000167 -0.008088 0.000041 0.000017 -9.809194 
56.272000 -0.001073 0.000863 0.008362 2.932478 -0.021737 1.968409 0.000000 0.000000 0.000000 0.061806 0.012257 -0.000522 0.000000 0.000000 0.000000 0.000029 -0.000029 -0.000031 -0.000427 -0.000166 -0.008087 0.000041 0.000017 -9.809194 
56.376000 -0.000859 0.000426 0.008354 2.938997 -0.020692 1.967540 0.000000 0.000000 0.000000 0.061016 0.012826 -0.001447 0.000000 0.000000 0.000000 0.000029 -0.000029 -0.000032 -0.000427 -0.000164 -0.008083 0.000041 0.000017 -9.809194 
56.476000 -0.000920 -0.000002 0.008347 2.945186 -0.019614 1.966587 0.000000 0.000000 0.000000 0.059930 0.012917 -0.001845 0.000000 0.000000 0.000000 0.000028 -0.000030 -0.000032 -0.000427 -0.000161 -0.008080 0.000041 0.000017 -9.809194 
56.580000 -0.000877 -0.000728 0.008279 2.951298 -0.018589 1.965761 0.000000 0.000000 0.000000 0.057384 0.012940 -0.003981 0.000000 0.000000 0.000000 0.000027 -0.000030 -0.000033 -0.000427 -0.000159 -0.008078 0.000041 0.000016 -9.809194 
56.680000 -0.000780 -0.001584 0.008279 2.956951 -0.017437 1.964984 0.000000 0.000000 0.000000 0.055364 0.013404 -0.005414 0.000000 0.000000 0.000000 0.000027 -0.000030 -0.000033 -0.000424 -0.000158 -0.008077 0.000040 0.000016 -9.809194 
56.780000 -0.000609 -0.002263 0.008250 2.962317 -0.016157 1.963674 0.000000 0.000000 0.000000 0.051482 0.013259 -0.007940 0.000000 0.000000 0.000000 0.000027 -0.000031 -0.000034 -0.000423 -0.000156 -0.008074 0.000040 0.000016 -9.809194 
56.880000 -0.000362 -0.002654 0.008297 2.967328 -0.014762 1.962920 0.000000 0.000000 0.000000 0.047673 0.013173 -0.009237 0.000000 0.000000 0.000000 0.000028 -0.000031 -0.000035 -0.000423 -0.000154 -0.008074 0.000040 0.000016 -9.809194 
56.980000 -0.000144 -0.002993 0.008267 2.971884 -0.013441 1.961414 0.000000 0.000000 0.000000 0.042797 0.013646 -0.010800 0.000000 0.000000 0.000000 0.000027 -0.000031 -0.000036 -0.000424 -0.000154 -0.008072 0.000040 0.000016 -9.809194 
57.080000 0.000118 -0.003250 0.008185 2.975845 -0.012023 1.959664 0.000000 0.000000 0.000000 0.037757 0.014190 -0.012147 0.000000 0.000000 0.000000 0.000028 -0.000030 -0.000036 -0.000423 -0.000153 -0.008069 0.000040 0.000016 -9.809194 
57.180000 0.000227 -0.003583 0.008177 2.979445 -0.010595 1.957823 0.000000 0.000000 0.000000 0.033692 0.013718 -0.012700 0.000000 0.000000 0.000000 0.000028 -0.000030 -0.000036 -0.000423 -0.000152 -0.008067 0.000040 0.000016 -9.809194 
57.280000 0.000268 -0.003704 0.008147 2.982666 -0.009227 1.956724 0.000000 0.000000 0.000000 0.028100 0.013525 -0.014696 0.000000 0.000000 0.000000 0.000029 -0.000031 -0.000036 -0.000421 -0.000149 -0.008068 0.000040 0.000016 -9.809194 
57.380000 0.000204 -0.004058 0.008051 2.985356 -0.007728 1.955228 0.000000 0.000000 0.000000 0.024390 0.011988 -0.016737 0.000000 0.000000 0.000000 0.000030 -0.000032 -0.000037 -0.000420 -0.000146 -0.008068 0.000040 0.000015 -9.809194 
57.480000 0.000552 -0.004361 0.007945 2.987703 -0.006619 1.952924 0.000000 0.000000 0.000000 0.020513 0.011469 -0.016936 0.000000 0.000000 0.000000 0.000030 -0.000032 -0.000037 -0.000420 -0.000146 -0.008066 0.000040 0.000015 -9.809194 
57.580000 0.000742 -0.004550 0.007907 2.989557 -0.005526 1.951197 0.000000 0.000000 0.000000 0.015577 0.010737 -0.016862 0.000000 0.000000 0.000000 0.000030 -0.000033 -0.000036 -0.000416 -0.000144 -0.008065 0.000040 0.000015 -9.809194 
57.684000 0.000812 -0.004412 0.007950 2.990980 -0.004548 1.948223 0.000000 0.000000 0.000000 0.010157 0.009795 -0.017867 0.000000 0.000000 0.000000 0.000030 -0.000033 -0.000037 -0.000414 -0.000143 -0.008061 0.000040 0.000015 -9.809195 
57.784000 0.000847 -0.004215 0.007894 2.991751 -0.003513 1.946391 0.000000 0.000000 0.000000 0.005234 0.008807 -0.017892 0.000000 0.000000 0.000000 0.000030 -0.000033 -0.000038 -0.000413 -0.000143 -0.008060 0.000040 0.000015 -9.809195 
57.884000 0.000935 -0.004338 0.007856 2.991972 -0.002557 1.944297 0.000000 0.000000 0.000000 0.000030 0.008658 -0.016892 0.000000 0.000000 0.000000 0.000031 -0.000033 -0.000038 -0.000413 -0.000142 -0.008059 0.000040 0.000015 -9.809195 
57.984000 0.000908 -0.004436 0.007784 2.991880 -0.001738 1.942270 0.000000 0.000000 0.000000 -0.003440 0.007258 -0.014887 0.000000 0.000000 0.000000 0.000031 -0.000033 -0.000038 -0.000411 -0.000140 -0.008057 0.000039 0.000015 -9.809195 
58.084000 0.000658 -0.004638 0.007670 2.991204 -0.001125 1.940414 0.000000 0.000000 0.000000 -0.008449 0.005934 -0.014726 0.000000 0.000000 0.000000 0.000031 -0.000033 -0.000038 -0.000411 -0.000141 -0.008056 0.000039 0.000015 -9.809195 
58.184000 0.000640 -0.004486 0.007644 2.990305 -0.000709 1.938884 0.000000 0.000000 0.000000 -0.011969 0.004331 -0.014128 0.000000 0.000000 0.000000 0.000030 -0.000033 -0.000038 -0.000410 -0.000140 -0.008055 0.000039 0.000015 -9.809195 
58.284000 0.000724 -0.004075 0.007623 2.989001 -0.000197 1.937470 0.000000 0.000000 0.000000 -0.015484 0.003428 -0.011309 0.000000 0.000000 0.000000 0.000031 -0.000034 -0.000039 -0.000410 -0.000139 -0.008055 0.000039 0.000015 -9.809195 
58.388000 0.000631 -0.003715 0.007614 2.987341 0.000246 1.936277 0.000000 0.000000 0.000000 -0.019139 0.003447 -0.010234 0.000000 0.000000 0.000000 0.000032 -0.000034 -0.000040 -0.000410 -0.000137 -0.008054 0.000039 0.000014 -9.809195 
58.488000 0.000490 -0.003356 0.007605 2.985486 0.000435 1.934661 0.000000 0.000000 0.000000 -0.021579 0.003108 -0.009442 0.000000 0.000000 0.000000 0.000031 -0.000035 -0.000040 -0.000409 -0.000137 -0.008052 0.000039 0.000014 -9.809195 
58.588000 0.000291 -0.002785 0.007637 2.983246 0.000749 1.933725 0.000000 0.000000 0.000000 -0.023310 0.002835 -0.007330 0.000000 0.000000 0.000000 0.000031 -0.000035 -0.000041 -0.000408 -0.000138 -0.008051 0.000039 0.000014 -9.809195 
58.688000 0.000197 -0.002546 0.007582 2.980927 0.001031 1.932675 0.000000 0.000000 0.000000 -0.025499 0.003008 -0.006232 0.000000 0.000000 0.000000 0.000031 -0.000036 -0.000042 -0.000408 -0.000139 -0.008050 0.000039 0.000015 -9.809195 
58.788000 0.000013 -0.002206 0.007520 2.978440 0.001462 1.932011 0.000000 0.000000 0.000000 -0.027004 0.003013 -0.004039 0.000000 0.000000 0.000000 0.000032 -0.000036 -0.000042 -0.000408 -0.000138 -0.008049 0.000039 0.000014 -9.809195 
58.888000 -0.000158 -0.001901 0.007534 2.975698 0.001574 1.931053 0.000000 0.000000 0.000000 -0.027581 0.002808 -0.000454 0.000000 0.000000 0.000000 0.000031 -0.000037 -0.000043 -0.000407 -0.000138 -0.008046 0.000039 0.000014 -9.809195 
58.988000 -0.000333 -0.001436 0.007497 2.972897 0.001834 1.930940 0.000000 0.000000 0.000000 -0.026927 0.003791 0.003043 0.000000 0.000000 0.000000 0.000031 -0.000036 -0.000043 -0.000409 -0.000138 -0.008045 0.000039 0.000014 -9.809195 
59.092000 -0.000615 -0.001148 0.007470 2.970013 0.002128 1.931144 0.000000 0.000000 0.000000 -0.026810 0.004740 0.004919 0.000000 0.000000 0.000000 0.000030 -0.000036 -0.000045 -0.000408 -0.000139 -0.008044 0.000039 0.000015 -9.809195 
59.196000 -0.001005 -0.000940 0.007520 2.967072 0.002375 1.931509 0.000000 0.000000 0.000000 -0.027838 0.003423 0.006249 0.000000 0.000000 0.000000 0.000029 -0.000036 -0.000045 -0.000409 -0.000139 -0.008043 0.000039 0.000015 -9.809195 
59.292000 -0.000960 -0.001144 0.007521 2.964341 0.002632 1.931762 0.000000 0.000000 0.000000 -0.027398 0.003645 0.009089 0.000000 0.000000 0.000000 0.000029 -0.000035 -0.000047 -0.000410 -0.000137 -0.008042 0.000039 0.000014 -9.809195 
59.396000 -0.000776 -0.001224 0.007512 2.961337 0.003004 1.932677 0.000000 0.000000 0.000000 -0.027284 0.003520 0.011445 0.000000 0.000000 0.000000 0.000029 -0.000034 -0.000047 -0.000410 -0.000138 -0.008041 0.000039 0.000014 -9.809195 
59.496000 -0.000733 -0.000932 0.007485 2.958482 0.003444 1.933832 0.000000 0.000000 0.000000 -0.026778 0.003830 0.012975 0.000000 0.000000 0.000000 0.000029 -0.000034 -0.000049 -0.000411 -0.000138 -0.008041 0.000039 0.000014 -9.809195 
59.600000 -0.000793 -0.000386 0.007393 2.955420 0.004085 1.935250 0.000000 0.000000 0.000000 -0.028189 0.003505 0.014711 0.000000 0.000000 0.000000 0.000030 -0.000033 -0.000050 -0.000410 -0.000139 -0.008041 0.000039 0.000015 -9.809195 
59.704000 -0.000944 -0.000153 0.007249 2.952287 0.004684 1.936647 0.000000 0.000000 0.000000 -0.027521 0.003477 0.017765 0.000000 0.000000 0.000000 0.000031 -0.000032 -0.000051 -0.000409 -0.000140 -0.008040 0.000039 0.000015 -9.809195 
59.808000 -0.001110 0.000367 0.007180 2.949238 0.005328 1.938277 0.000000 0.000000 0.000000 -0.027822 0.004290 0.017886 0.000000 0.000000 0.000000 0.000032 -0.000032 -0.000052 -0.000409 -0.000139 -0.008039 0.000039 0.000015 -9.809196 
59.908000 -0.001171 0.000878 0.007195 2.946399 0.005942 1.939646 0.000000 0.000000 0.000000 -0.026610 0.005939 0.019013 0.000000 0.000000 0.000000 0.000032 -0.000031 -0.000053 -0.000410 -0.000139 -0.008037 0.000039 0.000014 -9.809196 
60.008000 -0.001037 0.001026 0.007165 2.943625 0.006922 1.941592 0.000000 0.000000 0.000000 -0.023653 0.007179 0.020788 0.000000 0.000000 0.000000 0.000034 -0.000030 -0.000055 -0.000410 -0.000140 -0.008036 0.000039 0.000015 -9.809196 
60.108000 -0.000777 0.001297 0.007216 2.941257 0.007932 1.943332 0.000000 0.000000 0.000000 -0.021058 0.008443 0.021519 0.000000 0.000000 0.000000 0.000035 -0.000029 -0.000057 -0.000411 -0.000139 -0.008035 0.000040 0.000015 -9.809196 
60.208000 -0.000592 0.001769 0.007189 2.939138 0.009164 1.945037 0.000000 0.000000 0.000000 -0.019036 0.009667 0.023067 0.000000 0.000000 0.000000 0.000036 -0.000028 -0.000058 -0.000413 -0.000140 -0.008033 0.000040 0.000015 -9.809196 
60.308000 -0.000360 0.002194 0.007172 2.937067 0.010388 1.946825 0.000000 0.000000 0.000000 -0.016558 0.009847 0.023951 0.000000 0.000000 0.000000 0.000037 -0.000027 -0.000059 -0.000415 -0.000140 -0.008031 0.000040 0.000015 -9.809196 
60.408000 -0.000155 0.002665 0.007183 2.935383 0.011732 1.948776 0.000000 0.000000 0.000000 -0.014446 0.010299 0.025242 0.000000 0.000000 0.000000 0.000038 -0.000026 -0.000060 -0.000417 -0.000139 -0.008029 0.000040 0.000015 -9.809196 
60.508000 0.000018 0.002997 0.007142 2.933725 0.013100 1.951749 0.000000 0.000000 0.000000 -0.012535 0.010420 0.026846 0.000000 0.000000 0.000000 0.000040 -0.000024 -0.000061 -0.000416 -0.000140 -0.008030 0.000040 0.000015 -9.809196 
60.608000 0.000104 0.003090 0.007086 2.932462 0.014468 1.954309 0.000000 0.000000 0.000000 -0.009171 0.011203 0.027715 0.000000 0.000000 0.000000 0.000041 -0.000024 -0.000062 -0.000418 -0.000139 -0.008030 0.000040 0.000015 -9.809196 
60.708000 0.000121 0.003002 0.007031 2.931707 0.015850 1.957067 0.000000 0.000000 0.000000 -0.005538 0.010709 0.027951 0.000000 0.000000 0.000000 0.000042 -0.000023 -0.000062 -0.000419 -0.000139 -0.008029 0.000040 0.000015 -9.809196 
60.812000 0.000088 0.002988 0.007022 2.931114 0.017147 1.960143 0.000000 0.000000 0.000000 -0.003319 0.010810 0.029202 0.000000 0.000000 0.000000 0.000043 -0.000023 -0.000063 -0.000418 -0.000138 -0.008030 0.000040 0.000014 -9.809196 
60.916000 0.000039 0.003110 0.007065 2.930705 0.018379 1.963103 0.000000 0.000000 0.000000 -0.001103 0.010863 0.029697 0.000000 0.000000 0.000000 0.000043 -0.000022 -0.000064 -0.000419 -0.000137 -0.008029 0.000040 0.000014 -9.809196 
61.016000 0.000001 0.003178 0.007039 2.930728 0.019505 1.966096 0.000000 0.000000 0.000000 0.002718 0.011068 0.030486 0.000000 0.000000 0.000000 0.000044 -0.000022 -0.000065 -0.000419 -0.000135 -0.008029 0.000040 0.000014 -9.809196 
61.116000 -0.000085 0.003157 0.007073 2.931053 0.020667 1.969171 0.000000 0.000000 0.000000 0.006839 0.011823 0.032545 0.000000 0.000000 0.000000 0.000044 -0.000022 -0.000067 -0.000418 -0.000133 -0.008029 0.000040 0.000014 -9.809196 
61.224000 0.000679 0.002681 0.007119 2.931819 0.021821 1.972790 0.000000 0.000000 0.000000 0.008257 0.010542 0.026786 0.000000 0.000000 0.000000 0.000045 -0.000022 -0.000067 -0.000417 -0.000130 -0.008030 0.000040 0.000014 -9.809196 
61.328000 0.001710 0.002041 0.007161 2.932741 0.022816 1.975476 0.000000 0.000000 0.000000 0.011196 0.009718 0.023401 0.000000 0.000000 0.000000 0.000045 -0.000022 -0.000068 -0.000415 -0.000127 -0.008031 0.000040 0.000013 -9.809196 
61.428000 0.001943 0.001923 0.007137 2.933774 0.023456 1.977387 0.000000 0.000000 0.000000 0.012411 0.008442 0.024664 0.000000 0.000000 0.000000 0.000044 -0.000021 -0.000069 -0.000415 -0.000126 -0.008029 0.000040 0.000013 -9.809196 
61.528000 0.001338 0.001762 0.007136 2.935014 0.024137 1.979646 0.000000 0.000000 0.000000 0.014432 0.007841 0.025961 0.000000 0.000000 0.000000 0.000044 -0.000021 -0.000070 -0.000415 -0.000125 -0.008028 0.000040 0.000013 -9.809196 
61.640000 0.000719 0.001599 0.007158 2.936564 0.024761 1.982323 0.000000 0.000000 0.000000 0.014827 0.006555 0.027356 0.000000 0.000000 0.000000 0.000043 -0.000021 -0.000071 -0.000415 -0.000123 -0.008027 0.000040 0.000013 -9.809196 
61.736000 0.000412 0.001318 0.007139 2.937897 0.024968 1.984688 0.000000 0.000000 0.000000 0.014756 0.005514 0.027602 0.000000 0.000000 0.000000 0.000042 -0.000020 -0.000071 -0.000415 -0.000122 -0.008025 0.000040 0.000013 -9.809196 
61.840000 0.000180 0.000979 0.007122 2.939254 0.025134 1.987095 0.000000 0.000000 0.000000 0.015027 0.004192 0.028711 0.000000 0.000000 0.000000 0.000041 -0.000019 -0.000071 -0.000415 -0.000122 -0.008023 0.000040 0.000013 -9.809196 
61.944000 0.000081 0.000894 0.007044 2.940795 0.025151 1.989746 0.000000 0.000000 0.000000 0.016126 0.002344 0.028120 0.000000 0.000000 0.000000 0.000039 -0.000019 -0.000072 -0.000415 -0.000121 -0.008022 0.000040 0.000013 -9.809196 
62.048000 0.000042 0.000824 0.007004 2.942195 0.024975 1.992158 0.000000 0.000000 0.000000 0.015228 0.002389 0.027689 0.000000 0.000000 0.000000 0.000038 -0.000018 -0.000072 -0.000415 -0.000121 -0.008020 0.000040 0.000013 -9.809196 
62.148000 -0.000061 0.000667 0.006979 2.943581 0.024661 1.994108 0.000000 0.000000 0.000000 0.015193 0.001647 0.025801 0.000000 0.000000 0.000000 0.000036 -0.000017 -0.000073 -0.000416 -0.000121 -0.008017 0.000040 0.000013 -9.809196 
62.248000 0.000026 0.000569 0.006967 2.945041 0.024555 1.996097 0.000000 0.000000 0.000000 0.015707 0.002353 0.024533 0.000000 0.000000 0.000000 0.000035 -0.000017 -0.000073 -0.000416 -0.000122 -0.008015 0.000040 0.000013 -9.809196 
62.348000 0.000022 0.000447 0.007084 2.946475 0.024413 1.997791 0.000000 0.000000 0.000000 0.015162 0.001835 0.021953 0.000000 0.000000 0.000000 0.000033 -0.000016 -0.000073 -0.000417 -0.000122 -0.008012 0.000040 0.000013 -9.809196 
62.448000 0.000230 0.000166 0.007138 2.947961 0.024161 1.999254 0.000000 0.000000 0.000000 0.015363 0.000613 0.020285 0.000000 0.000000 0.000000 0.000032 -0.000016 -0.000072 -0.000417 -0.000122 -0.008010 0.000040 0.000013 -9.809197 
62.548000 0.000496 -0.000061 0.007191 2.949462 0.023875 2.000816 0.000000 0.000000 0.000000 0.014492 0.000831 0.017709 0.000000 0.000000 0.000000 0.000031 -0.000016 -0.000071 -0.000418 -0.000122 -0.008008 0.000040 0.000013 -9.809197 
62.648000 0.000976 -0.000313 0.007243 2.950836 0.023651 2.001949 0.000000 0.000000 0.000000 0.013133 0.000250 0.014704 0.000000 0.000000 0.000000 0.000030 -0.000016 -0.000071 -0.000418 -0.000122 -0.008006 0.000040 0.000013 -9.809197 
62.752000 0.001306 -0.000357 0.007245 2.952188 0.023244 2.002509 0.000000 0.000000 0.000000 0.012751 0.000065 0.010989 0.000000 0.000000 0.000000 0.000029 -0.000016 -0.000071 -0.000418 -0.000120 -0.008003 0.000040 0.000013 -9.809197 
62.852000 0.001525 -0.000436 0.007266 2.953348 0.022983 2.002739 0.000000 0.000000 0.000000 0.011258 -0.002125 0.007199 0.000000 0.000000 0.000000 0.000028 -0.000015 -0.000070 -0.000417 -0.000120 -0.008000 0.000040 0.000013 -9.809197 
62.960000 0.001949 -0.000745 0.007093 2.954556 0.022258 2.002264 0.000000 0.000000 0.000000 0.010056 -0.003917 0.003074 0.000000 0.000000 0.000000 0.000027 -0.000016 -0.000070 -0.000417 -0.000118 -0.007996 0.000040 0.000013 -9.809197 
63.060000 0.001878 -0.001044 0.006991 2.955712 0.021397 2.001890 0.000000 0.000000 0.000000 0.009760 -0.006570 0.001280 0.000000 0.000000 0.000000 0.000026 -0.000016 -0.000071 -0.000417 -0.000117 -0.007994 0.000040 0.000012 -9.809197 
63.168000 0.001787 -0.001329 0.007050 2.956651 0.020117 2.001064 0.000000 0.000000 0.000000 0.007518 -0.009251 -0.001981 0.000000 0.000000 0.000000 0.000024 -0.000016 -0.000070 -0.000417 -0.000116 -0.007991 0.000040 0.000012 -9.809197 
63.268000 0.001792 -0.001644 0.007065 2.957331 0.018691 1.999994 0.000000 0.000000 0.000000 0.004774 -0.011490 -0.005973 0.000000 0.000000 0.000000 0.000023 -0.000017 -0.000069 -0.000416 -0.000115 -0.007988 0.000040 0.000012 -9.809197 
63.368000 0.001931 -0.001628 0.007149 2.957892 0.017152 1.997782 0.000000 0.000000 0.000000 0.002745 -0.013067 -0.008876 0.000000 0.000000 0.000000 0.000023 -0.000017 -0.000069 -0.000415 -0.000112 -0.007982 0.000040 0.000012 -9.809198 
63.476000 0.001889 -0.001495 0.007272 2.958090 0.015369 1.995792 0.000000 0.000000 0.000000 0.000579 -0.014519 -0.012830 0.000000 0.000000 0.000000 0.000022 -0.000017 -0.000068 -0.000415 -0.000110 -0.007979 0.000040 0.000012 -9.809198 
63.576000 0.001839 -0.001530 0.007372 2.958226 0.013619 1.993850 0.000000 0.000000 0.000000 -0.001444 -0.015780 -0.015246 0.000000 0.000000 0.000000 0.000021 -0.000018 -0.000068 -0.000415 -0.000109 -0.007977 0.000040 0.000012 -9.809198 
63.684000 0.001776 -0.001808 0.007505 2.958191 0.011588 1.991400 0.000000 0.000000 0.000000 -0.002616 -0.017373 -0.017502 0.000000 0.000000 0.000000 0.000020 -0.000019 -0.000067 -0.000414 -0.000108 -0.007974 0.000040 0.000012 -9.809198 
63.788000 0.001443 -0.001699 0.007607 2.958013 0.009534 1.988958 0.000000 0.000000 0.000000 -0.003758 -0.018025 -0.019581 0.000000 0.000000 0.000000 0.000020 -0.000020 -0.000067 -0.000413 -0.000106 -0.007972 0.000040 0.000011 -9.809198 
63.888000 0.001244 -0.001432 0.007753 2.957745 0.007561 1.986369 0.000000 0.000000 0.000000 -0.005092 -0.019321 -0.020036 0.000000 0.000000 0.000000 0.000020 -0.000020 -0.000067 -0.000414 -0.000104 -0.007970 0.000040 0.000011 -9.809198 
63.996000 0.000900 -0.001194 0.007842 2.957149 0.005319 1.983069 0.000000 0.000000 0.000000 -0.006452 -0.020823 -0.019462 0.000000 0.000000 0.000000 0.000020 -0.000020 -0.000066 -0.000413 -0.000101 -0.007965 0.000040 0.000011 -9.809198 
64.096000 0.000701 -0.001104 0.007952 2.956488 0.003039 1.980182 0.000000 0.000000 0.000000 -0.006612 -0.021558 -0.019084 0.000000 0.000000 0.000000 0.000020 -0.000021 -0.000065 -0.000412 -0.000100 -0.007962 0.000040 0.000011 -9.809198 
64.200000 0.000463 -0.000963 0.007989 2.955708 0.000838 1.977795 0.000000 0.000000 0.000000 -0.007220 -0.021893 -0.017953 0.000000 0.000000 0.000000 0.000020 -0.000021 -0.000064 -0.000410 -0.000100 -0.007960 0.000040 0.000011 -9.809198 
64.300000 0.000215 -0.000876 0.008022 2.955108 -0.001366 1.975369 0.000000 0.000000 0.000000 -0.008704 -0.022926 -0.016961 0.000000 0.000000 0.000000 0.000021 -0.000021 -0.000064 -0.000409 -0.000097 -0.007957 0.000040 0.000011 -9.809198 
64.404000 0.000018 -0.000566 0.007970 2.954375 -0.003598 1.973426 0.000000 0.000000 0.000000 -0.009408 -0.022077 -0.014967 0.000000 0.000000 0.000000 0.000021 -0.000022 -0.000063 -0.000410 -0.000096 -0.007956 0.000040 0.000010 -9.809198 
64.508000 -0.000203 0.000107 0.007862 2.953465 -0.005761 1.971681 0.000000 0.000000 0.000000 -0.008793 -0.021038 -0.012359 0.000000 0.000000 0.000000 0.000022 -0.000022 -0.000062 -0.000411 -0.000094 -0.007955 0.000040 0.000010 -9.809198 
64.608000 -0.000598 0.000805 0.007804 2.952681 -0.007759 1.970013 0.000000 0.000000 0.000000 -0.006915 -0.020268 -0.010960 0.000000 0.000000 0.000000 0.000023 -0.000022 -0.000062 -0.000411 -0.000094 -0.007953 0.000040 0.000010 -9.809198 
64.716000 -0.001034 0.001357 0.007806 2.951880 -0.009760 1.968376 0.000000 0.000000 0.000000 -0.005913 -0.019390 -0.010757 0.000000 0.000000 0.000000 0.000024 -0.000022 -0.000061 -0.000412 -0.000092 -0.007951 0.000040 0.000010 -9.809199 
64.816000 -0.001335 0.001456 0.007723 2.951114 -0.011480 1.967082 0.000000 0.000000 0.000000 -0.003384 -0.017363 -0.011240 0.000000 0.000000 0.000000 0.000024 -0.000020 -0.000060 -0.000412 -0.000091 -0.007951 0.000040 0.000010 -9.809199 
64.916000 -0.001381 0.001453 0.007749 2.950650 -0.012953 1.966023 0.000000 0.000000 0.000000 -0.002665 -0.016183 -0.011477 0.000000 0.000000 0.000000 0.000025 -0.000020 -0.000060 -0.000412 -0.000090 -0.007951 0.000040 0.000010 -9.809199 
65.016000 -0.001345 0.001739 0.007736 2.950465 -0.014332 1.964854 0.000000 0.000000 0.000000 -0.000437 -0.013984 -0.011641 0.000000 0.000000 0.000000 0.000026 -0.000019 -0.000059 -0.000413 -0.000090 -0.007951 0.000040 0.000010 -9.809199 
65.124000 -0.001601 0.002282 0.007732 2.950166 -0.015465 1.963363 0.000000 0.000000 0.000000 0.001191 -0.011017 -0.012212 0.000000 0.000000 0.000000 0.000027 -0.000018 -0.000059 -0.000414 -0.000090 -0.007950 0.000040 0.000010 -9.809199 
65.228000 -0.001868 0.002459 0.007670 2.949930 -0.016262 1.961744 0.000000 0.000000 0.000000 0.002871 -0.009259 -0.011679 0.000000 0.000000 0.000000 0.000028 -0.000016 -0.000058 -0.000416 -0.000091 -0.007949 0.000040 0.000010 -9.809199 
65.328000 -0.002167 0.002639 0.007752 2.949894 -0.016879 1.960306 0.000000 0.000000 0.000000 0.004920 -0.007442 -0.010608 0.000000 0.000000 0.000000 0.000028 -0.000014 -0.000058 -0.000417 -0.000091 -0.007948 0.000041 0.000010 -9.809199 
65.428000 -0.002289 0.002821 0.007760 2.950058 -0.017267 1.959068 0.000000 0.000000 0.000000 0.006101 -0.005656 -0.009988 0.000000 0.000000 0.000000 0.000029 -0.000012 -0.000057 -0.000419 -0.000091 -0.007947 0.000041 0.000010 -9.809199 
65.528000 -0.001965 0.002577 0.007724 2.950372 -0.017609 1.957724 0.000000 0.000000 0.000000 0.006976 -0.005338 -0.009119 0.000000 0.000000 0.000000 0.000030 -0.000010 -0.000057 -0.000420 -0.000093 -0.007945 0.000041 0.000010 -9.809199 
65.628000 -0.001492 0.002273 0.007737 2.950855 -0.017628 1.956669 0.000000 0.000000 0.000000 0.010524 -0.003013 -0.008342 0.000000 0.000000 0.000000 0.000032 -0.000009 -0.000057 -0.000420 -0.000092 -0.007945 0.000041 0.000010 -9.809199 
65.728000 -0.001213 0.002238 0.007683 2.951713 -0.017780 1.955798 0.000000 0.000000 0.000000 0.014135 -0.001269 -0.007227 0.000000 0.000000 0.000000 0.000032 -0.000007 -0.000056 -0.000420 -0.000093 -0.007944 0.000041 0.000010 -9.809199 
65.828000 -0.001126 0.002181 0.007606 2.952770 -0.017596 1.954816 0.000000 0.000000 0.000000 0.015098 0.001317 -0.006377 0.000000 0.000000 0.000000 0.000032 -0.000006 -0.000056 -0.000421 -0.000094 -0.007943 0.000041 0.000010 -9.809199 
65.928000 -0.001001 0.002204 0.007519 2.953917 -0.017214 1.953553 0.000000 0.000000 0.000000 0.017475 0.002849 -0.006271 0.000000 0.000000 0.000000 0.000033 -0.000004 -0.000055 -0.000422 -0.000093 -0.007941 0.000041 0.000010 -9.809199 
66.028000 -0.000789 0.002455 0.007405 2.955252 -0.016952 1.952849 0.000000 0.000000 0.000000 0.019737 0.001927 -0.004676 0.000000 0.000000 0.000000 0.000033 -0.000002 -0.000056 -0.000422 -0.000093 -0.007941 0.000041 0.000010 -9.809199 
66.128000 -0.000544 0.002759 0.007311 2.956726 -0.016536 1.952187 0.000000 0.000000 0.000000 0.020951 0.003104 -0.003698 0.000000 0.000000 0.000000 0.000034 0.000001 -0.000055 -0.000422 -0.000094 -0.007940 0.000041 0.000010 -9.809199 
66.228000 -0.000487 0.002558 0.007317 2.958384 -0.016099 1.951290 0.000000 0.000000 0.000000 0.022005 0.003690 -0.003871 0.000000 0.000000 0.000000 0.000035 0.000003 -0.000055 -0.000423 -0.000093 -0.007938 0.000041 0.000010 -9.809199 
66.328000 -0.000809 0.002248 0.007221 2.960075 -0.015540 1.950533 0.000000 0.000000 0.000000 0.024307 0.005193 -0.003536 0.000000 0.000000 0.000000 0.000035 0.000006 -0.000055 -0.000425 -0.000092 -0.007936 0.000041 0.000010 -9.809199 
66.428000 -0.001200 0.001655 0.007138 2.961919 -0.014893 1.949783 0.000000 0.000000 0.000000 0.025553 0.005909 -0.003326 0.000000 0.000000 0.000000 0.000036 0.000009 -0.000056 -0.000427 -0.000091 -0.007935 0.000042 0.000010 -9.809199 
66.532000 -0.001286 0.001231 0.007145 2.963808 -0.014286 1.949006 0.000000 0.000000 0.000000 0.025864 0.006264 -0.004509 0.000000 0.000000 0.000000 0.000036 0.000012 -0.000056 -0.000428 -0.000091 -0.007933 0.000042 0.000010 -9.809199 
66.632000 -0.001087 0.001084 0.007125 2.965642 -0.013531 1.948082 0.000000 0.000000 0.000000 0.025416 0.007612 -0.003829 0.000000 0.000000 0.000000 0.000037 0.000015 -0.000057 -0.000429 -0.000090 -0.007931 0.000042 0.000010 -9.809199 
66.732000 -0.000846 0.000985 0.007120 2.967486 -0.012900 1.947372 0.000000 0.000000 0.000000 0.025486 0.008375 -0.003270 0.000000 0.000000 0.000000 0.000036 0.000018 -0.000058 -0.000429 -0.000089 -0.007930 0.000042 0.000010 -9.809199 
66.832000 -0.000780 0.000745 0.007020 2.969348 -0.012217 1.947021 0.000000 0.000000 0.000000 0.024721 0.009890 -0.003429 0.000000 0.000000 0.000000 0.000035 0.000020 -0.000058 -0.000428 -0.000089 -0.007930 0.000042 0.000010 -9.809199 
66.932000 -0.000751 0.000293 0.007059 2.971306 -0.011340 1.946607 0.000000 0.000000 0.000000 0.025442 0.009678 -0.003180 0.000000 0.000000 0.000000 0.000035 0.000022 -0.000059 -0.000428 -0.000089 -0.007930 0.000042 0.000010 -9.809199 
67.032000 -0.000609 0.000200 0.007011 2.973003 -0.010457 1.946199 0.000000 0.000000 0.000000 0.024959 0.010363 -0.003520 0.000000 0.000000 0.000000 0.000035 0.000026 -0.000060 -0.000427 -0.000088 -0.007930 0.000042 0.000010 -9.809199 
67.136000 -0.000655 -0.000029 0.007077 2.974957 -0.009655 1.945812 0.000000 0.000000 0.000000 0.023922 0.011546 -0.004411 0.000000 0.000000 0.000000 0.000034 0.000028 -0.000060 -0.000427 -0.000087 -0.007930 0.000042 0.000010 -9.809199 
67.236000 -0.000871 -0.000162 0.007201 2.976778 -0.008914 1.944948 0.000000 0.000000 0.000000 0.023210 0.011490 -0.005771 0.000000 0.000000 0.000000 0.000032 0.000030 -0.000060 -0.000426 -0.000086 -0.007929 0.000042 0.000010 -9.809199 
67.340000 -0.000972 -0.000297 0.007190 2.978432 -0.007994 1.943724 0.000000 0.000000 0.000000 0.022014 0.012310 -0.005591 0.000000 0.000000 0.000000 0.000031 0.000032 -0.000060 -0.000426 -0.000087 -0.007926 0.000042 0.000010 -9.809199 
67.444000 -0.001005 -0.000524 0.007255 2.979984 -0.007111 1.942650 0.000000 0.000000 0.000000 0.020022 0.011416 -0.004709 0.000000 0.000000 0.000000 0.000030 0.000035 -0.000059 -0.000426 -0.000088 -0.007925 0.000042 0.000010 -9.809199 
67.544000 -0.000788 -0.000847 0.007339 2.981235 -0.006329 1.941879 0.000000 0.000000 0.000000 0.017511 0.011155 -0.003897 0.000000 0.000000 0.000000 0.000028 0.000038 -0.000059 -0.000427 -0.000087 -0.007923 0.000042 0.000010 -9.809199 
67.648000 -0.000394 -0.001165 0.007345 2.982291 -0.005534 1.941088 0.000000 0.000000 0.000000 0.014529 0.010483 -0.001967 0.000000 0.000000 0.000000 0.000027 0.000040 -0.000058 -0.000427 -0.000087 -0.007922 0.000042 0.000010 -9.809199 
67.748000 -0.000230 -0.001497 0.007397 2.983177 -0.004849 1.940725 0.000000 0.000000 0.000000 0.012074 0.010274 -0.000712 0.000000 0.000000 0.000000 0.000026 0.000042 -0.000058 -0.000427 -0.000086 -0.007921 0.000042 0.000009 -9.809199 
67.848000 -0.000268 -0.001532 0.007381 2.983935 -0.004323 1.941032 0.000000 0.000000 0.000000 0.010515 0.009543 -0.000100 0.000000 0.000000 0.000000 0.000024 0.000043 -0.000057 -0.000424 -0.000086 -0.007922 0.000041 0.000009 -9.809199 
67.948000 -0.000261 -0.001643 0.007328 2.984586 -0.003658 1.940648 0.000000 0.000000 0.000000 0.008581 0.007878 -0.000298 0.000000 0.000000 0.000000 0.000023 0.000044 -0.000057 -0.000424 -0.000085 -0.007921 0.000041 0.000009 -9.809199 
68.048000 -0.000268 -0.001829 0.007277 2.985098 -0.003352 1.940736 0.000000 0.000000 0.000000 0.005482 0.008570 -0.000023 0.000000 0.000000 0.000000 0.000021 0.000045 -0.000057 -0.000423 -0.000084 -0.007921 0.000041 0.000009 -9.809199 
68.148000 -0.000368 -0.001965 0.007212 2.985319 -0.002787 1.940127 0.000000 0.000000 0.000000 0.003281 0.008064 -0.000271 0.000000 0.000000 0.000000 0.000020 0.000046 -0.000055 -0.000423 -0.000085 -0.007919 0.000041 0.000009 -9.809200 
68.248000 -0.000445 -0.002140 0.007215 2.985314 -0.002291 1.939756 0.000000 0.000000 0.000000 0.000583 0.008545 -0.000711 0.000000 0.000000 0.000000 0.000019 0.000047 -0.000054 -0.000423 -0.000084 -0.007918 0.000041 0.000009 -9.809200 
68.352000 -0.000650 -0.002178 0.007207 2.985347 -0.001954 1.939560 0.000000 0.000000 0.000000 -0.001530 0.008074 -0.000667 0.000000 0.000000 0.000000 0.000017 0.000047 -0.000053 -0.000423 -0.000084 -0.007917 0.000041 0.000009 -9.809200 
68.456000 -0.000655 -0.002115 0.007230 2.985260 -0.001412 1.938876 0.000000 0.000000 0.000000 -0.003706 0.008706 -0.001110 0.000000 0.000000 0.000000 0.000016 0.000046 -0.000052 -0.000425 -0.000085 -0.007915 0.000042 0.000009 -9.809200 
68.560000 -0.000653 -0.002343 0.007222 2.985000 -0.000819 1.938328 0.000000 0.000000 0.000000 -0.006409 0.008311 -0.000269 0.000000 0.000000 0.000000 0.000015 0.000046 -0.000051 -0.000427 -0.000084 -0.007913 0.000042 0.000009 -9.809200 
68.660000 -0.000812 -0.002561 0.007209 2.984429 -0.000426 1.937735 0.000000 0.000000 0.000000 -0.007634 0.007638 -0.001062 0.000000 0.000000 0.000000 0.000013 0.000046 -0.000050 -0.000428 -0.000085 -0.007911 0.000042 0.000009 -9.809200 
68.760000 -0.000873 -0.002441 0.007145 2.983755 -0.000087 1.937498 0.000000 0.000000 0.000000 -0.009959 0.008293 -0.000309 0.000000 0.000000 0.000000 0.000012 0.000045 -0.000050 -0.000429 -0.000083 -0.007911 0.000042 0.000009 -9.809200 
68.864000 -0.000989 -0.002308 0.007174 2.982908 0.000485 1.936686 0.000000 0.000000 0.000000 -0.011313 0.009149 -0.001907 0.000000 0.000000 0.000000 0.000011 0.000044 -0.000049 -0.000430 -0.000084 -0.007908 0.000042 0.000009 -9.809200 
68.968000 -0.001145 -0.002400 0.007143 2.981923 0.001225 1.936168 0.000000 0.000000 0.000000 -0.013798 0.010107 -0.003417 0.000000 0.000000 0.000000 0.000010 0.000043 -0.000049 -0.000430 -0.000083 -0.007907 0.000042 0.000009 -9.809200 
69.068000 -0.001298 -0.002646 0.007146 2.980800 0.001780 1.935512 0.000000 0.000000 0.000000 -0.014923 0.010623 -0.003482 0.000000 0.000000 0.000000 0.000008 0.000042 -0.000048 -0.000430 -0.000083 -0.007906 0.000042 0.000009 -9.809200 
69.168000 -0.001402 -0.002923 0.007213 2.979556 0.002527 1.934663 0.000000 0.000000 0.000000 -0.017103 0.011481 -0.005298 0.000000 0.000000 0.000000 0.000007 0.000040 -0.000047 -0.000430 -0.000084 -0.007905 0.000042 0.000009 -9.809200 
69.272000 -0.001550 -0.003195 0.007277 2.978045 0.003041 1.933672 0.000000 0.000000 0.000000 -0.019271 0.012651 -0.005665 0.000000 0.000000 0.000000 0.000004 0.000039 -0.000046 -0.000430 -0.000084 -0.007903 0.000042 0.000009 -9.809200 
69.372000 -0.001636 -0.003228 0.007392 2.976416 0.003903 1.932978 0.000000 0.000000 0.000000 -0.021168 0.014490 -0.005588 0.000000 0.000000 0.000000 0.000003 0.000038 -0.000045 -0.000431 -0.000082 -0.007903 0.000042 0.000009 -9.809200 
69.476000 -0.001595 -0.003139 0.007432 2.974502 0.004738 1.931975 0.000000 0.000000 0.000000 -0.022148 0.014323 -0.006280 0.000000 0.000000 0.000000 -0.000000 0.000036 -0.000044 -0.000430 -0.000083 -0.007901 0.000042 0.000009 -9.809200 
69.576000 -0.001748 -0.003058 0.007490 2.972415 0.005778 1.931187 0.000000 0.000000 0.000000 -0.023943 0.016542 -0.007997 0.000000 0.000000 0.000000 -0.000002 0.000036 -0.000042 -0.000431 -0.000082 -0.007901 0.000042 0.000009 -9.809200 
69.684000 -0.001549 -0.002955 0.007476 2.970267 0.007013 1.930167 0.000000 0.000000 0.000000 -0.025829 0.018205 -0.008743 0.000000 0.000000 0.000000 -0.000004 0.000034 -0.000042 -0.000432 -0.000080 -0.007901 0.000042 0.000009 -9.809200 
69.784000 -0.001348 -0.003107 0.007415 2.967839 0.008092 1.929359 0.000000 0.000000 0.000000 -0.027787 0.018682 -0.009886 0.000000 0.000000 0.000000 -0.000006 0.000033 -0.000040 -0.000432 -0.000079 -0.007901 0.000042 0.000009 -9.809200 
69.888000 -0.001234 -0.002987 0.007365 2.965331 0.009336 1.928700 0.000000 0.000000 0.000000 -0.029553 0.018517 -0.010983 0.000000 0.000000 0.000000 -0.000008 0.000031 -0.000039 -0.000432 -0.000077 -0.007902 0.000042 0.000009 -9.809200 
69.992000 -0.000934 -0.002849 0.007302 2.962635 0.010621 1.927555 0.000000 0.000000 0.000000 -0.031096 0.018803 -0.010707 0.000000 0.000000 0.000000 -0.000010 0.000030 -0.000038 -0.000433 -0.000076 -0.007902 0.000042 0.000009 -9.809200 
70.096000 -0.000836 -0.002905 0.007355 2.959606 0.011908 1.926558 0.000000 0.000000 0.000000 -0.032690 0.018517 -0.010350 0.000000 0.000000 0.000000 -0.000013 0.000028 -0.000036 -0.000433 -0.000076 -0.007903 0.000042 0.000009 -9.809200 
70.196000 -0.000974 -0.002848 0.007279 2.956750 0.013242 1.925834 0.000000 0.000000 0.000000 -0.034659 0.018529 -0.010093 0.000000 0.000000 0.000000 -0.000015 0.000027 -0.000035 -0.000433 -0.000076 -0.007904 0.000042 0.000009 -9.809200 
70.296000 -0.001088 -0.002850 0.007266 2.953601 0.014343 1.924855 0.000000 0.000000 0.000000 -0.037504 0.018312 -0.008504 0.000000 0.000000 0.000000 -0.000017 0.000025 -0.000035 -0.000434 -0.000074 -0.007904 0.000042 0.000008 -9.809200 
70.400000 -0.001046 -0.002990 0.007278 2.949980 0.015635 1.923973 0.000000 0.000000 0.000000 -0.038154 0.016808 -0.006646 0.000000 0.000000 0.000000 -0.000019 0.000024 -0.000034 -0.000435 -0.000075 -0.007904 0.000043 0.000008 -9.809200 
70.504000 -0.000888 -0.003025 0.007275 2.946421 0.016704 1.923750 0.000000 0.000000 0.000000 -0.038766 0.016502 -0.005558 0.000000 0.000000 0.000000 -0.000022 0.000023 -0.000034 -0.000436 -0.000076 -0.007905 0.000043 0.000009 -9.809200 
70.608000 -0.000621 -0.003120 0.007227 2.942736 0.017682 1.923145 0.000000 0.000000 0.000000 -0.040301 0.015511 -0.005407 0.000000 0.000000 0.000000 -0.000024 0.000021 -0.000032 -0.000437 -0.000076 -0.007905 0.000043 0.000009 -9.809200 
70.708000 -0.000100 -0.003484 0.007224 2.938937 0.018832 1.923083 0.000000 0.000000 0.000000 -0.042459 0.014492 -0.004399 0.000000 0.000000 0.000000 -0.000026 0.000020 -0.000032 -0.000437 -0.000076 -0.007906 0.000043 0.000009 -9.809200 
70.808000 0.000160 -0.003591 0.007269 2.934788 0.019829 1.922752 0.000000 0.000000 0.000000 -0.044005 0.013416 -0.002032 0.000000 0.000000 0.000000 -0.000027 0.000020 -0.000031 -0.000437 -0.000075 -0.007906 0.000043 0.000008 -9.809200 
70.908000 0.000285 -0.003615 0.007337 2.930801 0.020838 1.922482 0.000000 0.000000 0.000000 -0.043944 0.012513 -0.000699 0.000000 0.000000 0.000000 -0.000028 0.000018 -0.000030 -0.000439 -0.000076 -0.007906 0.000043 0.000009 -9.809200 
71.008000 0.000345 -0.003727 0.007393 2.926642 0.021700 1.922372 0.000000 0.000000 0.000000 -0.044989 0.011752 0.000812 0.000000 0.000000 0.000000 -0.000030 0.000018 -0.000029 -0.000441 -0.000077 -0.007905 0.000043 0.000009 -9.809200 
71.108000 0.000247 -0.003584 0.007408 2.922263 0.022539 1.922325 0.000000 0.000000 0.000000 -0.047746 0.010568 0.001734 0.000000 0.000000 0.000000 -0.000031 0.000017 -0.000029 -0.000442 -0.000078 -0.007905 0.000043 0.000009 -9.809200 
71.208000 0.000157 -0.003426 0.007360 2.917561 0.023413 1.922800 0.000000 0.000000 0.000000 -0.049260 0.008989 0.002310 0.000000 0.000000 0.000000 -0.000032 0.000016 -0.000029 -0.000443 -0.000078 -0.007906 0.000043 0.000009 -9.809200 
71.308000 0.000162 -0.003243 0.007219 2.912804 0.023933 1.923057 0.000000 0.000000 0.000000 -0.051174 0.008474 0.003269 0.000000 0.000000 0.000000 -0.000033 0.000016 -0.000029 -0.000443 -0.000079 -0.007905 0.000043 0.000009 -9.809200 
71.408000 0.000080 -0.003274 0.007193 2.907872 0.024582 1.923347 0.000000 0.000000 0.000000 -0.051898 0.008473 0.004422 0.000000 0.000000 0.000000 -0.000034 0.000015 -0.000029 -0.000444 -0.000079 -0.007905 0.000043 0.000009 -9.809200 
71.508000 0.000075 -0.002975 0.007212 2.903007 0.025312 1.923565 0.000000 0.000000 0.000000 -0.052061 0.008259 0.005976 0.000000 0.000000 0.000000 -0.000034 0.000014 -0.000029 -0.000445 -0.000080 -0.007904 0.000043 0.000009 -9.809200 
71.608000 0.000204 -0.002826 0.007266 2.897982 0.026128 1.924048 0.000000 0.000000 0.000000 -0.054154 0.007564 0.006856 0.000000 0.000000 0.000000 -0.000035 0.000013 -0.000028 -0.000445 -0.000082 -0.007903 0.000043 0.000009 -9.809200 
71.708000 0.000503 -0.003133 0.007312 2.892775 0.026944 1.925043 0.000000 0.000000 0.000000 -0.054595 0.006942 0.007895 0.000000 0.000000 0.000000 -0.000034 0.000012 -0.000028 -0.000445 -0.000081 -0.007904 0.000043 0.000009 -9.809200 
71.808000 0.000609 -0.003345 0.007334 2.887575 0.027747 1.926256 0.000000 0.000000 0.000000 -0.055381 0.006356 0.009383 0.000000 0.000000 0.000000 -0.000033 0.000011 -0.000027 -0.000445 -0.000080 -0.007906 0.000043 0.000009 -9.809200 
71.908000 0.000462 -0.003387 0.007360 2.882297 0.028363 1.927572 0.000000 0.000000 0.000000 -0.056093 0.006179 0.010647 0.000000 0.000000 0.000000 -0.000034 0.000010 -0.000027 -0.000445 -0.000081 -0.007907 0.000043 0.000009 -9.809200 
72.016000 0.000349 -0.003217 0.007352 2.876302 0.029157 1.929382 0.000000 0.000000 0.000000 -0.057008 0.005526 0.011750 0.000000 0.000000 0.000000 -0.000033 0.000009 -0.000027 -0.000444 -0.000080 -0.007909 0.000043 0.000009 -9.809200 
72.116000 0.000338 -0.003052 0.007377 2.870812 0.029709 1.930643 0.000000 0.000000 0.000000 -0.058763 0.004995 0.011924 0.000000 0.000000 0.000000 -0.000033 0.000008 -0.000026 -0.000445 -0.000079 -0.007909 0.000043 0.000009 -9.809200 
72.216000 0.000473 -0.002932 0.007370 2.865029 0.030212 1.931420 0.000000 0.000000 0.000000 -0.058547 0.004050 0.013023 0.000000 0.000000 0.000000 -0.000033 0.000008 -0.000025 -0.000446 -0.000079 -0.007908 0.000043 0.000009 -9.809200 
72.316000 0.000674 -0.002507 0.007292 2.859268 0.030647 1.933106 0.000000 0.000000 0.000000 -0.058750 0.003769 0.013838 0.000000 0.000000 0.000000 -0.000033 0.000007 -0.000025 -0.000446 -0.000079 -0.007909 0.000043 0.000009 -9.809200 
72.416000 0.000924 -0.001928 0.007190 2.853634 0.031116 1.934267 0.000000 0.000000 0.000000 -0.059101 0.003224 0.013525 0.000000 0.000000 0.000000 -0.000032 0.000006 -0.000023 -0.000444 -0.000080 -0.007908 0.000043 0.000009 -9.809200 
72.516000 0.000947 -0.001793 0.007078 2.847814 0.031415 1.935074 0.000000 0.000000 0.000000 -0.059615 0.001591 0.014497 0.000000 0.000000 0.000000 -0.000032 0.000006 -0.000022 -0.000445 -0.000080 -0.007906 0.000043 0.000009 -9.809200 
72.624000 0.000697 -0.001786 0.006900 2.841727 0.031616 1.936648 0.000000 0.000000 0.000000 -0.059276 0.001274 0.013705 0.000000 0.000000 0.000000 -0.000032 0.000005 -0.000021 -0.000444 -0.000081 -0.007906 0.000043 0.000009 -9.809200 
72.728000 0.000585 -0.001426 0.006802 2.835837 0.031807 1.937862 0.000000 0.000000 0.000000 -0.058455 0.000153 0.013467 0.000000 0.000000 0.000000 -0.000032 0.000004 -0.000020 -0.000443 -0.000081 -0.007905 0.000043 0.000009 -9.809200 
72.832000 0.000555 -0.001050 0.006700 2.830074 0.031950 1.938915 0.000000 0.000000 0.000000 -0.057267 -0.000485 0.012560 0.000000 0.000000 0.000000 -0.000031 0.000003 -0.000019 -0.000443 -0.000082 -0.007904 0.000043 0.000009 -9.809200 
72.936000 0.000807 -0.000649 0.006608 2.824357 0.031877 1.939746 0.000000 0.000000 0.000000 -0.055803 -0.002002 0.012657 0.000000 0.000000 0.000000 -0.000031 0.000002 -0.000017 -0.000443 -0.000083 -0.007903 0.000043 0.000009 -9.809200 
73.036000 0.001169 -0.000290 0.006504 2.819024 0.031879 1.940027 0.000000 0.000000 0.000000 -0.055117 -0.002685 0.012426 0.000000 0.000000 0.000000 -0.000030 0.000002 -0.000016 -0.000443 -0.000083 -0.007899 0.000043 0.000009 -9.809200 
73.136000 0.001559 0.000252 0.006501 2.813916 0.031888 1.940118 0.000000 0.000000 0.000000 -0.053627 -0.002645 0.012077 0.000000 0.000000 0.000000 -0.000029 0.000001 -0.000015 -0.000445 -0.000083 -0.007894 0.000044 0.000009 -9.809200 
73.236000 0.001598 0.000751 0.006545 2.808871 0.031793 1.940295 0.000000 0.000000 0.000000 -0.050153 -0.002927 0.012567 0.000000 0.000000 0.000000 -0.000029 0.000001 -0.000014 -0.000447 -0.000084 -0.007890 0.000044 0.000009 -9.809200 
73.336000 0.001483 0.001178 0.006555 2.804240 0.031638 1.941320 0.000000 0.000000 0.000000 -0.047323 -0.003835 0.012918 0.000000 0.000000 0.000000 -0.000028 -0.000000 -0.000013 -0.000446 -0.000083 -0.007890 0.000044 0.000009 -9.809200 
73.440000 0.001417 0.001890 0.006589 2.799742 0.031305 1.942457 0.000000 0.000000 0.000000 -0.044924 -0.005528 0.013312 0.000000 0.000000 0.000000 -0.000027 -0.000001 -0.000011 -0.000447 -0.000083 -0.007889 0.000044 0.000009 -9.809200 
73.544000 0.001499 0.002523 0.006615 2.795738 0.030623 1.943461 0.000000 0.000000 0.000000 -0.038768 -0.008454 0.014052 0.000000 0.000000 0.000000 -0.000027 -0.000002 -0.000010 -0.000447 -0.000083 -0.007887 0.000044 0.000009 -9.809200 
73.648000 0.001712 0.002872 0.006653 2.792175 0.029926 1.944782 0.000000 0.000000 0.000000 -0.034413 -0.009674 0.016128 0.000000 0.000000 0.000000 -0.000026 -0.000003 -0.000009 -0.000450 -0.000083 -0.007886 0.000044 0.000009 -9.809200 
73.748000 0.001763 0.002984 0.006613 2.789218 0.029263 1.946407 0.000000 0.000000 0.000000 -0.029763 -0.009556 0.019212 0.000000 0.000000 0.000000 -0.000025 -0.000003 -0.000008 -0.000452 -0.000084 -0.007886 0.000044 0.000009 -9.809200 
73.848000 0.001903 0.003396 0.006590 2.786749 0.028406 1.948214 0.000000 0.000000 0.000000 -0.024519 -0.010637 0.020809 0.000000 0.000000 0.000000 -0.000025 -0.000004 -0.000007 -0.000454 -0.000083 -0.007885 0.000044 0.000009 -9.809200 
73.948000 0.002179 0.004022 0.006598 2.784883 0.027552 1.950603 0.000000 0.000000 0.000000 -0.020680 -0.011980 0.022763 0.000000 0.000000 0.000000 -0.000024 -0.000005 -0.000006 -0.000455 -0.000083 -0.007886 0.000044 0.000009 -9.809200 
74.048000 0.002283 0.004261 0.006626 2.783125 0.026439 1.952818 0.000000 0.000000 0.000000 -0.016146 -0.013549 0.024131 0.000000 0.000000 0.000000 -0.000023 -0.000005 -0.000005 -0.000456 -0.000084 -0.007885 0.000045 0.000009 -9.809200 
74.148000 0.002146 0.004524 0.006626 2.781946 0.025232 1.955049 0.000000 0.000000 0.000000 -0.011186 -0.015050 0.025257 0.000000 0.000000 0.000000 -0.000022 -0.000006 -0.000005 -0.000458 -0.000084 -0.007884 0.000045 0.000009 -9.809200 
74.248000 0.001932 0.004552 0.006613 2.781190 0.023891 1.957119 0.000000 0.000000 0.000000 -0.006037 -0.016570 0.024378 0.000000 0.000000 0.000000 -0.000021 -0.000006 -0.000004 -0.000458 -0.000084 -0.007883 0.000045 0.000009 -9.809200 
74.348000 0.001742 0.004680 0.006584 2.780986 0.022401 1.958984 0.000000 0.000000 0.000000 -0.000816 -0.016300 0.023825 0.000000 0.000000 0.000000 -0.000021 -0.000007 -0.000003 -0.000459 -0.000085 -0.007881 0.000045 0.000009 -9.809200 
74.448000 0.001403 0.004791 0.006573 2.781209 0.020980 1.960851 0.000000 0.000000 0.000000 0.003198 -0.017205 0.021531 0.000000 0.000000 0.000000 -0.000020 -0.000007 -0.000002 -0.000461 -0.000086 -0.007879 0.000045 0.000009 -9.809201 
74.548000 0.001241 0.004618 0.006551 2.781763 0.019363 1.963253 0.000000 0.000000 0.000000 0.006735 -0.019157 0.021137 0.000000 0.000000 0.000000 -0.000019 -0.000007 -0.000002 -0.000461 -0.000085 -0.007880 0.000045 0.000009 -9.809200 
74.648000 0.000892 0.004573 0.006471 2.782790 0.017472 1.965824 0.000000 0.000000 0.000000 0.011136 -0.019567 0.019061 0.000000 0.000000 0.000000 -0.000019 -0.000007 -0.000001 -0.000461 -0.000083 -0.007882 0.000045 0.000009 -9.809200 
74.756000 0.000854 0.004309 0.006444 2.784376 0.015461 1.967925 0.000000 0.000000 0.000000 0.016704 -0.020277 0.017554 0.000000 0.000000 0.000000 -0.000018 -0.000008 -0.000000 -0.000461 -0.000081 -0.007883 0.000045 0.000009 -9.809200 
74.856000 0.001097 0.004111 0.006371 2.786374 0.013711 1.969877 0.000000 0.000000 0.000000 0.021199 -0.020574 0.015646 0.000000 0.000000 0.000000 -0.000017 -0.000008 0.000001 -0.000462 -0.000080 -0.007884 0.000045 0.000009 -9.809200 
74.956000 0.000938 0.003917 0.006367 2.788793 0.011643 1.971309 0.000000 0.000000 0.000000 0.025866 -0.021756 0.014634 0.000000 0.000000 0.000000 -0.000017 -0.000008 0.000002 -0.000463 -0.000080 -0.007883 0.000045 0.000009 -9.809200 
75.060000 0.000586 0.003689 0.006376 2.791748 0.009721 1.972086 0.000000 0.000000 0.000000 0.027463 -0.022206 0.011725 0.000000 0.000000 0.000000 -0.000015 -0.000009 0.000003 -0.000464 -0.000081 -0.007881 0.000045 0.000009 -9.809200 
75.160000 0.000098 0.003533 0.006434 2.794720 0.007903 1.972441 0.000000 0.000000 0.000000 0.030400 -0.021105 0.007753 0.000000 0.000000 0.000000 -0.000014 -0.000009 0.000003 -0.000465 -0.000080 -0.007879 0.000045 0.000009 -9.809201 
75.260000 -0.000099 0.003304 0.006376 2.798011 0.005989 1.972640 0.000000 0.000000 0.000000 0.033212 -0.020499 0.005359 0.000000 0.000000 0.000000 -0.000014 -0.000009 0.000003 -0.000465 -0.000082 -0.007877 0.000045 0.000009 -9.809201 
75.360000 -0.000249 0.003060 0.006382 2.801465 0.004568 1.972562 0.000000 0.000000 0.000000 0.035726 -0.019462 0.002217 0.000000 0.000000 0.000000 -0.000011 -0.000009 0.000003 -0.000466 -0.000081 -0.007875 0.000046 0.000009 -9.809201 
75.464000 -0.000248 0.002655 0.006346 2.805343 0.002808 1.971867 0.000000 0.000000 0.000000 0.038160 -0.018139 -0.001569 0.000000 0.000000 0.000000 -0.000011 -0.000009 0.000003 -0.000466 -0.000082 -0.007872 0.000046 0.000009 -9.809201 
75.564000 -0.000362 0.002333 0.006401 2.809327 0.001307 1.970795 0.000000 0.000000 0.000000 0.039784 -0.017009 -0.003805 0.000000 0.000000 0.000000 -0.000010 -0.000009 0.000002 -0.000467 -0.000082 -0.007869 0.000046 0.000009 -9.809201 
75.664000 -0.000622 0.001772 0.006385 2.813134 0.000193 1.969993 0.000000 0.000000 0.000000 0.039315 -0.015822 -0.006534 0.000000 0.000000 0.000000 -0.000008 -0.000009 0.000003 -0.000466 -0.000082 -0.007868 0.000046 0.000009 -9.809201 
75.764000 -0.000825 0.001389 0.006464 2.817057 -0.001043 1.969098 0.000000 0.000000 0.000000 0.039830 -0.014155 -0.008342 0.000000 0.000000 0.000000 -0.000007 -0.000008 0.000003 -0.000467 -0.000082 -0.007868 0.000046 0.000009 -9.809201 
75.868000 -0.001097 0.000956 0.006560 2.821069 -0.001964 1.968022 0.000000 0.000000 0.000000 0.039976 -0.012022 -0.010628 0.000000 0.000000 0.000000 -0.000006 -0.000008 0.000004 -0.000466 -0.000081 -0.007867 0.000046 0.000009 -9.809201 
75.968000 -0.001334 0.000594 0.006579 2.825015 -0.002786 1.966759 0.000000 0.000000 0.000000 0.040644 -0.009731 -0.012691 0.000000 0.000000 0.000000 -0.000005 -0.000008 0.000004 -0.000466 -0.000081 -0.007867 0.000046 0.000009 -9.809201 
76.068000 -0.001696 0.000344 0.006549 2.829086 -0.003586 1.965512 0.000000 0.000000 0.000000 0.040324 -0.008470 -0.014199 0.000000 0.000000 0.000000 -0.000004 -0.000007 0.000004 -0.000467 -0.000082 -0.007867 0.000046 0.000009 -9.809201 
76.168000 -0.001835 0.000406 0.006515 2.832905 -0.004148 1.964076 0.000000 0.000000 0.000000 0.039462 -0.005611 -0.015913 0.000000 0.000000 0.000000 -0.000004 -0.000007 0.000004 -0.000467 -0.000083 -0.007867 0.000046 0.000009 -9.809201 
76.272000 -0.001756 0.000406 0.006521 2.836795 -0.004563 1.962181 0.000000 0.000000 0.000000 0.037425 -0.003902 -0.018172 0.000000 0.000000 0.000000 -0.000004 -0.000006 0.000003 -0.000468 -0.000083 -0.007867 0.000046 0.000009 -9.809201 
76.376000 -0.001791 0.000011 0.006444 2.840632 -0.004831 1.960066 0.000000 0.000000 0.000000 0.035896 -0.002205 -0.019384 0.000000 0.000000 0.000000 -0.000004 -0.000006 0.000003 -0.000469 -0.000083 -0.007866 0.000046 0.000009 -9.809201 
76.476000 -0.001748 -0.000417 0.006396 2.844003 -0.004907 1.958026 0.000000 0.000000 0.000000 0.034901 0.000262 -0.019923 0.000000 0.000000 0.000000 -0.000003 -0.000005 0.000002 -0.000469 -0.000083 -0.007866 0.000046 0.000009 -9.809201 
76.576000 -0.001858 -0.000554 0.006227 2.847159 -0.004541 1.956088 0.000000 0.000000 0.000000 0.033474 0.001941 -0.019974 0.000000 0.000000 0.000000 -0.000002 -0.000004 0.000002 -0.000470 -0.000083 -0.007866 0.000046 0.000009 -9.809201 
76.680000 -0.001864 -0.000639 0.006097 2.850340 -0.004057 1.954075 0.000000 0.000000 0.000000 0.031098 0.004237 -0.020333 0.000000 0.000000 0.000000 -0.000002 -0.000004 0.000001 -0.000470 -0.000083 -0.007866 0.000046 0.000009 -9.809201 
76.780000 -0.001931 -0.000839 0.006066 2.852992 -0.003399 1.952157 0.000000 0.000000 0.000000 0.028964 0.004718 -0.022007 0.000000 0.000000 0.000000 -0.000002 -0.000003 0.000000 -0.000470 -0.000083 -0.007867 0.000046 0.000009 -9.809201 
76.888000 -0.001940 -0.000931 0.006049 2.855858 -0.002730 1.949786 0.000000 0.000000 0.000000 0.027021 0.006327 -0.022126 0.000000 0.000000 0.000000 -0.000001 -0.000002 0.000000 -0.000470 -0.000083 -0.007867 0.000046 0.000009 -9.809201 
76.988000 -0.001689 -0.001008 0.005964 2.858285 -0.001907 1.947486 0.000000 0.000000 0.000000 0.025278 0.008637 -0.023134 0.000000 0.000000 0.000000 -0.000001 -0.000001 -0.000000 -0.000471 -0.000083 -0.007867 0.000046 0.000009 -9.809201 
77.088000 -0.001705 -0.000938 0.005944 2.860472 -0.001046 1.945049 0.000000 0.000000 0.000000 0.022693 0.010138 -0.023766 0.000000 0.000000 0.000000 -0.000001 -0.000001 -0.000001 -0.000471 -0.000084 -0.007866 0.000046 0.000009 -9.809201 
77.188000 -0.001604 -0.001021 0.005972 2.862576 0.000077 1.942583 0.000000 0.000000 0.000000 0.021009 0.012104 -0.024243 0.000000 0.000000 0.000000 -0.000001 -0.000000 -0.000001 -0.000471 -0.000085 -0.007866 0.000046 0.000009 -9.809201 
77.288000 -0.001733 -0.000935 0.006020 2.864294 0.001367 1.940085 0.000000 0.000000 0.000000 0.018686 0.012938 -0.025196 0.000000 0.000000 0.000000 -0.000001 0.000001 -0.000001 -0.000472 -0.000085 -0.007866 0.000046 0.000009 -9.809201 
77.388000 -0.001994 -0.000794 0.006126 2.866003 0.002691 1.937426 0.000000 0.000000 0.000000 0.017449 0.013617 -0.025159 0.000000 0.000000 0.000000 -0.000001 0.000001 -0.000001 -0.000473 -0.000086 -0.007866 0.000046 0.000009 -9.809201 
77.488000 -0.002028 -0.000830 0.006215 2.867635 0.004069 1.934867 0.000000 0.000000 0.000000 0.015943 0.014549 -0.025108 0.000000 0.000000 0.000000 -0.000001 0.000002 -0.000002 -0.000474 -0.000086 -0.007865 0.000046 0.000010 -9.809201 
77.588000 -0.002230 -0.000886 0.006266 2.869020 0.005807 1.932444 0.000000 0.000000 0.000000 0.014781 0.016678 -0.024996 0.000000 0.000000 0.000000 -0.000001 0.000002 -0.000002 -0.000474 -0.000087 -0.007866 0.000046 0.000010 -9.809201 
77.688000 -0.001929 -0.000943 0.006254 2.870391 0.007536 1.930144 0.000000 0.000000 0.000000 0.013117 0.019515 -0.023212 0.000000 0.000000 0.000000 -0.000001 0.000002 -0.000002 -0.000474 -0.000088 -0.007866 0.000046 0.000010 -9.809201 
77.792000 -0.001599 -0.000773 0.006281 2.871703 0.009658 1.927604 0.000000 0.000000 0.000000 0.012512 0.020849 -0.022294 0.000000 0.000000 0.000000 -0.000001 0.000003 -0.000002 -0.000475 -0.000090 -0.007866 0.000047 0.000010 -9.809201 
77.896000 -0.001226 -0.000475 0.006215 2.873161 0.011878 1.925322 0.000000 0.000000 0.000000 0.011655 0.020876 -0.020962 0.000000 0.000000 0.000000 -0.000001 0.000002 -0.000003 -0.000477 -0.000090 -0.007866 0.000047 0.000010 -9.809201 
77.996000 -0.001110 -0.000309 0.006112 2.874367 0.013975 1.923457 0.000000 0.000000 0.000000 0.010967 0.021705 -0.018981 0.000000 0.000000 0.000000 -0.000002 0.000002 -0.000003 -0.000477 -0.000090 -0.007866 0.000047 0.000010 -9.809201 
78.104000 -0.001042 -0.000332 0.005979 2.875447 0.016379 1.921571 0.000000 0.000000 0.000000 0.010041 0.022050 -0.015760 0.000000 0.000000 0.000000 -0.000002 0.000002 -0.000004 -0.000478 -0.000091 -0.007866 0.000047 0.000010 -9.809201 
78.208000 -0.000806 -0.000090 0.005917 2.876478 0.018658 1.920063 0.000000 0.000000 0.000000 0.009700 0.020649 -0.013272 0.000000 0.000000 0.000000 -0.000002 0.000003 -0.000005 -0.000479 -0.000091 -0.007866 0.000047 0.000010 -9.809201 
78.312000 -0.000744 0.000137 0.005869 2.877422 0.020851 1.918837 0.000000 0.000000 0.000000 0.008322 0.020503 -0.010201 0.000000 0.000000 0.000000 -0.000001 0.000003 -0.000005 -0.000481 -0.000091 -0.007866 0.000047 0.000010 -9.809201 
78.412000 -0.000922 -0.000020 0.005908 2.878344 0.022891 1.917864 0.000000 0.000000 0.000000 0.008582 0.019846 -0.008002 0.000000 0.000000 0.000000 -0.000001 0.000003 -0.000006 -0.000483 -0.000091 -0.007866 0.000047 0.000010 -9.809201 
78.512000 -0.000922 -0.000233 0.005907 2.879255 0.024887 1.917256 0.000000 0.000000 0.000000 0.008544 0.019436 -0.005356 0.000000 0.000000 0.000000 -0.000001 0.000003 -0.000006 -0.000484 -0.000091 -0.007866 0.000047 0.000010 -9.809201 
78.616000 -0.000770 -0.000084 0.005878 2.880182 0.026939 1.916934 0.000000 0.000000 0.000000 0.008196 0.019400 -0.002775 0.000000 0.000000 0.000000 -0.000002 0.000003 -0.000007 -0.000485 -0.000091 -0.007866 0.000047 0.000010 -9.809201 
78.716000 -0.000408 -0.000131 0.005995 2.881027 0.028910 1.916511 0.000000 0.000000 0.000000 0.007890 0.019894 -0.001110 0.000000 0.000000 0.000000 -0.000002 0.000003 -0.000007 -0.000484 -0.000092 -0.007866 0.000047 0.000010 -9.809201 
78.816000 0.000008 -0.000227 0.006071 2.881888 0.030998 1.916442 0.000000 0.000000 0.000000 0.008512 0.019288 -0.000010 0.000000 0.000000 0.000000 -0.000001 0.000003 -0.000007 -0.000485 -0.000092 -0.007866 0.000047 0.000010 -9.809201 
78.916000 0.000579 -0.000293 0.006124 2.882594 0.032813 1.916857 0.000000 0.000000 0.000000 0.008430 0.018632 0.002330 0.000000 0.000000 0.000000 -0.000002 0.000003 -0.000007 -0.000485 -0.000093 -0.007867 0.000047 0.000010 -9.809201 
79.016000 0.000732 -0.000030 0.006157 2.883420 0.034773 1.917475 0.000000 0.000000 0.000000 0.008590 0.018382 0.003758 0.000000 0.000000 0.000000 -0.000001 0.000003 -0.000008 -0.000485 -0.000093 -0.007868 0.000047 0.000010 -9.809201 
79.120000 0.000416 0.000200 0.006166 2.884288 0.036728 1.918210 0.000000 0.000000 0.000000 0.007718 0.018143 0.005090 0.000000 0.000000 0.000000 -0.000001 0.000003 -0.000008 -0.000485 -0.000095 -0.007869 0.000047 0.000010 -9.809201 
79.224000 0.000107 -0.000035 0.006057 2.885118 0.038956 1.919037 0.000000 0.000000 0.000000 0.006397 0.017850 0.004928 0.000000 0.000000 0.000000 -0.000000 0.000002 -0.000009 -0.000485 -0.000094 -0.007870 0.000047 0.000010 -9.809201 
79.324000 -0.000102 -0.000277 0.005986 2.885802 0.041007 1.919867 0.000000 0.000000 0.000000 0.006132 0.017294 0.005104 0.000000 0.000000 0.000000 0.000001 0.000002 -0.000009 -0.000484 -0.000092 -0.007871 0.000047 0.000010 -9.809201 
79.428000 -0.000168 -0.000450 0.005993 2.886442 0.042962 1.920741 0.000000 0.000000 0.000000 0.005757 0.016004 0.005333 0.000000 0.000000 0.000000 0.000002 0.000002 -0.000010 -0.000482 -0.000091 -0.007873 0.000047 0.000010 -9.809201 
79.528000 -0.000120 -0.000654 0.006035 2.887270 0.044689 1.921633 0.000000 0.000000 0.000000 0.006207 0.016667 0.006148 0.000000 0.000000 0.000000 0.000003 0.000001 -0.000010 -0.000481 -0.000090 -0.007874 0.000047 0.000010 -9.809201 
79.632000 -0.000169 -0.000762 0.006006 2.887710 0.046650 1.922473 0.000000 0.000000 0.000000 0.004020 0.016857 0.005781 0.000000 0.000000 0.000000 0.000003 0.000001 -0.000011 -0.000480 -0.000090 -0.007875 0.000047 0.000010 -9.809201 
79.732000 0.000157 -0.000848 0.006046 2.888088 0.048389 1.923371 0.000000 0.000000 0.000000 0.002820 0.017185 0.004874 0.000000 0.000000 0.000000 0.000004 0.000000 -0.000011 -0.000479 -0.000089 -0.007876 0.000047 0.000010 -9.809201 
79.832000 0.000477 -0.000654 0.006119 2.888346 0.049976 1.924255 0.000000 0.000000 0.000000 0.001931 0.016377 0.005164 0.000000 0.000000 0.000000 0.000003 -0.000000 -0.000011 -0.000478 -0.000088 -0.007877 0.000047 0.000010 -9.809201 
79.932000 0.000394 -0.000417 0.006179 2.888512 0.051707 1.925009 0.000000 0.000000 0.000000 -0.000167 0.015865 0.004470 0.000000 0.000000 0.000000 0.000004 -0.000001 -0.000011 -0.000477 -0.000088 -0.007878 0.000047 0.000010 -9.809201 
80.032000 0.000274 -0.000501 0.006116 2.888553 0.053218 1.925685 0.000000 0.000000 0.000000 -0.001198 0.015183 0.004572 0.000000 0.000000 0.000000 0.000004 -0.000001 -0.000011 -0.000476 -0.000087 -0.007879 0.000047 0.000010 -9.809201 
80.136000 0.000454 -0.000938 0.006028 2.888536 0.054660 1.926321 0.000000 0.000000 0.000000 -0.001755 0.013426 0.003931 0.000000 0.000000 0.000000 0.000004 -0.000002 -0.000011 -0.000474 -0.000086 -0.007880 0.000046 0.000010 -9.809201 
80.240000 0.000516 -0.001030 0.005967 2.888405 0.055958 1.927146 0.000000 0.000000 0.000000 -0.002409 0.011168 0.005446 0.000000 0.000000 0.000000 0.000004 -0.000003 -0.000011 -0.000473 -0.000086 -0.007881 0.000046 0.000010 -9.809200 
80.340000 0.000648 -0.000884 0.005877 2.888266 0.057086 1.927955 0.000000 0.000000 0.000000 -0.004158 0.009757 0.006224 0.000000 0.000000 0.000000 0.000004 -0.000003 -0.000011 -0.000472 -0.000086 -0.007882 0.000046 0.000010 -9.809200 
80.444000 0.000966 -0.000813 0.005871 2.888084 0.057888 1.928910 0.000000 0.000000 0.000000 -0.004761 0.009371 0.006244 0.000000 0.000000 0.000000 0.000004 -0.000005 -0.000010 -0.000471 -0.000085 -0.007883 0.000046 0.000009 -9.809200 
80.544000 0.001173 -0.000920 0.005866 2.887816 0.058586 1.929734 0.000000 0.000000 0.000000 -0.005595 0.007256 0.005509 0.000000 0.000000 0.000000 0.000003 -0.000006 -0.000010 -0.000470 -0.000086 -0.007884 0.000046 0.000009 -9.809200 
80.644000 0.001362 -0.000839 0.005853 2.887413 0.059187 1.930594 0.000000 0.000000 0.000000 -0.005759 0.006019 0.004836 0.000000 0.000000 0.000000 0.000003 -0.000006 -0.000010 -0.000469 -0.000085 -0.007885 0.000046 0.000009 -9.809200 
80.748000 0.001440 -0.000763 0.005887 2.886922 0.059629 1.931374 0.000000 0.000000 0.000000 -0.007980 0.004110 0.004625 0.000000 0.000000 0.000000 0.000003 -0.000007 -0.000009 -0.000468 -0.000085 -0.007886 0.000046 0.000009 -9.809200 
80.848000 0.001678 -0.000592 0.005865 2.886471 0.059891 1.931885 0.000000 0.000000 0.000000 -0.007741 0.002156 0.004345 0.000000 0.000000 0.000000 0.000002 -0.000008 -0.000009 -0.000468 -0.000085 -0.007887 0.000046 0.000009 -9.809200 
80.956000 0.001704 -0.000605 0.005858 2.885952 0.059908 1.932434 0.000000 0.000000 0.000000 -0.007075 0.000617 0.004229 0.000000 0.000000 0.000000 0.000002 -0.000009 -0.000010 -0.000467 -0.000084 -0.007887 0.000046 0.000009 -9.809200 
81.060000 0.001369 -0.000889 0.005924 2.885417 0.059886 1.933090 0.000000 0.000000 0.000000 -0.007049 -0.000334 0.004230 0.000000 0.000000 0.000000 0.000002 -0.000010 -0.000010 -0.000467 -0.000083 -0.007888 0.000046 0.000009 -9.809200 
81.160000 0.001158 -0.001082 0.005943 2.884899 0.059753 1.933739 0.000000 0.000000 0.000000 -0.006993 -0.001216 0.003642 0.000000 0.000000 0.000000 0.000002 -0.000011 -0.000010 -0.000465 -0.000083 -0.007888 0.000046 0.000009 -9.809200 
81.264000 0.001002 -0.001056 0.006050 2.884255 0.059584 1.934159 0.000000 0.000000 0.000000 -0.006965 -0.002747 0.003439 0.000000 0.000000 0.000000 0.000002 -0.000012 -0.000009 -0.000464 -0.000083 -0.007889 0.000045 0.000009 -9.809200 
81.364000 0.001110 -0.000719 0.006049 2.883648 0.059243 1.934785 0.000000 0.000000 0.000000 -0.006458 -0.003061 0.003592 0.000000 0.000000 0.000000 0.000002 -0.000012 -0.000009 -0.000464 -0.000082 -0.007890 0.000045 0.000009 -9.809200 
81.464000 0.001127 -0.000549 0.005981 2.882960 0.058604 1.935308 0.000000 0.000000 0.000000 -0.008004 -0.005085 0.002842 0.000000 0.000000 0.000000 0.000002 -0.000012 -0.000008 -0.000463 -0.000082 -0.007891 0.000045 0.000009 -9.809200 
81.564000 0.001117 -0.000459 0.005910 2.882119 0.057837 1.935627 0.000000 0.000000 0.000000 -0.008812 -0.006181 0.003233 0.000000 0.000000 0.000000 0.000001 -0.000012 -0.000008 -0.000463 -0.000082 -0.007891 0.000045 0.000009 -9.809200 
81.668000 0.001018 -0.000797 0.005929 2.880737 0.056961 1.935752 0.000000 0.000000 0.000000 -0.009569 -0.007182 0.005455 0.000000 0.000000 0.000000 0.000000 -0.000011 -0.000008 -0.000462 -0.000081 -0.007890 0.000045 0.000009 -9.809200 
81.772000 0.001080 -0.000800 0.005942 2.879628 0.055732 1.936350 0.000000 0.000000 0.000000 -0.009371 -0.009142 0.005398 0.000000 0.000000 0.000000 -0.000001 -0.000011 -0.000007 -0.000462 -0.000081 -0.007890 0.000045 0.000009 -9.809200 
81.876000 0.000903 -0.000719 0.005965 2.878118 0.054143 1.937263 0.000000 0.000000 0.000000 -0.011579 -0.010944 0.006244 0.000000 0.000000 0.000000 -0.000003 -0.000010 -0.000006 -0.000462 -0.000081 -0.007891 0.000045 0.000009 -9.809200 
81.976000 0.000852 -0.000703 0.005985 2.876859 0.052743 1.937888 0.000000 0.000000 0.000000 -0.011931 -0.011371 0.007903 0.000000 0.000000 0.000000 -0.000004 -0.000009 -0.000004 -0.000462 -0.000082 -0.007891 0.000045 0.000009 -9.809200 
82.080000 0.000856 -0.000818 0.005976 2.875791 0.051441 1.938139 0.000000 0.000000 0.000000 -0.011130 -0.013617 0.008734 0.000000 0.000000 0.000000 -0.000004 -0.000010 -0.000004 -0.000462 -0.000083 -0.007889 0.000045 0.000009 -9.809200 
82.184000 0.001028 -0.000884 0.005988 2.874647 0.049726 1.939126 0.000000 0.000000 0.000000 -0.012229 -0.014245 0.008526 0.000000 0.000000 0.000000 -0.000005 -0.000010 -0.000003 -0.000462 -0.000083 -0.007889 0.000045 0.000009 -9.809200 
82.284000 0.001148 -0.000738 0.005992 2.873680 0.048400 1.940060 0.000000 0.000000 0.000000 -0.012082 -0.013454 0.007797 0.000000 0.000000 0.000000 -0.000005 -0.000011 -0.000003 -0.000461 -0.000084 -0.007889 0.000045 0.000009 -9.809200 
82.388000 0.000658 -0.000266 0.005978 2.872600 0.046707 1.940841 0.000000 0.000000 0.000000 -0.011770 -0.014468 0.008966 0.000000 0.000000 0.000000 -0.000005 -0.000011 -0.000001 -0.000462 -0.000084 -0.007889 0.000045 0.000009 -9.809200 
82.488000 0.000137 0.000108 0.005887 2.871899 0.046017 1.941556 0.000000 0.000000 0.000000 -0.012086 -0.014034 0.008617 0.000000 0.000000 0.000000 -0.000003 -0.000012 0.000000 -0.000462 -0.000082 -0.007889 0.000045 0.000009 -9.809200 
82.588000 -0.000110 0.000005 0.005897 2.870809 0.045150 1.942673 0.000000 0.000000 0.000000 -0.011931 -0.012088 0.009133 0.000000 0.000000 0.000000 -0.000001 -0.000013 -0.000001 -0.000462 -0.000082 -0.007889 0.000045 0.000009 -9.809200 
82.696000 -0.000116 0.000029 0.005857 2.869496 0.043450 1.943500 0.000000 0.000000 0.000000 -0.011557 -0.012354 0.010499 0.000000 0.000000 0.000000 -0.000003 -0.000012 -0.000000 -0.000462 -0.000083 -0.007889 0.000045 0.000009 -9.809200 
82.800000 0.000004 0.000554 0.005891 2.868418 0.042309 1.944751 0.000000 0.000000 0.000000 -0.010500 -0.012201 0.010018 0.000000 0.000000 0.000000 -0.000002 -0.000013 -0.000000 -0.000462 -0.000083 -0.007889 0.000045 0.000009 -9.809200 
82.900000 0.000044 0.000998 0.005881 2.867795 0.041056 1.945975 0.000000 0.000000 0.000000 -0.009184 -0.011319 0.010420 0.000000 0.000000 0.000000 -0.000003 -0.000014 -0.000001 -0.000463 -0.000084 -0.007890 0.000045 0.000009 -9.809200 
83.000000 -0.000026 0.001183 0.005912 2.867219 0.039927 1.947186 0.000000 0.000000 0.000000 -0.007517 -0.012065 0.009460 0.000000 0.000000 0.000000 -0.000002 -0.000015 -0.000001 -0.000463 -0.000084 -0.007891 0.000045 0.000009 -9.809200 
83.100000 0.000063 0.001354 0.005870 2.866483 0.038786 1.948031 0.000000 0.000000 0.000000 -0.005756 -0.011210 0.009951 0.000000 0.000000 0.000000 -0.000003 -0.000014 0.000000 -0.000464 -0.000085 -0.007890 0.000045 0.000009 -9.809200 
83.200000 -0.000096 0.001380 0.005932 2.866135 0.037509 1.949199 0.000000 0.000000 0.000000 -0.003717 -0.010094 0.010457 0.000000 0.000000 0.000000 -0.000003 -0.000015 0.000001 -0.000464 -0.000085 -0.007891 0.000045 0.000009 -9.809200 
83.300000 -0.000632 0.001408 0.006018 2.865840 0.036340 1.950401 0.000000 0.000000 0.000000 -0.001996 -0.008607 0.011449 0.000000 0.000000 0.000000 -0.000004 -0.000014 0.000001 -0.000465 -0.000086 -0.007891 0.000045 0.000010 -9.809200 
83.400000 -0.000804 0.001565 0.005952 2.865609 0.035350 1.951734 0.000000 0.000000 0.000000 -0.000511 -0.007517 0.011605 0.000000 0.000000 0.000000 -0.000004 -0.000014 0.000001 -0.000466 -0.000087 -0.007892 0.000046 0.000010 -9.809200 
83.504000 -0.000961 0.001637 0.005880 2.865624 0.034550 1.953026 0.000000 0.000000 0.000000 0.000441 -0.006894 0.011207 0.000000 0.000000 0.000000 -0.000005 -0.000014 0.000001 -0.000467 -0.000087 -0.007892 0.000046 0.000010 -9.809200 
83.604000 -0.001240 0.001640 0.005867 2.865618 0.033812 1.954136 0.000000 0.000000 0.000000 0.001249 -0.005225 0.010017 0.000000 0.000000 0.000000 -0.000005 -0.000013 0.000001 -0.000468 -0.000088 -0.007892 0.000046 0.000010 -9.809200 
83.704000 -0.001390 0.001489 0.005931 2.865777 0.033109 1.955125 0.000000 0.000000 0.000000 0.001943 -0.003767 0.009552 0.000000 0.000000 0.000000 -0.000006 -0.000013 0.000001 -0.000469 -0.000089 -0.007892 0.000046 0.000010 -9.809200 
83.804000 -0.001411 0.001557 0.006007 2.865859 0.032542 1.956072 0.000000 0.000000 0.000000 0.003274 -0.003515 0.008176 0.000000 0.000000 0.000000 -0.000007 -0.000012 0.000001 -0.000470 -0.000090 -0.007892 0.000046 0.000010 -9.809200 
83.912000 -0.001029 0.001821 0.006082 2.866167 0.032015 1.956858 0.000000 0.000000 0.000000 0.005065 -0.002471 0.006236 0.000000 0.000000 0.000000 -0.000008 -0.000012 0.000001 -0.000470 -0.000091 -0.007892 0.000046 0.000010 -9.809200 
84.020000 -0.000662 0.002223 0.006234 2.866997 0.031656 1.957517 0.000000 0.000000 0.000000 0.007165 -0.000334 0.005625 0.000000 0.000000 0.000000 -0.000009 -0.000012 0.000001 -0.000471 -0.000091 -0.007892 0.000046 0.000010 -9.809200 
84.120000 -0.000580 0.002205 0.006227 2.867769 0.031300 1.958154 0.000000 0.000000 0.000000 0.008729 -0.000011 0.004714 0.000000 0.000000 0.000000 -0.000010 -0.000012 0.000001 -0.000472 -0.000091 -0.007893 0.000046 0.000010 -9.809200 
84.224000 -0.000431 0.002010 0.006250 2.867756 0.031051 1.958940 0.000000 0.000000 0.000000 0.010087 0.000672 0.004468 0.000000 0.000000 0.000000 -0.000010 -0.000009 0.000001 -0.000473 -0.000091 -0.007894 0.000046 0.000010 -9.809200 
84.324000 -0.000402 0.001989 0.006308 2.867749 0.031053 1.960030 0.000000 0.000000 0.000000 0.011312 0.001868 0.004341 0.000000 0.000000 0.000000 -0.000011 -0.000006 0.000001 -0.000475 -0.000091 -0.007896 0.000046 0.000010 -9.809200 
84.424000 -0.000530 0.001923 0.006324 2.868730 0.030798 1.960354 0.000000 0.000000 0.000000 0.012553 0.001470 0.003173 0.000000 0.000000 0.000000 -0.000012 -0.000006 0.000001 -0.000475 -0.000091 -0.007896 0.000046 0.000010 -9.809200 
84.524000 -0.000628 0.001907 0.006414 2.869797 0.029914 1.960152 0.000000 0.000000 0.000000 0.013603 0.000376 0.002817 0.000000 0.000000 0.000000 -0.000014 -0.000005 0.000002 -0.000476 -0.000091 -0.007894 0.000046 0.000010 -9.809200 
84.624000 -0.000607 0.001792 0.006541 2.871176 0.028941 1.960596 0.000000 0.000000 0.000000 0.015825 0.000251 0.002782 0.000000 0.000000 0.000000 -0.000017 -0.000004 0.000003 -0.000476 -0.000090 -0.007895 0.000046 0.000010 -9.809200 
84.724000 -0.000407 0.001695 0.006672 2.872371 0.028754 1.960822 0.000000 0.000000 0.000000 0.017374 0.001588 0.001496 0.000000 0.000000 0.000000 -0.000017 -0.000003 0.000004 -0.000476 -0.000089 -0.007895 0.000046 0.000010 -9.809200 
84.828000 -0.000129 0.001762 0.006738 2.874301 0.028409 1.960340 0.000000 0.000000 0.000000 0.018372 0.001964 0.001042 0.000000 0.000000 0.000000 -0.000019 -0.000003 0.000004 -0.000476 -0.000089 -0.007893 0.000046 0.000010 -9.809200 
84.928000 0.000167 0.001703 0.006736 2.876140 0.028537 1.959831 0.000000 0.000000 0.000000 0.019828 0.002465 -0.000867 0.000000 0.000000 0.000000 -0.000019 -0.000003 0.000005 -0.000477 -0.000088 -0.007891 0.000047 0.000010 -9.809200 
85.028000 0.000399 0.001518 0.006747 2.878322 0.028143 1.959933 0.000000 0.000000 0.000000 0.023151 0.001408 -0.000979 0.000000 0.000000 0.000000 -0.000020 -0.000003 0.000005 -0.000477 -0.000088 -0.007892 0.000047 0.000010 -9.809200 
85.128000 0.000558 0.001389 0.006786 2.880692 0.027940 1.959359 0.000000 0.000000 0.000000 0.024400 0.000637 -0.001913 0.000000 0.000000 0.000000 -0.000021 -0.000003 0.000006 -0.000476 -0.000088 -0.007890 0.000047 0.000010 -9.809200 
85.232000 0.000623 0.000965 0.006797 2.883196 0.027860 1.959166 0.000000 0.000000 0.000000 0.025519 -0.000789 -0.002071 0.000000 0.000000 0.000000 -0.000021 -0.000003 0.000006 -0.000475 -0.000087 -0.007890 0.000046 0.000010 -9.809200 
85.332000 0.000572 0.000602 0.006768 2.885571 0.027723 1.959082 0.000000 0.000000 0.000000 0.026247 -0.000761 -0.002122 0.000000 0.000000 0.000000 -0.000021 -0.000003 0.000007 -0.000474 -0.000086 -0.007891 0.000046 0.000010 -9.809200 
85.432000 0.000666 0.000607 0.006772 2.888127 0.027368 1.959332 0.000000 0.000000 0.000000 0.025846 -0.000984 -0.002556 0.000000 0.000000 0.000000 -0.000022 -0.000003 0.000008 -0.000472 -0.000086 -0.007893 0.000046 0.000009 -9.809200 
85.536000 0.001005 0.000618 0.006861 2.890747 0.027156 1.958810 0.000000 0.000000 0.000000 0.024805 -0.002072 -0.002252 0.000000 0.000000 0.000000 -0.000021 -0.000003 0.000008 -0.000473 -0.000084 -0.007892 0.000046 0.000009 -9.809200 
85.640000 0.000985 0.000411 0.006914 2.893231 0.027033 1.958443 0.000000 0.000000 0.000000 0.024721 -0.002339 -0.001454 0.000000 0.000000 0.000000 -0.000021 -0.000003 0.000008 -0.000471 -0.000083 -0.007891 0.000046 0.000009 -9.809200 
85.740000 0.000923 0.000231 0.006913 2.895038 0.027677 1.957651 0.000000 0.000000 0.000000 0.023679 -0.002431 -0.000952 0.000000 0.000000 0.000000 -0.000018 -0.000001 0.000007 -0.000470 -0.000081 -0.007889 0.000046 0.000009 -9.809200 
85.840000 0.001083 0.000180 0.006962 2.897392 0.027762 1.958097 0.000000 0.000000 0.000000 0.023858 -0.002947 -0.000201 0.000000 0.000000 0.000000 -0.000017 -0.000002 0.000007 -0.000470 -0.000080 -0.007891 0.000046 0.000009 -9.809200 
85.940000 0.001167 0.000057 0.006997 2.899456 0.027411 1.957975 0.000000 0.000000 0.000000 0.022267 -0.004396 -0.000143 0.000000 0.000000 0.000000 -0.000017 -0.000001 0.000007 -0.000469 -0.000081 -0.007890 0.000046 0.000009 -9.809200 
86.040000 0.001265 -0.000451 0.007068 2.901526 0.026776 1.958228 0.000000 0.000000 0.000000 0.021723 -0.006676 0.000289 0.000000 0.000000 0.000000 -0.000017 -0.000001 0.000007 -0.000467 -0.000080 -0.007891 0.000046 0.000009 -9.809200 
86.140000 0.001523 -0.001160 0.007080 2.903642 0.026069 1.958058 0.000000 0.000000 0.000000 0.020767 -0.007819 -0.000296 0.000000 0.000000 0.000000 -0.000017 -0.000001 0.000008 -0.000467 -0.000080 -0.007890 0.000046 0.000009 -9.809200 
86.240000 0.001494 -0.001427 0.007034 2.905922 0.025185 1.957819 0.000000 0.000000 0.000000 0.020446 -0.008549 -0.000099 0.000000 0.000000 0.000000 -0.000017 -0.000002 0.000008 -0.000466 -0.000080 -0.007890 0.000046 0.000009 -9.809200 
86.340000 0.001602 -0.001454 0.007042 2.908313 0.023977 1.957478 0.000000 0.000000 0.000000 0.019479 -0.010261 -0.000187 0.000000 0.000000 0.000000 -0.000018 -0.000003 0.000008 -0.000465 -0.000079 -0.007889 0.000045 0.000009 -9.809200 
86.440000 0.001701 -0.001629 0.007117 2.910532 0.022516 1.956991 0.000000 0.000000 0.000000 0.017592 -0.013932 0.000014 0.000000 0.000000 0.000000 -0.000018 -0.000004 0.000008 -0.000464 -0.000078 -0.007887 0.000045 0.000009 -9.809200 
86.544000 0.001524 -0.002092 0.007242 2.910843 0.021081 1.958062 0.000000 0.000000 0.000000 0.013439 -0.015224 -0.001811 0.000000 0.000000 0.000000 -0.000018 -0.000000 0.000007 -0.000466 -0.000077 -0.007891 0.000046 0.000009 -9.809200 
86.644000 0.001226 -0.002619 0.007356 2.911241 0.019276 1.959071 0.000000 0.000000 0.000000 0.010540 -0.016358 -0.002380 0.000000 0.000000 0.000000 -0.000018 0.000002 0.000006 -0.000470 -0.000076 -0.007895 0.000046 0.000009 -9.809200 
86.744000 0.000922 -0.003094 0.007536 2.911591 0.017815 1.959339 0.000000 0.000000 0.000000 0.007154 -0.017178 -0.002854 0.000000 0.000000 0.000000 -0.000018 0.000004 0.000005 -0.000470 -0.000077 -0.007896 0.000046 0.000009 -9.809200 
86.844000 0.000723 -0.003296 0.007698 2.911423 0.016178 1.960318 0.000000 0.000000 0.000000 0.003561 -0.017599 -0.003011 0.000000 0.000000 0.000000 -0.000017 0.000006 0.000006 -0.000473 -0.000076 -0.007900 0.000046 0.000009 -9.809200 
86.944000 0.000606 -0.003386 0.007755 2.911149 0.014062 1.960361 0.000000 0.000000 0.000000 -0.001334 -0.018021 -0.003132 0.000000 0.000000 0.000000 -0.000018 0.000007 0.000005 -0.000475 -0.000075 -0.007901 0.000046 0.000008 -9.809200 
87.048000 0.000260 -0.003277 0.007795 2.911030 0.012327 1.960046 0.000000 0.000000 0.000000 -0.003617 -0.017891 -0.004051 0.000000 0.000000 0.000000 -0.000018 0.000007 0.000006 -0.000475 -0.000077 -0.007902 0.000046 0.000009 -9.809200 
87.148000 0.000042 -0.003048 0.007794 2.910784 0.010745 1.960445 0.000000 0.000000 0.000000 -0.006243 -0.017886 -0.004886 0.000000 0.000000 0.000000 -0.000017 0.000006 0.000006 -0.000475 -0.000075 -0.007904 0.000046 0.000009 -9.809200 
87.248000 -0.000096 -0.002895 0.007776 2.910129 0.009119 1.960745 0.000000 0.000000 0.000000 -0.008356 -0.016431 -0.005002 0.000000 0.000000 0.000000 -0.000017 0.000006 0.000007 -0.000474 -0.000074 -0.007907 0.000046 0.000008 -9.809200 
87.348000 -0.000094 -0.002682 0.007830 2.909157 0.007428 1.961413 0.000000 0.000000 0.000000 -0.010024 -0.015511 -0.006850 0.000000 0.000000 0.000000 -0.000017 0.000006 0.000007 -0.000474 -0.000073 -0.007911 0.000046 0.000008 -9.809200 
87.448000 -0.000073 -0.002396 0.007803 2.907967 0.005459 1.961141 0.000000 0.000000 0.000000 -0.011757 -0.014834 -0.007328 0.000000 0.000000 0.000000 -0.000018 0.000006 0.000008 -0.000475 -0.000075 -0.007912 0.000046 0.000008 -9.809200 
87.548000 0.000051 -0.001802 0.007765 2.906039 0.002743 1.961928 0.000000 0.000000 0.000000 -0.013890 -0.014187 -0.008806 0.000000 0.000000 0.000000 -0.000022 0.000008 0.000009 -0.000476 -0.000077 -0.007917 0.000046 0.000009 -9.809200 
87.648000 -0.000026 -0.001272 0.007709 2.904013 0.000920 1.962245 0.000000 0.000000 0.000000 -0.014850 -0.013658 -0.008941 0.000000 0.000000 0.000000 -0.000023 0.000010 0.000008 -0.000477 -0.000079 -0.007921 0.000047 0.000009 -9.809200 
87.748000 0.000003 -0.001085 0.007699 2.902402 -0.000585 1.961855 0.000000 0.000000 0.000000 -0.015458 -0.013865 -0.008018 0.000000 0.000000 0.000000 -0.000024 0.000010 0.000009 -0.000479 -0.000081 -0.007922 0.000047 0.000009 -9.809200 
87.856000 0.000330 -0.000908 0.007685 2.900650 -0.001941 1.960877 0.000000 0.000000 0.000000 -0.016847 -0.013337 -0.007692 0.000000 0.000000 0.000000 -0.000024 0.000010 0.000009 -0.000478 -0.000080 -0.007922 0.000047 0.000009 -9.809200 
87.960000 0.000508 -0.000620 0.007763 2.898537 -0.003471 1.959839 0.000000 0.000000 0.000000 -0.017899 -0.012824 -0.006813 0.000000 0.000000 0.000000 -0.000024 0.000011 0.000009 -0.000479 -0.000079 -0.007921 0.000047 0.000009 -9.809200 
88.060000 0.000239 -0.000491 0.007857 2.896661 -0.004429 1.959305 0.000000 0.000000 0.000000 -0.017964 -0.011546 -0.006294 0.000000 0.000000 0.000000 -0.000023 0.000011 0.000009 -0.000479 -0.000079 -0.007921 0.000047 0.000009 -9.809200 
88.164000 -0.000210 -0.000298 0.007904 2.895010 -0.005227 1.959205 0.000000 0.000000 0.000000 -0.016310 -0.010567 -0.003552 0.000000 0.000000 0.000000 -0.000022 0.000011 0.000008 -0.000479 -0.000078 -0.007923 0.000047 0.000009 -9.809200 
88.264000 -0.000633 -0.000227 0.007975 2.893095 -0.006036 1.959399 0.000000 0.000000 0.000000 -0.016354 -0.009955 -0.001847 0.000000 0.000000 0.000000 -0.000022 0.000012 0.000008 -0.000479 -0.000078 -0.007924 0.000047 0.000009 -9.809200 
88.364000 -0.000864 0.000035 0.008062 2.891334 -0.006685 1.959692 0.000000 0.000000 0.000000 -0.014978 -0.009544 -0.001247 0.000000 0.000000 0.000000 -0.000021 0.000012 0.000008 -0.000481 -0.000079 -0.007925 0.000047 0.000009 -9.809200 
88.464000 -0.000624 0.000022 0.008097 2.889671 -0.007858 1.960416 0.000000 0.000000 0.000000 -0.013885 -0.008577 0.001599 0.000000 0.000000 0.000000 -0.000022 0.000013 0.000008 -0.000483 -0.000080 -0.007928 0.000047 0.000009 -9.809200 
88.564000 -0.000151 0.000245 0.008102 2.888308 -0.008703 1.960635 0.000000 0.000000 0.000000 -0.011875 -0.007576 0.003482 0.000000 0.000000 0.000000 -0.000022 0.000013 0.000008 -0.000484 -0.000080 -0.007927 0.000047 0.000009 -9.809200 
88.664000 -0.000010 0.000600 0.008069 2.887047 -0.008986 1.961171 0.000000 0.000000 0.000000 -0.010374 -0.005661 0.006409 0.000000 0.000000 0.000000 -0.000021 0.000014 0.000009 -0.000484 -0.000080 -0.007928 0.000047 0.000009 -9.809200 
88.764000 -0.000108 0.001003 0.008038 2.886107 -0.009266 1.962198 0.000000 0.000000 0.000000 -0.009494 -0.005133 0.008046 0.000000 0.000000 0.000000 -0.000020 0.000014 0.000009 -0.000484 -0.000079 -0.007928 0.000047 0.000009 -9.809200 
88.868000 -0.000135 0.001387 0.008039 2.884854 -0.009857 1.963463 0.000000 0.000000 0.000000 -0.009043 -0.005832 0.008872 0.000000 0.000000 0.000000 -0.000020 0.000014 0.000008 -0.000485 -0.000080 -0.007930 0.000047 0.000009 -9.809200 
88.968000 -0.000043 0.002010 0.008053 2.884186 -0.010175 1.964602 0.000000 0.000000 0.000000 -0.007333 -0.005308 0.009535 0.000000 0.000000 0.000000 -0.000020 0.000014 0.000008 -0.000487 -0.000081 -0.007930 0.000047 0.000009 -9.809200 
89.072000 -0.000183 0.002262 0.008079 2.883660 -0.010540 1.965344 0.000000 0.000000 0.000000 -0.004270 -0.004116 0.010745 0.000000 0.000000 0.000000 -0.000020 0.000014 0.000008 -0.000488 -0.000081 -0.007929 0.000047 0.000009 -9.809200 
89.176000 -0.000328 0.002369 0.008080 2.883314 -0.009186 1.966617 0.000000 0.000000 0.000000 -0.001434 -0.002007 0.012067 0.000000 0.000000 0.000000 -0.000016 0.000015 0.000008 -0.000488 -0.000081 -0.007929 0.000048 0.000009 -9.809200 
89.276000 -0.000057 0.002419 0.008098 2.883428 -0.008927 1.968017 0.000000 0.000000 0.000000 0.001349 -0.002955 0.012536 0.000000 0.000000 0.000000 -0.000015 0.000015 0.000007 -0.000490 -0.000080 -0.007930 0.000048 0.000009 -9.809200 
89.376000 0.000356 0.002329 0.008073 2.882486 -0.008977 1.969050 0.000000 0.000000 0.000000 0.002761 -0.004959 0.012936 0.000000 0.000000 0.000000 -0.000013 0.000017 0.000007 -0.000490 -0.000078 -0.007929 0.000048 0.000009 -9.809200 
89.476000 0.000386 0.002190 0.008109 2.881522 -0.008970 1.970439 0.000000 0.000000 0.000000 0.003818 -0.003869 0.012962 0.000000 0.000000 0.000000 -0.000012 0.000020 0.000007 -0.000491 -0.000076 -0.007929 0.000048 0.000009 -9.809200 
89.576000 0.000124 0.002348 0.008065 2.882838 -0.008868 1.972744 0.000000 0.000000 0.000000 0.007043 -0.003582 0.014227 0.000000 0.000000 0.000000 -0.000011 0.000018 0.000006 -0.000490 -0.000077 -0.007932 0.000048 0.000009 -9.809200 
89.676000 -0.000080 0.002723 0.008108 2.883945 -0.008964 1.972827 0.000000 0.000000 0.000000 0.008744 -0.002207 0.014430 0.000000 0.000000 0.000000 -0.000011 0.000018 0.000006 -0.000491 -0.000078 -0.007928 0.000048 0.000009 -9.809200 
89.780000 -0.000150 0.003000 0.008173 2.885669 -0.008790 1.974895 0.000000 0.000000 0.000000 0.011598 -0.002525 0.013937 0.000000 0.000000 0.000000 -0.000010 0.000016 0.000006 -0.000490 -0.000078 -0.007930 0.000048 0.000009 -9.809200 
89.884000 0.000160 0.002822 0.008264 2.886871 -0.008796 1.976307 0.000000 0.000000 0.000000 0.013149 -0.001500 0.012733 0.000000 0.000000 0.000000 -0.000009 0.000016 0.000007 -0.000490 -0.000077 -0.007930 0.000048 0.000009 -9.809200 
89.984000 0.000245 0.002548 0.008462 2.888301 -0.009631 1.976603 0.000000 0.000000 0.000000 0.014429 -0.001514 0.013477 0.000000 0.000000 0.000000 -0.000011 0.000016 0.000008 -0.000489 -0.000076 -0.007927 0.000048 0.000009 -9.809200 
90.084000 0.000032 0.002251 0.008508 2.890052 -0.010476 1.977924 0.000000 0.000000 0.000000 0.015919 -0.002105 0.013580 0.000000 0.000000 0.000000 -0.000013 0.000016 0.000008 -0.000492 -0.000079 -0.007927 0.000048 0.000009 -9.809200 
90.184000 -0.000297 0.002070 0.008644 2.892556 -0.011979 1.980715 0.000000 0.000000 0.000000 0.017434 -0.002741 0.012249 0.000000 0.000000 0.000000 -0.000016 0.000015 0.000008 -0.000496 -0.000082 -0.007931 0.000048 0.000009 -9.809200 
90.284000 -0.000182 0.002070 0.008677 2.894943 -0.013617 1.982717 0.000000 0.000000 0.000000 0.018510 -0.004939 0.011505 0.000000 0.000000 0.000000 -0.000019 0.000015 0.000009 -0.000502 -0.000083 -0.007934 0.000049 0.000009 -9.809200 
90.384000 -0.000119 0.001885 0.008672 2.896980 -0.014116 1.984421 0.000000 0.000000 0.000000 0.019769 -0.004767 0.009654 0.000000 0.000000 0.000000 -0.000018 0.000015 0.000009 -0.000505 -0.000077 -0.007936 0.000049 0.000009 -9.809200 
90.484000 -0.000209 0.001580 0.008697 2.899611 -0.015608 1.985019 0.000000 0.000000 0.000000 0.021459 -0.006085 0.007575 0.000000 0.000000 0.000000 -0.000020 0.000012 0.000009 -0.000496 -0.000080 -0.007935 0.000048 0.000009 -9.809200 
90.584000 -0.000345 0.001410 0.008616 2.903023 -0.016570 1.985372 0.000000 0.000000 0.000000 0.023575 -0.006530 0.005188 0.000000 0.000000 0.000000 -0.000021 0.000010 0.000011 -0.000498 -0.000078 -0.007934 0.000048 0.000009 -9.809200 
90.688000 -0.000357 0.001150 0.008556 2.905519 -0.017185 1.985471 0.000000 0.000000 0.000000 0.023967 -0.005689 0.003282 0.000000 0.000000 0.000000 -0.000021 0.000011 0.000011 -0.000501 -0.000078 -0.007933 0.000049 0.000009 -9.809200 
90.796000 -0.000760 0.000849 0.008581 2.908469 -0.017480 1.985453 0.000000 0.000000 0.000000 0.024049 -0.003831 0.000135 0.000000 0.000000 0.000000 -0.000021 0.000011 0.000012 -0.000504 -0.000081 -0.007932 0.000049 0.000009 -9.809200 
90.900000 -0.001222 0.000331 0.008690 2.911483 -0.017223 1.984809 0.000000 0.000000 0.000000 0.024164 -0.003439 -0.002105 0.000000 0.000000 0.000000 -0.000019 0.000010 0.000012 -0.000507 -0.000081 -0.007931 0.000049 0.000009 -9.809200 
91.004000 -0.001229 -0.000208 0.008703 2.914775 -0.017251 1.985431 0.000000 0.000000 0.000000 0.024003 -0.002226 -0.004781 0.000000 0.000000 0.000000 -0.000020 0.000009 0.000012 -0.000508 -0.000086 -0.007933 0.000049 0.000010 -9.809200 
91.104000 -0.001198 -0.000673 0.008752 2.917710 -0.017585 1.984778 0.000000 0.000000 0.000000 0.023411 -0.001272 -0.006821 0.000000 0.000000 0.000000 -0.000021 0.000009 0.000013 -0.000513 -0.000088 -0.007933 0.000050 0.000010 -9.809200 
91.204000 -0.001182 -0.001117 0.008802 2.920600 -0.018023 1.984491 0.000000 0.000000 0.000000 0.022022 -0.000553 -0.009298 0.000000 0.000000 0.000000 -0.000021 0.000007 0.000014 -0.000510 -0.000087 -0.007935 0.000049 0.000010 -9.809200 
91.304000 -0.001055 -0.001780 0.008809 2.923603 -0.018438 1.984333 0.000000 0.000000 0.000000 0.019882 0.000481 -0.012727 0.000000 0.000000 0.000000 -0.000024 0.000005 0.000014 -0.000509 -0.000093 -0.007937 0.000049 0.000010 -9.809200 
91.404000 -0.000990 -0.002128 0.008841 2.926069 -0.018345 1.984036 0.000000 0.000000 0.000000 0.018949 0.001815 -0.015642 0.000000 0.000000 0.000000 -0.000024 0.000003 0.000014 -0.000508 -0.000095 -0.007941 0.000049 0.000010 -9.809199 
91.504000 -0.001061 -0.002285 0.008889 2.927524 -0.018825 1.983205 0.000000 0.000000 0.000000 0.016186 0.002689 -0.018952 0.000000 0.000000 0.000000 -0.000028 0.000004 0.000013 -0.000508 -0.000102 -0.007943 0.000049 0.000011 -9.809199 
91.608000 -0.001186 -0.002286 0.008873 2.929541 -0.018396 1.982131 0.000000 0.000000 0.000000 0.014554 0.002646 -0.023898 0.000000 0.000000 0.000000 -0.000031 0.000005 0.000013 -0.000511 -0.000114 -0.007947 0.000050 0.000012 -9.809199 
91.708000 -0.001252 -0.002471 0.008887 2.931989 -0.018057 1.980899 0.000000 0.000000 0.000000 0.013383 0.003342 -0.026256 0.000000 0.000000 0.000000 -0.000033 0.000003 0.000013 -0.000513 -0.000120 -0.007951 0.000050 0.000013 -9.809199 
91.808000 -0.000968 -0.002699 0.008871 2.934269 -0.018039 1.978612 0.000000 0.000000 0.000000 0.011023 0.003151 -0.029814 0.000000 0.000000 0.000000 -0.000032 -0.000002 0.000013 -0.000505 -0.000115 -0.007952 0.000049 0.000012 -9.809199 
91.912000 -0.000568 -0.003101 0.008879 2.936058 -0.017108 1.975836 0.000000 0.000000 0.000000 0.009081 0.004793 -0.032302 0.000000 0.000000 0.000000 -0.000029 -0.000005 0.000014 -0.000503 -0.000108 -0.007954 0.000049 0.000012 -9.809199 
92.016000 -0.000339 -0.003671 0.008849 2.938057 -0.016098 1.973156 0.000000 0.000000 0.000000 0.005777 0.005958 -0.034597 0.000000 0.000000 0.000000 -0.000029 -0.000006 0.000015 -0.000507 -0.000110 -0.007956 0.000049 0.000012 -9.809199 
92.120000 -0.000577 -0.004043 0.008863 2.939401 -0.014873 1.970681 0.000000 0.000000 0.000000 0.003249 0.007724 -0.036867 0.000000 0.000000 0.000000 -0.000030 -0.000008 0.000015 -0.000504 -0.000116 -0.007960 0.000049 0.000012 -9.809199 
92.220000 -0.000660 -0.004318 0.008876 2.939995 -0.014049 1.967405 0.000000 0.000000 0.000000 -0.000824 0.007533 -0.038587 0.000000 0.000000 0.000000 -0.000031 -0.000009 0.000016 -0.000505 -0.000121 -0.007961 0.000049 0.000013 -9.809199 
92.324000 -0.000492 -0.004560 0.008909 2.940114 -0.012975 1.963896 0.000000 0.000000 0.000000 -0.004494 0.007721 -0.040988 0.000000 0.000000 0.000000 -0.000032 -0.000010 0.000016 -0.000503 -0.000126 -0.007963 0.000049 0.000013 -9.809199 
92.420000 -0.000485 -0.004568 0.009056 2.940196 -0.011567 1.961294 0.000000 0.000000 0.000000 -0.007742 0.008566 -0.043186 0.000000 0.000000 0.000000 -0.000032 -0.000012 0.000016 -0.000500 -0.000130 -0.007967 0.000049 0.000014 -9.809199 
92.520000 -0.000620 -0.004505 0.009130 2.940243 -0.009456 1.959031 0.000000 0.000000 0.000000 -0.010380 0.010516 -0.043709 0.000000 0.000000 0.000000 -0.000033 -0.000014 0.000015 -0.000498 -0.000139 -0.007974 0.000048 0.000014 -9.809199 
92.624000 -0.000355 -0.004356 0.009214 2.939310 -0.007554 1.956146 0.000000 0.000000 0.000000 -0.014508 0.010210 -0.045351 0.000000 0.000000 0.000000 -0.000033 -0.000015 0.000014 -0.000495 -0.000141 -0.007979 0.000048 0.000015 -9.809199 
92.724000 -0.000178 -0.003923 0.009252 2.937881 -0.005157 1.953097 0.000000 0.000000 0.000000 -0.016637 0.009965 -0.046559 0.000000 0.000000 0.000000 -0.000030 -0.000017 0.000011 -0.000486 -0.000142 -0.007984 0.000047 0.000015 -9.809199 
92.828000 0.000144 -0.003494 0.009207 2.936734 -0.002264 1.949216 0.000000 0.000000 0.000000 -0.017940 0.010521 -0.049185 0.000000 0.000000 0.000000 -0.000027 -0.000018 0.000009 -0.000488 -0.000145 -0.007987 0.000047 0.000015 -9.809199 
92.928000 0.000507 -0.003220 0.009163 2.934110 0.000430 1.944846 0.000000 0.000000 0.000000 -0.021863 0.010997 -0.050207 0.000000 0.000000 0.000000 -0.000024 -0.000015 0.000010 -0.000488 -0.000148 -0.007989 0.000047 0.000015 -9.809199 
93.028000 0.000572 -0.003278 0.009076 2.931866 0.002601 1.940218 0.000000 0.000000 0.000000 -0.023456 0.011971 -0.048709 0.000000 0.000000 0.000000 -0.000021 -0.000013 0.000010 -0.000491 -0.000148 -0.007990 0.000048 0.000015 -9.809199 
93.132000 0.000512 -0.003320 0.009094 2.929554 0.005635 1.936039 0.000000 0.000000 0.000000 -0.024838 0.012733 -0.048628 0.000000 0.000000 0.000000 -0.000018 -0.000014 0.000009 -0.000488 -0.000153 -0.007992 0.000047 0.000016 -9.809199 
93.240000 0.000423 -0.002807 0.009114 2.926965 0.008550 1.933091 0.000000 0.000000 0.000000 -0.027297 0.010976 -0.046348 0.000000 0.000000 0.000000 -0.000018 -0.000013 0.000008 -0.000484 -0.000160 -0.008000 0.000047 0.000016 -9.809199 
93.340000 0.000674 -0.002245 0.009045 2.923783 0.010268 1.929434 0.000000 0.000000 0.000000 -0.029205 0.009337 -0.044603 0.000000 0.000000 0.000000 -0.000018 -0.000010 0.000009 -0.000486 -0.000166 -0.008003 0.000047 0.000017 -9.809199 
93.444000 0.001055 -0.001727 0.009020 2.919854 0.011148 1.926093 0.000000 0.000000 0.000000 -0.031282 0.006913 -0.043734 0.000000 0.000000 0.000000 -0.000021 -0.000006 0.000009 -0.000483 -0.000171 -0.008008 0.000047 0.000017 -9.809199 
93.548000 0.001303 -0.001006 0.009042 2.916921 0.012031 1.923204 0.000000 0.000000 0.000000 -0.031870 0.005734 -0.042410 0.000000 0.000000 0.000000 -0.000023 -0.000004 0.000009 -0.000486 -0.000171 -0.008013 0.000047 0.000017 -9.809198 
93.652000 0.001361 -0.000650 0.009103 2.913275 0.014429 1.919864 0.000000 0.000000 0.000000 -0.031945 0.006143 -0.041013 0.000000 0.000000 0.000000 -0.000024 0.000000 0.000009 -0.000490 -0.000188 -0.008017 0.000047 0.000019 -9.809198 
93.756000 0.001573 -0.000507 0.009035 2.909823 0.015572 1.916208 0.000000 0.000000 0.000000 -0.032104 0.005121 -0.039537 0.000000 0.000000 0.000000 -0.000024 0.000000 0.000009 -0.000486 -0.000189 -0.008019 0.000047 0.000019 -9.809198 
93.856000 0.002023 -0.000357 0.009004 2.905982 0.016432 1.912978 0.000000 0.000000 0.000000 -0.031666 0.004131 -0.037915 0.000000 0.000000 0.000000 -0.000024 0.000002 0.000009 -0.000480 -0.000191 -0.008021 0.000047 0.000019 -9.809198 
93.956000 0.002068 0.000204 0.009053 2.902746 0.017316 1.910033 0.000000 0.000000 0.000000 -0.030733 0.002632 -0.035506 0.000000 0.000000 0.000000 -0.000024 0.000004 0.000008 -0.000481 -0.000192 -0.008024 0.000047 0.000019 -9.809198 
94.060000 0.002070 0.000861 0.008964 2.900942 0.020327 1.906303 0.000000 0.000000 0.000000 -0.030206 0.002214 -0.032119 0.000000 0.000000 0.000000 -0.000016 0.000011 0.000021 -0.000510 -0.000201 -0.008022 0.000049 0.000020 -9.809198 
94.160000 0.002219 0.001310 0.008961 2.899199 0.020148 1.903914 0.000000 0.000000 0.000000 -0.028962 -0.000528 -0.028686 0.000000 0.000000 0.000000 -0.000018 0.000013 0.000021 -0.000524 -0.000200 -0.008025 0.000051 0.000020 -9.809198 
94.264000 0.002388 0.001688 0.008906 2.897442 0.020404 1.901709 0.000000 0.000000 0.000000 -0.027025 -0.001070 -0.024981 0.000000 0.000000 0.000000 -0.000020 0.000014 0.000021 -0.000535 -0.000204 -0.008027 0.000052 0.000020 -9.809198 
94.364000 0.002549 0.001993 0.008899 2.895280 0.018925 1.899512 0.000000 0.000000 0.000000 -0.024510 -0.005089 -0.022100 0.000000 0.000000 0.000000 -0.000023 0.000016 0.000020 -0.000544 -0.000199 -0.008028 0.000052 0.000020 -9.809198 
94.464000 0.002594 0.002103 0.008826 2.893183 0.018679 1.898696 0.000000 0.000000 0.000000 -0.022913 -0.006883 -0.018328 0.000000 0.000000 0.000000 -0.000022 0.000020 0.000019 -0.000552 -0.000193 -0.008032 0.000053 0.000019 -9.809198 
94.564000 0.002771 0.002162 0.008412 2.898272 0.022804 1.901131 0.000000 0.000000 0.000000 -0.015749 -0.007133 -0.014461 0.000000 0.000000 0.000000 -0.000025 0.000016 0.000047 -0.000589 -0.000222 -0.008045 0.000056 0.000022 -9.809198 
94.668000 0.002793 0.002031 0.008480 2.896570 0.021240 1.900933 0.000000 0.000000 0.000000 -0.012843 -0.009864 -0.009500 0.000000 0.000000 0.000000 -0.000027 0.000020 0.000040 -0.000591 -0.000214 -0.008049 0.000057 0.000021 -9.809198 
94.768000 0.002950 0.001953 0.008545 2.895199 0.019493 1.900174 0.000000 0.000000 0.000000 -0.009524 -0.012407 -0.005963 0.000000 0.000000 0.000000 -0.000024 0.000021 0.000037 -0.000591 -0.000201 -0.008049 0.000057 0.000020 -9.809198 
94.868000 0.003057 0.001980 0.008580 2.894157 0.017883 1.900093 0.000000 0.000000 0.000000 -0.007557 -0.014088 -0.004182 0.000000 0.000000 0.000000 -0.000025 0.000023 0.000035 -0.000593 -0.000199 -0.008051 0.000057 0.000020 -9.809198 
94.968000 0.003108 0.002042 0.008567 2.893794 0.016343 1.899920 0.000000 0.000000 0.000000 -0.005939 -0.016281 -0.001802 0.000000 0.000000 0.000000 -0.000023 0.000021 0.000033 -0.000593 -0.000194 -0.008051 0.000057 0.000019 -9.809198 
95.068000 0.003319 0.001978 0.008631 2.893496 0.013752 1.899026 0.000000 0.000000 0.000000 -0.004079 -0.018931 -0.000027 0.000000 0.000000 0.000000 -0.000020 0.000018 0.000031 -0.000591 -0.000183 -0.008048 0.000057 0.000019 -9.809198 
95.168000 0.003294 0.001954 0.008662 2.893648 0.012024 1.899834 0.000000 0.000000 0.000000 -0.001955 -0.020699 0.001252 0.000000 0.000000 0.000000 -0.000019 0.000015 0.000029 -0.000583 -0.000179 -0.008051 0.000056 0.000018 -9.809198 
95.268000 0.003121 0.001681 0.008712 2.890653 0.007575 1.900422 0.000000 0.000000 0.000000 -0.002707 -0.024382 0.002970 0.000000 0.000000 0.000000 -0.000024 0.000024 0.000025 -0.000577 -0.000167 -0.008054 0.000055 0.000017 -9.809198 
95.368000 0.002838 0.001421 0.008784 2.890142 0.004383 1.900435 0.000000 0.000000 0.000000 -0.001114 -0.026072 0.003787 0.000000 0.000000 0.000000 -0.000026 0.000023 0.000024 -0.000575 -0.000168 -0.008053 0.000055 0.000017 -9.809198 
95.468000 0.002604 0.001464 0.008797 2.891253 0.000602 1.901157 0.000000 0.000000 0.000000 0.001226 -0.028886 0.004430 0.000000 0.000000 0.000000 -0.000029 0.000023 0.000026 -0.000583 -0.000161 -0.008055 0.000056 0.000016 -9.809198 
95.568000 0.002149 0.001647 0.008788 2.891661 -0.001714 1.902346 0.000000 0.000000 0.000000 0.002711 -0.029206 0.005400 0.000000 0.000000 0.000000 -0.000032 0.000027 0.000025 -0.000591 -0.000168 -0.008057 0.000057 0.000017 -9.809198 
95.668000 0.001766 0.001663 0.008789 2.892429 -0.003685 1.905754 0.000000 0.000000 0.000000 0.003155 -0.029290 0.005510 0.000000 0.000000 0.000000 -0.000031 0.000029 0.000024 -0.000587 -0.000157 -0.008068 0.000056 0.000016 -9.809198 
95.768000 0.001581 0.001777 0.008801 2.893181 -0.007036 1.907301 0.000000 0.000000 0.000000 0.004529 -0.029561 0.004789 0.000000 0.000000 0.000000 -0.000033 0.000030 0.000022 -0.000589 -0.000151 -0.008072 0.000056 0.000015 -9.809198 
95.872000 0.001527 0.002044 0.008842 2.894450 -0.010959 1.908443 0.000000 0.000000 0.000000 0.006152 -0.030505 0.004184 0.000000 0.000000 0.000000 -0.000032 0.000034 0.000022 -0.000603 -0.000137 -0.008075 0.000058 0.000014 -9.809198 
95.972000 0.001100 0.002043 0.008799 2.894844 -0.014015 1.911276 0.000000 0.000000 0.000000 0.007602 -0.030423 0.004224 0.000000 0.000000 0.000000 -0.000038 0.000036 0.000021 -0.000592 -0.000132 -0.008085 0.000057 0.000014 -9.809198 
96.076000 0.000647 0.002006 0.008817 2.895498 -0.016166 1.912771 0.000000 0.000000 0.000000 0.009188 -0.029475 0.005440 0.000000 0.000000 0.000000 -0.000041 0.000033 0.000020 -0.000578 -0.000142 -0.008089 0.000055 0.000015 -9.809197 
96.176000 0.000228 0.002008 0.008690 2.896307 -0.018338 1.915509 0.000000 0.000000 0.000000 0.011168 -0.027648 0.005551 0.000000 0.000000 0.000000 -0.000049 0.000031 0.000018 -0.000559 -0.000149 -0.008098 0.000054 0.000015 -9.809197 
96.276000 -0.000382 0.002237 0.008576 2.897456 -0.020303 1.919292 0.000000 0.000000 0.000000 0.011620 -0.025637 0.004496 0.000000 0.000000 0.000000 -0.000060 0.000036 0.000017 -0.000555 -0.000156 -0.008111 0.000053 0.000016 -9.809197 
96.376000 -0.000868 0.002263 0.008485 2.898548 -0.023300 1.921902 0.000000 0.000000 0.000000 0.012298 -0.024484 0.004597 0.000000 0.000000 0.000000 -0.000067 0.000038 0.000017 -0.000548 -0.000151 -0.008121 0.000052 0.000015 -9.809197 
96.480000 -0.001100 0.002126 0.008471 2.899384 -0.025096 1.922554 0.000000 0.000000 0.000000 0.014259 -0.021618 0.003612 0.000000 0.000000 0.000000 -0.000066 0.000038 0.000017 -0.000542 -0.000154 -0.008121 0.000052 0.000016 -9.809197 
96.580000 -0.001168 0.002180 0.008481 2.901384 -0.027962 1.923497 0.000000 0.000000 0.000000 0.015768 -0.020399 0.002289 0.000000 0.000000 0.000000 -0.000066 0.000037 0.000014 -0.000543 -0.000142 -0.008124 0.000052 0.000015 -9.809197 
96.680000 -0.001344 0.002258 0.008490 2.903458 -0.030153 1.924051 0.000000 0.000000 0.000000 0.016893 -0.016577 -0.000230 0.000000 0.000000 0.000000 -0.000066 0.000038 0.000012 -0.000545 -0.000138 -0.008126 0.000052 0.000014 -9.809197 
96.780000 -0.001429 0.002461 0.008476 2.906045 -0.031225 1.925606 0.000000 0.000000 0.000000 0.018136 -0.013123 -0.002378 0.000000 0.000000 0.000000 -0.000069 0.000042 0.000006 -0.000555 -0.000140 -0.008133 0.000053 0.000014 -9.809197 
96.880000 -0.001653 0.002529 0.008395 2.907709 -0.032445 1.926121 0.000000 0.000000 0.000000 0.018898 -0.010062 -0.004463 0.000000 0.000000 0.000000 -0.000069 0.000043 0.000004 -0.000551 -0.000134 -0.008136 0.000053 0.000014 -9.809197 
96.984000 -0.001914 0.002260 0.008347 2.909825 -0.032795 1.926098 0.000000 0.000000 0.000000 0.020926 -0.008716 -0.006885 0.000000 0.000000 0.000000 -0.000071 0.000039 0.000004 -0.000542 -0.000141 -0.008139 0.000052 0.000014 -9.809197 
97.088000 -0.002092 0.002251 0.008321 2.912345 -0.033360 1.925770 0.000000 0.000000 0.000000 0.022832 -0.004857 -0.008952 0.000000 0.000000 0.000000 -0.000072 0.000039 0.000002 -0.000540 -0.000141 -0.008141 0.000052 0.000014 -9.809197 
97.188000 -0.002336 0.002245 0.008336 2.914754 -0.034449 1.925393 0.000000 0.000000 0.000000 0.022712 -0.002310 -0.009718 0.000000 0.000000 0.000000 -0.000073 0.000038 -0.000001 -0.000538 -0.000134 -0.008143 0.000052 0.000014 -9.809197 
97.288000 -0.002329 0.002087 0.008376 2.913683 -0.035305 1.925966 0.000000 0.000000 0.000000 0.021491 -0.001101 -0.009882 0.000000 0.000000 0.000000 -0.000077 0.000041 -0.000006 -0.000510 -0.000130 -0.008151 0.000049 0.000013 -9.809197 
97.388000 -0.001728 0.001940 0.008354 2.915938 -0.035724 1.928068 0.000000 0.000000 0.000000 0.023209 0.000807 -0.010292 0.000000 0.000000 0.000000 -0.000084 0.000037 -0.000014 -0.000490 -0.000124 -0.008164 0.000047 0.000013 -9.809197 
97.488000 -0.001570 0.001529 0.008310 2.915294 -0.036411 1.928827 0.000000 0.000000 0.000000 0.021535 0.002948 -0.010824 0.000000 0.000000 0.000000 -0.000086 0.000039 -0.000016 -0.000465 -0.000112 -0.008172 0.000045 0.000012 -9.809196 
97.588000 -0.001481 0.001120 0.008308 2.916411 -0.041261 1.930442 0.000000 0.000000 0.000000 0.020850 0.001960 -0.010377 0.000000 0.000000 0.000000 -0.000099 0.000041 -0.000016 -0.000452 -0.000071 -0.008185 0.000044 0.000008 -9.809196 
97.688000 -0.001821 0.001068 0.008250 2.917464 -0.041110 1.930260 0.000000 0.000000 0.000000 0.020888 0.004187 -0.011161 0.000000 0.000000 0.000000 -0.000102 0.000038 -0.000019 -0.000435 -0.000071 -0.008189 0.000042 0.000008 -9.809196 
97.788000 -0.002049 0.001216 0.008199 2.920756 -0.040005 1.930265 0.000000 0.000000 0.000000 0.020813 0.006346 -0.013326 0.000000 0.000000 0.000000 -0.000099 0.000032 -0.000020 -0.000430 -0.000067 -0.008194 0.000042 0.000007 -9.809196 
97.888000 -0.001973 0.001564 0.008096 2.927229 -0.042097 1.930616 0.000000 0.000000 0.000000 0.023045 0.006082 -0.015454 0.000000 0.000000 0.000000 -0.000100 0.000025 -0.000025 -0.000447 -0.000037 -0.008202 0.000043 0.000005 -9.809196 
97.988000 -0.002081 0.001683 0.008091 2.931500 -0.043650 1.929874 0.000000 0.000000 0.000000 0.023575 0.007127 -0.016906 0.000000 0.000000 0.000000 -0.000099 0.000026 -0.000029 -0.000462 -0.000014 -0.008206 0.000045 0.000003 -9.809196 
98.088000 -0.002146 0.001569 0.008072 2.935398 -0.043573 1.927885 0.000000 0.000000 0.000000 0.023969 0.009497 -0.019490 0.000000 0.000000 0.000000 -0.000100 0.000027 -0.000030 -0.000476 -0.000008 -0.008205 0.000046 0.000002 -9.809196 
98.188000 -0.002046 0.001423 0.008056 2.937202 -0.048086 1.926454 0.000000 0.000000 0.000000 0.023155 0.008507 -0.020420 0.000000 0.000000 0.000000 -0.000104 0.000029 -0.000032 -0.000474 0.000037 -0.008208 0.000046 -0.000002 -9.809196 
98.288000 -0.001896 0.000966 0.007897 2.939441 -0.052229 1.924323 0.000000 0.000000 0.000000 0.023474 0.008319 -0.022064 0.000000 0.000000 0.000000 -0.000106 0.000024 -0.000033 -0.000464 0.000081 -0.008209 0.000045 -0.000006 -9.809196 
98.388000 -0.001977 0.000525 0.007863 2.941031 -0.054026 1.920640 0.000000 0.000000 0.000000 0.024086 0.009259 -0.025381 0.000000 0.000000 0.000000 -0.000097 0.000009 -0.000035 -0.000435 0.000114 -0.008204 0.000042 -0.000009 -9.809196 
98.488000 -0.002391 0.000368 0.007816 2.942524 -0.053479 1.917162 0.000000 0.000000 0.000000 0.025432 0.011487 -0.027396 0.000000 0.000000 0.000000 -0.000094 -0.000001 -0.000037 -0.000412 0.000121 -0.008201 0.000040 -0.000010 -9.809196 
98.588000 -0.002427 0.000307 0.007802 2.936551 -0.050108 1.916473 0.000000 0.000000 0.000000 0.021496 0.012102 -0.026662 0.000000 0.000000 0.000000 -0.000103 -0.000002 -0.000035 -0.000343 0.000095 -0.008210 0.000034 -0.000008 -9.809196 
98.688000 -0.002533 0.000191 0.007843 2.939671 -0.048212 1.913890 0.000000 0.000000 0.000000 0.021390 0.013519 -0.026555 0.000000 0.000000 0.000000 -0.000101 -0.000003 -0.000035 -0.000349 0.000092 -0.008211 0.000034 -0.000007 -9.809196 
98.788000 -0.002856 0.000185 0.007837 2.941058 -0.046910 1.912378 0.000000 0.000000 0.000000 0.019714 0.014923 -0.026641 0.000000 0.000000 0.000000 -0.000106 -0.000003 -0.000038 -0.000341 0.000088 -0.008216 0.000034 -0.000007 -9.809196 
98.896000 -0.003040 0.000018 0.007772 2.944931 -0.043818 1.908672 0.000000 0.000000 0.000000 0.019050 0.016742 -0.026828 0.000000 0.000000 0.000000 -0.000107 -0.000001 -0.000037 -0.000360 0.000071 -0.008212 0.000035 -0.000005 -9.809196 
98.996000 -0.002909 0.000283 0.007721 2.948781 -0.043374 1.906157 0.000000 0.000000 0.000000 0.019614 0.017629 -0.025487 0.000000 0.000000 0.000000 -0.000108 -0.000001 -0.000040 -0.000374 0.000082 -0.008212 0.000037 -0.000006 -9.809196 
99.096000 -0.002710 0.000512 0.007687 2.953887 -0.044128 1.904005 0.000000 0.000000 0.000000 0.018773 0.018184 -0.025879 0.000000 0.000000 0.000000 -0.000111 -0.000001 -0.000040 -0.000397 0.000102 -0.008214 0.000039 -0.000008 -9.809196 
99.196000 -0.002637 0.000347 0.007662 2.956050 -0.043992 1.902164 0.000000 0.000000 0.000000 0.017523 0.018017 -0.025876 0.000000 0.000000 0.000000 -0.000111 -0.000005 -0.000042 -0.000393 0.000118 -0.008217 0.000038 -0.000010 -9.809196 
99.296000 -0.002537 0.000619 0.007780 2.957547 -0.045469 1.900990 0.000000 0.000000 0.000000 0.017351 0.018624 -0.026151 0.000000 0.000000 0.000000 -0.000113 -0.000006 -0.000045 -0.000387 0.000146 -0.008224 0.000038 -0.000012 -9.809196 
99.404000 -0.002287 0.000704 0.007975 2.963311 -0.048525 1.899495 0.000000 0.000000 0.000000 0.018681 0.017440 -0.025782 0.000000 0.000000 0.000000 -0.000112 -0.000010 -0.000046 -0.000408 0.000195 -0.008231 0.000040 -0.000017 -9.809196 
99.504000 -0.002090 0.000429 0.007992 2.965849 -0.053025 1.896479 0.000000 0.000000 0.000000 0.017664 0.016732 -0.024761 0.000000 0.000000 0.000000 -0.000107 -0.000016 -0.000045 -0.000405 0.000260 -0.008229 0.000040 -0.000023 -9.809196 
99.608000 -0.002177 0.000024 0.007988 2.966762 -0.049696 1.894258 0.000000 0.000000 0.000000 0.016534 0.018707 -0.023321 0.000000 0.000000 0.000000 -0.000098 -0.000022 -0.000044 -0.000390 0.000259 -0.008231 0.000038 -0.000023 -9.809196 
99.708000 -0.002572 -0.000398 0.008018 2.966099 -0.045313 1.892280 0.000000 0.000000 0.000000 0.015423 0.018754 -0.022457 0.000000 0.000000 0.000000 -0.000097 -0.000026 -0.000043 -0.000367 0.000239 -0.008232 0.000036 -0.000021 -9.809196 
99.808000 -0.003035 -0.000635 0.008045 2.968841 -0.043269 1.890501 0.000000 0.000000 0.000000 0.014517 0.019781 -0.021136 0.000000 0.000000 0.000000 -0.000100 -0.000033 -0.000043 -0.000368 0.000234 -0.008234 0.000036 -0.000020 -9.809196 
99.912000 -0.003333 -0.000943 0.007921 2.970779 -0.040312 1.888856 0.000000 0.000000 0.000000 0.011744 0.020940 -0.018946 0.000000 0.000000 0.000000 -0.000103 -0.000038 -0.000044 -0.000366 0.000224 -0.008236 0.000036 -0.000019 -9.809196 
100.016000 -0.003355 -0.000985 0.007916 2.973538 -0.036999 1.887035 0.000000 0.000000 0.000000 0.011199 0.022031 -0.017298 0.000000 0.000000 0.000000 -0.000104 -0.000043 -0.000045 -0.000371 0.000213 -0.008236 0.000036 -0.000018 -9.809196 
100.116000 -0.003327 -0.001258 0.008017 2.971585 -0.031715 1.885737 0.000000 0.000000 0.000000 0.009483 0.023172 -0.014911 0.000000 0.000000 0.000000 -0.000102 -0.000049 -0.000048 -0.000342 0.000188 -0.008237 0.000034 -0.000016 -9.809196 
100.224000 -0.002930 -0.001579 0.008066 2.972718 -0.029418 1.884583 0.000000 0.000000 0.000000 0.008596 0.025322 -0.013487 0.000000 0.000000 0.000000 -0.000093 -0.000057 -0.000048 -0.000333 0.000203 -0.008239 0.000033 -0.000017 -9.809196 
100.328000 -0.002878 -0.001577 0.008139 2.980538 -0.027969 1.884454 0.000000 0.000000 0.000000 0.008532 0.026421 -0.011595 0.000000 0.000000 0.000000 -0.000090 -0.000061 -0.000052 -0.000377 0.000218 -0.008245 0.000037 -0.000019 -9.809196 
100.428000 -0.003006 -0.001623 0.008087 2.981656 -0.026444 1.884054 0.000000 0.000000 0.000000 0.006456 0.025795 -0.010895 0.000000 0.000000 0.000000 -0.000089 -0.000064 -0.000051 -0.000376 0.000228 -0.008248 0.000037 -0.000020 -9.809196 
100.532000 -0.002714 -0.001760 0.008023 2.982135 -0.024206 1.883258 0.000000 0.000000 0.000000 0.003474 0.025545 -0.010535 0.000000 0.000000 0.000000 -0.000086 -0.000066 -0.000050 -0.000373 0.000235 -0.008250 0.000037 -0.000020 -9.809196 
100.636000 -0.002281 -0.001877 0.008036 2.984848 -0.021354 1.882845 0.000000 0.000000 0.000000 0.000894 0.024823 -0.009583 0.000000 0.000000 0.000000 -0.000084 -0.000066 -0.000055 -0.000390 0.000237 -0.008253 0.000038 -0.000021 -9.809196 
100.740000 -0.001824 -0.001949 0.007860 2.997464 -0.035690 1.884915 0.000000 0.000000 0.000000 0.002532 0.019427 -0.007822 0.000000 0.000000 0.000000 -0.000091 -0.000078 -0.000049 -0.000466 0.000367 -0.008266 0.000045 -0.000032 -9.809196 
100.840000 -0.001631 -0.002048 0.007871 2.999056 -0.035429 1.884853 0.000000 0.000000 0.000000 0.001005 0.017199 -0.007851 0.000000 0.000000 0.000000 -0.000092 -0.000081 -0.000049 -0.000473 0.000378 -0.008270 0.000046 -0.000033 -9.809195 
100.940000 -0.001601 -0.002236 0.007872 2.998373 -0.034415 1.884216 0.000000 0.000000 0.000000 -0.001334 0.016770 -0.006553 0.000000 0.000000 0.000000 -0.000093 -0.000081 -0.000049 -0.000467 0.000383 -0.008270 0.000045 -0.000034 -9.809195 
101.040000 -0.001768 -0.002644 0.007968 2.994598 -0.031924 1.884940 0.000000 0.000000 0.000000 -0.003708 0.015800 -0.004378 0.000000 0.000000 0.000000 -0.000096 -0.000091 -0.000056 -0.000430 0.000371 -0.008275 0.000042 -0.000033 -9.809195 
101.140000 -0.001983 -0.003041 0.007992 2.993003 -0.030845 1.884107 0.000000 0.000000 0.000000 -0.006327 0.013655 -0.002624 0.000000 0.000000 0.000000 -0.000103 -0.000096 -0.000057 -0.000416 0.000367 -0.008273 0.000041 -0.000032 -9.809195 
101.244000 -0.002471 -0.003743 0.007959 2.993363 -0.029122 1.884233 0.000000 0.000000 0.000000 -0.009648 0.013955 -0.003207 0.000000 0.000000 0.000000 -0.000103 -0.000095 -0.000056 -0.000426 0.000363 -0.008275 0.000042 -0.000032 -9.809195 
101.348000 -0.002505 -0.004190 0.008057 2.984093 -0.022677 1.886677 0.000000 0.000000 0.000000 -0.013687 0.013484 -0.002363 0.000000 0.000000 0.000000 -0.000106 -0.000103 -0.000061 -0.000358 0.000313 -0.008287 0.000035 -0.000027 -9.809195 
101.448000 -0.002735 -0.004405 0.008119 2.982221 -0.020560 1.886732 0.000000 0.000000 0.000000 -0.015914 0.013751 -0.002146 0.000000 0.000000 0.000000 -0.000106 -0.000104 -0.000061 -0.000355 0.000306 -0.008288 0.000035 -0.000027 -9.809195 
101.548000 -0.002762 -0.004255 0.008107 2.982226 -0.019253 1.887466 0.000000 0.000000 0.000000 -0.019026 0.013953 -0.002538 0.000000 0.000000 0.000000 -0.000107 -0.000105 -0.000060 -0.000367 0.000304 -0.008293 0.000036 -0.000027 -9.809195 
101.648000 -0.002530 -0.003775 0.007875 2.981145 -0.016036 1.888818 0.000000 0.000000 0.000000 -0.021018 0.015604 -0.002853 0.000000 0.000000 0.000000 -0.000105 -0.000109 -0.000061 -0.000372 0.000288 -0.008301 0.000037 -0.000025 -9.809195 
101.748000 -0.002119 -0.003234 0.007834 2.980826 -0.014446 1.889485 0.000000 0.000000 0.000000 -0.023530 0.014855 -0.001640 0.000000 0.000000 0.000000 -0.000102 -0.000109 -0.000062 -0.000386 0.000290 -0.008305 0.000038 -0.000025 -9.809195 
101.852000 -0.001694 -0.003282 0.007842 2.980429 -0.014646 1.889605 0.000000 0.000000 0.000000 -0.026222 0.014546 -0.001399 0.000000 0.000000 0.000000 -0.000098 -0.000107 -0.000061 -0.000406 0.000309 -0.008307 0.000040 -0.000027 -9.809195 
101.948000 -0.001605 -0.003281 0.007878 2.977795 -0.013982 1.888728 0.000000 0.000000 0.000000 -0.028776 0.014065 -0.001034 0.000000 0.000000 0.000000 -0.000090 -0.000104 -0.000061 -0.000409 0.000328 -0.008304 0.000040 -0.000029 -9.809195 
102.048000 -0.001434 -0.003184 0.007839 2.982649 -0.016947 1.888031 0.000000 0.000000 0.000000 -0.030004 0.012036 -0.001025 0.000000 0.000000 0.000000 -0.000084 -0.000101 -0.000054 -0.000475 0.000368 -0.008302 0.000046 -0.000032 -9.809195 
102.148000 -0.001252 -0.002659 0.007898 2.980908 -0.012840 1.889066 0.000000 0.000000 0.000000 -0.031291 0.011688 -0.000134 0.000000 0.000000 0.000000 -0.000074 -0.000102 -0.000055 -0.000485 0.000354 -0.008307 0.000047 -0.000031 -9.809195 
102.248000 -0.001208 -0.002257 0.007900 2.984880 -0.009133 1.888778 0.000000 0.000000 0.000000 -0.030806 0.012310 -0.000144 0.000000 0.000000 0.000000 -0.000064 -0.000098 -0.000050 -0.000549 0.000345 -0.008307 0.000053 -0.000030 -9.809195 
102.348000 -0.001151 -0.002205 0.008015 2.981400 -0.007995 1.889054 0.000000 0.000000 0.000000 -0.031356 0.010568 0.001237 0.000000 0.000000 0.000000 -0.000065 -0.000095 -0.000048 -0.000550 0.000343 -0.008308 0.000053 -0.000030 -9.809195 
102.448000 -0.001298 -0.002387 0.008005 2.979550 -0.005234 1.889600 0.000000 0.000000 0.000000 -0.033127 0.010427 0.001816 0.000000 0.000000 0.000000 -0.000061 -0.000096 -0.000047 -0.000561 0.000333 -0.008310 0.000054 -0.000029 -9.809195 
102.548000 -0.001247 -0.002674 0.007986 2.975620 -0.003507 1.890684 0.000000 0.000000 0.000000 -0.032964 0.008733 0.004545 0.000000 0.000000 0.000000 -0.000058 -0.000098 -0.000046 -0.000554 0.000328 -0.008313 0.000053 -0.000029 -9.809195 
102.648000 -0.001278 -0.002678 0.007898 2.972149 -0.002600 1.891691 0.000000 0.000000 0.000000 -0.033284 0.007322 0.007557 0.000000 0.000000 0.000000 -0.000055 -0.000099 -0.000047 -0.000552 0.000330 -0.008315 0.000053 -0.000029 -9.809195 
102.752000 -0.001230 -0.002731 0.007843 2.968351 -0.001751 1.892774 0.000000 0.000000 0.000000 -0.034954 0.007443 0.009238 0.000000 0.000000 0.000000 -0.000051 -0.000098 -0.000047 -0.000551 0.000334 -0.008316 0.000053 -0.000029 -9.809195 
102.856000 -0.001278 -0.002773 0.007821 2.964886 -0.000167 1.893904 0.000000 0.000000 0.000000 -0.035506 0.006791 0.009272 0.000000 0.000000 0.000000 -0.000048 -0.000097 -0.000048 -0.000554 0.000332 -0.008317 0.000053 -0.000029 -9.809195 
102.956000 -0.001216 -0.002864 0.007874 2.962153 0.002027 1.894966 0.000000 0.000000 0.000000 -0.036710 0.006286 0.009409 0.000000 0.000000 0.000000 -0.000046 -0.000093 -0.000049 -0.000566 0.000324 -0.008318 0.000054 -0.000028 -9.809195 
103.060000 -0.000976 -0.002993 0.007841 2.958716 0.003187 1.895982 0.000000 0.000000 0.000000 -0.037940 0.005100 0.009794 0.000000 0.000000 0.000000 -0.000042 -0.000093 -0.000051 -0.000571 0.000325 -0.008318 0.000055 -0.000028 -9.809195 
103.164000 -0.000814 -0.003023 0.007861 2.959293 0.009365 1.897332 0.000000 0.000000 0.000000 -0.037447 0.004924 0.011095 0.000000 0.000000 0.000000 -0.000034 -0.000087 -0.000050 -0.000616 0.000292 -0.008320 0.000059 -0.000025 -9.809195 
103.268000 -0.001030 -0.003112 0.007846 2.956830 0.015546 1.898628 0.000000 0.000000 0.000000 -0.038722 0.005038 0.010388 0.000000 0.000000 0.000000 -0.000033 -0.000083 -0.000051 -0.000636 0.000251 -0.008322 0.000061 -0.000021 -9.809195 
103.368000 -0.001078 -0.003141 0.007833 2.956338 0.020253 1.898792 0.000000 0.000000 0.000000 -0.039825 0.004134 0.009185 0.000000 0.000000 0.000000 -0.000033 -0.000080 -0.000049 -0.000667 0.000219 -0.008319 0.000064 -0.000018 -9.809195 
103.468000 -0.001000 -0.003145 0.007784 2.953033 0.021925 1.898785 0.000000 0.000000 0.000000 -0.041672 0.004107 0.008976 0.000000 0.000000 0.000000 -0.000037 -0.000077 -0.000048 -0.000678 0.000206 -0.008315 0.000064 -0.000017 -9.809195 
103.568000 -0.000898 -0.002993 0.007755 2.955110 0.030367 1.897758 0.000000 0.000000 0.000000 -0.041135 0.005102 0.008611 0.000000 0.000000 0.000000 -0.000041 -0.000066 -0.000044 -0.000742 0.000141 -0.008307 0.000070 -0.000011 -9.809195 
103.668000 -0.000856 -0.002831 0.007636 2.951030 0.031300 1.897309 0.000000 0.000000 0.000000 -0.043362 0.003133 0.007712 0.000000 0.000000 0.000000 -0.000044 -0.000061 -0.000043 -0.000750 0.000136 -0.008302 0.000071 -0.000011 -9.809195 
103.772000 -0.000620 -0.003311 0.007432 2.947295 0.036386 1.897287 0.000000 0.000000 0.000000 -0.044645 0.002805 0.007663 0.000000 0.000000 0.000000 -0.000044 -0.000061 -0.000041 -0.000757 0.000099 -0.008299 0.000072 -0.000008 -9.809195 
103.876000 -0.000426 -0.003684 0.007367 2.942538 0.036784 1.898181 0.000000 0.000000 0.000000 -0.045557 0.001037 0.008897 0.000000 0.000000 0.000000 -0.000044 -0.000062 -0.000042 -0.000755 0.000099 -0.008299 0.000071 -0.000008 -9.809195 
103.980000 -0.000049 -0.003821 0.007292 2.938991 0.034101 1.898925 0.000000 0.000000 0.000000 -0.045132 -0.002331 0.009673 0.000000 0.000000 0.000000 -0.000043 -0.000065 -0.000047 -0.000762 0.000122 -0.008297 0.000072 -0.000010 -9.809195 
104.084000 0.000429 -0.004075 0.007292 2.935565 0.027655 1.900234 0.000000 0.000000 0.000000 -0.047125 -0.006457 0.010158 0.000000 0.000000 0.000000 -0.000039 -0.000066 -0.000053 -0.000772 0.000172 -0.008298 0.000073 -0.000014 -9.809195 
104.188000 0.001019 -0.004244 0.007425 2.932019 0.020239 1.901588 0.000000 0.000000 0.000000 -0.048066 -0.011228 0.009726 0.000000 0.000000 0.000000 -0.000036 -0.000066 -0.000059 -0.000782 0.000226 -0.008299 0.000074 -0.000019 -9.809195 
104.288000 0.001188 -0.004161 0.007564 2.930027 0.015410 1.902903 0.000000 0.000000 0.000000 -0.046895 -0.014890 0.010481 0.000000 0.000000 0.000000 -0.000035 -0.000068 -0.000066 -0.000803 0.000255 -0.008300 0.000076 -0.000022 -9.809195 
104.388000 0.000795 -0.004076 0.007599 2.926154 0.011964 1.904031 0.000000 0.000000 0.000000 -0.047444 -0.016635 0.010678 0.000000 0.000000 0.000000 -0.000037 -0.000071 -0.000068 -0.000806 0.000266 -0.008300 0.000076 -0.000023 -9.809195 
104.488000 0.000164 -0.004103 0.007778 2.902564 0.025329 1.903924 0.000000 0.000000 0.000000 -0.052480 -0.015962 0.010830 0.000000 0.000000 0.000000 -0.000044 -0.000076 -0.000082 -0.000677 0.000166 -0.008296 0.000064 -0.000014 -9.809195 
104.588000 -0.000513 -0.003920 0.007814 2.898404 0.024996 1.904659 0.000000 0.000000 0.000000 -0.052742 -0.019339 0.010578 0.000000 0.000000 0.000000 -0.000050 -0.000082 -0.000081 -0.000678 0.000148 -0.008295 0.000064 -0.000012 -9.809195 
104.688000 -0.001037 -0.003707 0.007837 2.894915 0.024249 1.904971 0.000000 0.000000 0.000000 -0.052066 -0.021409 0.009788 0.000000 0.000000 0.000000 -0.000056 -0.000086 -0.000080 -0.000687 0.000130 -0.008292 0.000065 -0.000011 -9.809195 
104.788000 -0.001361 -0.003254 0.007786 2.890734 0.021710 1.904068 0.000000 0.000000 0.000000 -0.052814 -0.024926 0.008447 0.000000 0.000000 0.000000 -0.000070 -0.000075 -0.000078 -0.000709 0.000113 -0.008285 0.000067 -0.000009 -9.809195 
104.888000 -0.001457 -0.002762 0.007641 2.889670 0.017426 1.905819 0.000000 0.000000 0.000000 -0.051283 -0.025852 0.009347 0.000000 0.000000 0.000000 -0.000073 -0.000077 -0.000076 -0.000735 0.000118 -0.008289 0.000070 -0.000009 -9.809195 
104.992000 -0.001701 -0.002124 0.007577 2.887356 0.013457 1.908239 0.000000 0.000000 0.000000 -0.049258 -0.026282 0.010668 0.000000 0.000000 0.000000 -0.000077 -0.000077 -0.000075 -0.000755 0.000121 -0.008295 0.000071 -0.000010 -9.809195 
105.092000 -0.001829 -0.001316 0.007438 2.890275 0.007739 1.909739 0.000000 0.000000 0.000000 -0.046787 -0.027973 0.010689 0.000000 0.000000 0.000000 -0.000076 -0.000071 -0.000066 -0.000809 0.000137 -0.008297 0.000076 -0.000011 -9.809195 
105.192000 -0.002052 -0.000623 0.007603 2.880714 0.007205 1.912575 0.000000 0.000000 0.000000 -0.047003 -0.028741 0.012026 0.000000 0.000000 0.000000 -0.000080 -0.000066 -0.000073 -0.000787 0.000119 -0.008305 0.000074 -0.000009 -9.809195 
105.292000 -0.002472 -0.000193 0.007676 2.876939 0.004019 1.914080 0.000000 0.000000 0.000000 -0.043985 -0.027905 0.013100 0.000000 0.000000 0.000000 -0.000080 -0.000066 -0.000071 -0.000792 0.000121 -0.008306 0.000075 -0.000010 -9.809195 
105.392000 -0.002774 0.000170 0.007846 2.870200 -0.000904 1.918331 0.000000 0.000000 0.000000 -0.041292 -0.028358 0.014687 0.000000 0.000000 0.000000 -0.000091 -0.000061 -0.000075 -0.000788 0.000124 -0.008319 0.000074 -0.000010 -9.809195 
105.492000 -0.003282 0.000516 0.007751 2.867155 -0.004292 1.921214 0.000000 0.000000 0.000000 -0.037944 -0.028632 0.016756 0.000000 0.000000 0.000000 -0.000097 -0.000057 -0.000071 -0.000797 0.000118 -0.008325 0.000075 -0.000009 -9.809195 
105.592000 -0.003692 0.000695 0.007796 2.862064 -0.005167 1.922880 0.000000 0.000000 0.000000 -0.034833 -0.028521 0.018221 0.000000 0.000000 0.000000 -0.000099 -0.000059 -0.000071 -0.000786 0.000104 -0.008325 0.000074 -0.000008 -9.809195 
105.700000 -0.004026 0.000999 0.007940 2.856999 0.002139 1.925980 0.000000 0.000000 0.000000 -0.030173 -0.023497 0.018686 0.000000 0.000000 0.000000 -0.000098 -0.000058 -0.000072 -0.000780 0.000040 -0.008330 0.000074 -0.000002 -9.809195 
105.800000 -0.004400 0.001291 0.007956 2.857757 0.000369 1.930568 0.000000 0.000000 0.000000 -0.025698 -0.021346 0.019022 0.000000 0.000000 0.000000 -0.000110 -0.000051 -0.000068 -0.000812 0.000023 -0.008342 0.000076 -0.000000 -9.809195 
105.900000 -0.004614 0.001437 0.007909 2.853663 -0.002649 1.931736 0.000000 0.000000 0.000000 -0.021244 -0.021907 0.018256 0.000000 0.000000 0.000000 -0.000115 -0.000056 -0.000068 -0.000796 0.000023 -0.008339 0.000075 -0.000000 -9.809195 
106.004000 -0.004541 0.001697 0.007940 2.851481 -0.004418 1.933297 0.000000 0.000000 0.000000 -0.016454 -0.019791 0.017115 0.000000 0.000000 0.000000 -0.000117 -0.000058 -0.000068 -0.000793 0.000018 -0.008338 0.000075 -0.000000 -9.809195 
106.108000 -0.004508 0.002181 0.007939 2.849783 -0.006325 1.935294 0.000000 0.000000 0.000000 -0.012111 -0.018663 0.016740 0.000000 0.000000 0.000000 -0.000116 -0.000058 -0.000068 -0.000793 0.000018 -0.008339 0.000075 -0.000000 -9.809195 
106.212000 -0.004339 0.002138 0.007924 2.853492 -0.005990 1.937220 0.000000 0.000000 0.000000 -0.007639 -0.016806 0.014967 0.000000 0.000000 0.000000 -0.000115 -0.000057 -0.000066 -0.000821 0.000006 -0.008340 0.000077 0.000001 -9.809195 
106.316000 -0.004095 0.001971 0.007944 2.851969 -0.007695 1.939115 0.000000 0.000000 0.000000 -0.002830 -0.015347 0.012311 0.000000 0.000000 0.000000 -0.000115 -0.000057 -0.000067 -0.000816 0.000007 -0.008342 0.000077 0.000001 -9.809195 
106.420000 -0.004032 0.001955 0.007939 2.850412 -0.009526 1.940774 0.000000 0.000000 0.000000 0.001730 -0.013403 0.010027 0.000000 0.000000 0.000000 -0.000115 -0.000058 -0.000067 -0.000808 0.000010 -0.008344 0.000076 0.000001 -9.809195 
106.520000 -0.004079 0.001939 0.007915 2.847478 -0.012102 1.942132 0.000000 0.000000 0.000000 0.005362 -0.012687 0.008596 0.000000 0.000000 0.000000 -0.000115 -0.000059 -0.000068 -0.000788 0.000017 -0.008346 0.000074 0.000000 -9.809195 
106.620000 -0.004187 0.001660 0.007793 2.852203 -0.019108 1.942541 0.000000 0.000000 0.000000 0.008451 -0.012526 0.007906 0.000000 0.000000 0.000000 -0.000117 -0.000064 -0.000059 -0.000805 0.000048 -0.008345 0.000076 -0.000003 -9.809195 
106.720000 -0.004102 0.001609 0.007698 2.856357 -0.017134 1.943627 0.000000 0.000000 0.000000 0.012955 -0.011054 0.006682 0.000000 0.000000 0.000000 -0.000120 -0.000066 -0.000059 -0.000821 0.000028 -0.008346 0.000077 -0.000001 -9.809195 
106.824000 -0.004156 0.001762 0.007698 2.857808 -0.018526 1.944622 0.000000 0.000000 0.000000 0.018432 -0.010473 0.005473 0.000000 0.000000 0.000000 -0.000121 -0.000067 -0.000059 -0.000820 0.000028 -0.008348 0.000077 -0.000001 -9.809195 
106.924000 -0.004274 0.001633 0.007615 2.860196 -0.019759 1.945414 0.000000 0.000000 0.000000 0.020128 -0.009291 0.003678 0.000000 0.000000 0.000000 -0.000126 -0.000066 -0.000058 -0.000825 0.000026 -0.008349 0.000077 -0.000001 -9.809195 
107.024000 -0.004612 0.001136 0.007565 2.863449 -0.014149 1.946568 0.000000 0.000000 0.000000 0.024543 -0.007155 0.002420 0.000000 0.000000 0.000000 -0.000132 -0.000069 -0.000055 -0.000828 -0.000016 -0.008353 0.000078 0.000003 -9.809195 
107.124000 -0.005304 0.000640 0.007542 2.870436 -0.004754 1.948558 0.000000 0.000000 0.000000 0.028052 -0.004127 0.000748 0.000000 0.000000 0.000000 -0.000133 -0.000071 -0.000053 -0.000851 -0.000070 -0.008360 0.000080 0.000008 -9.809195 
107.224000 -0.005705 0.000055 0.007482 2.871065 -0.007832 1.950769 0.000000 0.000000 0.000000 0.029107 -0.005372 -0.000557 0.000000 0.000000 0.000000 -0.000143 -0.000070 -0.000052 -0.000845 -0.000065 -0.008370 0.000079 0.000008 -9.809195 
107.324000 -0.005658 -0.000493 0.007407 2.860122 -0.003110 1.952961 0.000000 0.000000 0.000000 0.027695 -0.002490 -0.003892 0.000000 0.000000 0.000000 -0.000146 -0.000069 -0.000049 -0.000773 -0.000095 -0.008380 0.000073 0.000010 -9.809195 
107.428000 -0.004084 -0.000670 0.007366 2.846569 -0.017420 2.052074 0.000000 0.000000 0.000000 0.021892 -0.013573 0.009967 0.000000 0.000000 0.000000 -0.000245 -0.000111 -0.000050 -0.000855 -0.000031 -0.008810 0.000078 0.000007 -9.809191 
107.528000 -0.003710 -0.000939 0.007471 2.848739 -0.018849 2.052987 0.000000 0.000000 0.000000 0.021794 -0.014363 0.008063 0.000000 0.000000 0.000000 -0.000245 -0.000111 -0.000050 -0.000855 -0.000031 -0.008810 0.000078 0.000007 -9.809191 
107.628000 -0.003330 -0.000859 0.007805 2.859734 -0.022416 2.088685 0.000000 0.000000 0.000000 0.007909 -0.027430 0.018736 0.000000 0.000000 0.000000 -0.000257 -0.000115 -0.000088 -0.000304 0.000314 -0.009283 0.000027 -0.000020 -9.809187 
107.728000 -0.003586 -0.000396 0.007721 2.860643 -0.025153 2.090109 0.000000 0.000000 0.000000 0.010322 -0.027803 0.008306 0.000000 0.000000 0.000000 -0.000257 -0.000114 -0.000089 -0.000304 0.000314 -0.009283 0.000027 -0.000020 -9.809187 
107.828000 -0.003352 -0.001104 0.008213 2.908629 -0.018122 2.072726 0.000000 0.000000 0.000000 0.082357 -0.024658 -0.029761 0.000000 0.000000 0.000000 -0.000328 0.000056 -0.000122 -0.003945 0.000556 -0.008581 0.000359 -0.000047 -9.809191 
107.932000 -0.003481 -0.000777 0.008139 2.917257 -0.020654 2.068643 0.000000 0.000000 0.000000 0.083779 -0.023474 -0.050851 0.000000 0.000000 0.000000 -0.000328 0.000056 -0.000122 -0.003945 0.000556 -0.008581 0.000359 -0.000047 -9.809191 
108.028000 -0.003717 -0.001107 0.008094 2.925313 -0.022939 2.062915 0.000000 0.000000 0.000000 0.083951 -0.024244 -0.069108 0.000000 0.000000 0.000000 -0.000328 0.000057 -0.000122 -0.003945 0.000556 -0.008581 0.000359 -0.000047 -9.809191 
108.128000 -0.004182 -0.002249 0.008042 2.933680 -0.025340 2.055162 0.000000 0.000000 0.000000 0.082908 -0.024105 -0.086979 0.000000 0.000000 0.000000 -0.000327 0.000056 -0.000123 -0.003945 0.000555 -0.008581 0.000359 -0.000047 -9.809191 
108.228000 -0.004735 -0.003892 0.007968 2.941903 -0.027733 2.045668 0.000000 0.000000 0.000000 0.081931 -0.022807 -0.104557 0.000000 0.000000 0.000000 -0.000326 0.000053 -0.000123 -0.003944 0.000554 -0.008582 0.000358 -0.000047 -9.809191 
108.332000 -0.005337 -0.005278 0.007952 2.950221 -0.030018 2.034073 0.000000 0.000000 0.000000 0.079633 -0.021622 -0.120046 0.000000 0.000000 0.000000 -0.000327 0.000048 -0.000122 -0.003941 0.000552 -0.008583 0.000358 -0.000047 -9.809191 
108.436000 -0.005765 -0.006443 0.007836 2.958308 -0.032288 2.021100 0.000000 0.000000 0.000000 0.075187 -0.022193 -0.131197 0.000000 0.000000 0.000000 -0.000331 0.000039 -0.000123 -0.003942 0.000553 -0.008586 0.000358 -0.000047 -9.809191 
108.536000 -0.005886 -0.007611 0.007715 2.965635 -0.034510 2.007805 0.000000 0.000000 0.000000 0.070976 -0.021978 -0.138175 0.000000 0.000000 0.000000 -0.000338 0.000028 -0.000123 -0.003944 0.000553 -0.008590 0.000359 -0.000047 -9.809191 
108.636000 -0.003769 -0.005235 0.005249 2.882376 -0.127400 2.077420 0.000000 0.000000 0.000000 0.003916 -0.105756 -0.061670 0.000000 0.000000 0.000000 -0.000547 -0.000346 0.000100 0.000317 0.004561 -0.011094 -0.000035 -0.000383 -9.809174 
108.736000 -0.003817 -0.006482 0.005171 2.882627 -0.138101 2.071100 0.000000 0.000000 0.000000 0.000663 -0.108416 -0.065644 0.000000 0.000000 0.000000 -0.000547 -0.000347 0.000100 0.000316 0.004561 -0.011094 -0.000034 -0.000383 -9.809174 
108.836000 -0.004599 -0.006844 0.005094 2.882603 -0.148855 2.064378 0.000000 0.000000 0.000000 -0.000650 -0.107264 -0.069704 0.000000 0.000000 0.000000 -0.000546 -0.000348 0.000101 0.000316 0.004559 -0.011095 -0.000034 -0.000383 -9.809174 
108.936000 -0.006905 -0.005402 0.005068 2.882471 -0.159359 2.057108 0.000000 0.000000 0.000000 -0.002972 -0.105730 -0.077319 0.000000 0.000000 0.000000 -0.000547 -0.000348 0.000101 0.000313 0.004551 -0.011095 -0.000034 -0.000382 -9.809174 
109.040000 -0.009928 -0.003164 0.005078 2.882291 -0.169659 2.048638 0.000000 0.000000 0.000000 -0.002946 -0.101844 -0.086711 0.000000 0.000000 0.000000 -0.000551 -0.000346 0.000101 0.000309 0.004526 -0.011096 -0.000034 -0.000380 -9.809174 
109.140000 -0.013274 -0.000722 0.005050 2.882035 -0.179092 2.039609 0.000000 0.000000 0.000000 -0.001480 -0.097335 -0.097363 0.000000 0.000000 0.000000 -0.000560 -0.000340 0.000101 0.000312 0.004501 -0.011099 -0.000034 -0.000377 -9.809174 
109.240000 -0.016018 0.001422 0.005025 2.881893 -0.187814 2.029628 0.000000 0.000000 0.000000 0.000174 -0.091362 -0.108192 0.000000 0.000000 0.000000 -0.000579 -0.000331 0.000096 0.000320 0.004474 -0.011104 -0.000035 -0.000375 -9.809174 
109.340000 -0.018378 0.003141 0.004955 2.882184 -0.196595 2.018373 0.000000 0.000000 0.000000 0.005943 -0.083164 -0.116373 0.000000 0.000000 0.000000 -0.000579 -0.000331 0.000096 0.000320 0.004474 -0.011104 -0.000035 -0.000375 -9.809174 
109.440000 -0.020271 0.004265 0.004924 2.883327 -0.203980 2.006694 0.000000 0.000000 0.000000 0.012505 -0.073446 -0.123102 0.000000 0.000000 0.000000 -0.000604 -0.000321 0.000096 0.000314 0.004458 -0.011110 -0.000035 -0.000373 -9.809174 
109.540000 -0.021907 0.005204 0.004911 2.884841 -0.210813 1.994146 0.000000 0.000000 0.000000 0.018454 -0.062196 -0.127429 0.000000 0.000000 0.000000 -0.000604 -0.000321 0.000096 0.000314 0.004458 -0.011110 -0.000035 -0.000373 -9.809174 
109.640000 -0.023112 0.005827 0.004895 2.886978 -0.216513 1.981374 0.000000 0.000000 0.000000 0.026257 -0.049579 -0.127006 0.000000 0.000000 0.000000 -0.000604 -0.000321 0.000096 0.000314 0.004458 -0.011110 -0.000035 -0.000373 -9.809174 
109.740000 -0.024164 0.006497 0.004806 2.889950 -0.220827 1.968695 0.000000 0.000000 0.000000 0.032963 -0.036223 -0.125804 0.000000 0.000000 0.000000 -0.000604 -0.000321 0.000096 0.000314 0.004458 -0.011110 -0.000035 -0.000373 -9.809174 
109.844000 -0.024839 0.006659 0.004774 2.893807 -0.223916 1.955749 0.000000 0.000000 0.000000 0.041400 -0.021986 -0.122683 0.000000 0.000000 0.000000 -0.000604 -0.000321 0.000096 0.000314 0.004458 -0.011110 -0.000035 -0.000373 -9.809174 
109.952000 -0.025161 0.006502 0.004748 2.898756 -0.225594 1.942699 0.000000 0.000000 0.000000 0.050572 -0.008303 -0.117957 0.000000 0.000000 0.000000 -0.000604 -0.000321 0.000096 0.000314 0.004458 -0.011110 -0.000035 -0.000373 -9.809174 
110.052000 -0.025098 0.006027 0.004590 2.904249 -0.225900 1.931203 0.000000 0.000000 0.000000 0.058878 0.003181 -0.110933 0.000000 0.000000 0.000000 -0.000604 -0.000321 0.000096 0.000314 0.004458 -0.011110 -0.000035 -0.000373 -9.809174 
110.152000 -0.024875 0.004971 0.004479 2.910484 -0.225113 1.920443 0.000000 0.000000 0.000000 0.065819 0.012885 -0.102098 0.000000 0.000000 0.000000 -0.000604 -0.000321 0.000096 0.000314 0.004458 -0.011110 -0.000035 -0.000373 -9.809174 
110.252000 -0.024645 0.003904 0.004365 2.917421 -0.223270 1.910541 0.000000 0.000000 0.000000 0.073174 0.023928 -0.095172 0.000000 0.000000 0.000000 -0.000604 -0.000321 0.000096 0.000314 0.004458 -0.011110 -0.000035 -0.000373 -9.809174 
110.356000 -0.008441 -0.007814 0.004896 2.855173 -0.383770 1.795647 0.000000 0.000000 0.000000 -0.014270 -0.138934 -0.136380 0.000000 0.000000 0.000000 -0.002100 0.000704 0.000036 0.000519 0.006960 -0.009611 -0.000043 -0.000633 -9.809182 
110.460000 -0.008194 -0.008773 0.004723 2.853317 -0.398576 1.781865 0.000000 0.000000 0.000000 -0.019781 -0.146057 -0.128706 0.000000 0.000000 0.000000 -0.002100 0.000704 0.000036 0.000521 0.006959 -0.009612 -0.000043 -0.000633 -9.809182 
110.564000 -0.008865 -0.009449 0.004606 2.850908 -0.414022 1.768962 0.000000 0.000000 0.000000 -0.027063 -0.152348 -0.117835 0.000000 0.000000 0.000000 -0.002098 0.000705 0.000036 0.000521 0.006957 -0.009612 -0.000043 -0.000633 -9.809182 
110.668000 -0.011809 -0.008946 0.004438 2.847849 -0.430022 1.757477 0.000000 0.000000 0.000000 -0.034022 -0.156255 -0.100733 0.000000 0.000000 0.000000 -0.002098 0.000706 0.000036 0.000520 0.006955 -0.009612 -0.000043 -0.000633 -9.809182 
110.768000 -0.016084 -0.007671 0.004384 2.844110 -0.445739 1.748346 0.000000 0.000000 0.000000 -0.040309 -0.159477 -0.080863 0.000000 0.000000 0.000000 -0.002098 0.000709 0.000036 0.000522 0.006954 -0.009612 -0.000043 -0.000633 -9.809182 
110.868000 -0.020652 -0.006209 0.004265 2.840002 -0.461725 1.741328 0.000000 0.000000 0.000000 -0.045846 -0.160903 -0.059597 0.000000 0.000000 0.000000 -0.002095 0.000716 0.000039 0.000518 0.006954 -0.009613 -0.000043 -0.000633 -9.809182 
110.968000 -0.024661 -0.005182 0.004167 2.835833 -0.477558 1.736434 0.000000 0.000000 0.000000 -0.049241 -0.158252 -0.038987 0.000000 0.000000 0.000000 -0.002079 0.000718 0.000038 0.000504 0.006951 -0.009614 -0.000042 -0.000632 -9.809182 
111.068000 -0.028507 -0.004396 0.004037 2.831229 -0.492932 1.733425 0.000000 0.000000 0.000000 -0.051331 -0.150750 -0.019185 0.000000 0.000000 0.000000 -0.002055 0.000714 0.000037 0.000498 0.006946 -0.009612 -0.000041 -0.000632 -9.809182 
111.168000 -0.032173 -0.003465 0.003909 2.826218 -0.507430 1.732252 0.000000 0.000000 0.000000 -0.053984 -0.139877 -0.001391 0.000000 0.000000 0.000000 -0.002038 0.000708 0.000037 0.000496 0.006942 -0.009610 -0.000041 -0.000632 -9.809182 
111.268000 -0.035388 -0.002328 0.003844 2.820842 -0.520851 1.732703 0.000000 0.000000 0.000000 -0.055585 -0.127788 0.016405 0.000000 0.000000 0.000000 -0.002025 0.000704 0.000031 0.000497 0.006939 -0.009607 -0.000041 -0.000632 -9.809182 
111.368000 -0.038259 -0.001330 0.003740 2.815205 -0.533092 1.734931 0.000000 0.000000 0.000000 -0.056658 -0.115607 0.031512 0.000000 0.000000 0.000000 -0.002017 0.000704 0.000032 0.000500 0.006942 -0.009605 -0.000041 -0.000632 -9.809182 
111.468000 -0.040554 -0.000413 0.003643 2.809524 -0.543892 1.738602 0.000000 0.000000 0.000000 -0.056840 -0.101729 0.045717 0.000000 0.000000 0.000000 -0.002014 0.000701 0.000030 0.000501 0.006934 -0.009603 -0.000041 -0.000632 -9.809182 
111.572000 -0.042238 0.000686 0.003362 2.803903 -0.553565 1.743948 0.000000 0.000000 0.000000 -0.056416 -0.086301 0.058542 0.000000 0.000000 0.000000 -0.002010 0.000702 0.000037 0.000489 0.006921 -0.009602 -0.000040 -0.000630 -9.809182 
111.676000 -0.043902 0.001531 0.003128 2.798029 -0.561553 1.750541 0.000000 0.000000 0.000000 -0.054971 -0.069587 0.069399 0.000000 0.000000 0.000000 -0.002006 0.000699 0.000038 0.000493 0.006915 -0.009602 -0.000041 -0.000630 -9.809182 
111.776000 -0.045349 0.001852 0.002834 2.792521 -0.567726 1.757785 0.000000 0.000000 0.000000 -0.054008 -0.055747 0.077502 0.000000 0.000000 0.000000 -0.002001 0.000699 0.000038 0.000496 0.006911 -0.009601 -0.000041 -0.000630 -9.809182 
111.880000 -0.046326 0.002320 0.002610 2.786679 -0.572578 1.766190 0.000000 0.000000 0.000000 -0.052089 -0.040588 0.084684 0.000000 0.000000 0.000000 -0.001998 0.000699 0.000036 0.000507 0.006905 -0.009600 -0.000042 -0.000629 -9.809182 
111.984000 -0.046973 0.003161 0.002448 2.781413 -0.575776 1.775255 0.000000 0.000000 0.000000 -0.049663 -0.024923 0.089677 0.000000 0.000000 0.000000 -0.001995 0.000697 0.000033 0.000511 0.006897 -0.009600 -0.000042 -0.000628 -9.809182 
112.084000 -0.047481 0.003766 0.002277 2.776798 -0.577469 1.784430 0.000000 0.000000 0.000000 -0.047741 -0.010320 0.094129 0.000000 0.000000 0.000000 -0.001992 0.000696 0.000034 0.000503 0.006894 -0.009600 -0.000042 -0.000628 -9.809182 
112.184000 -0.048066 0.004224 0.002006 2.772620 -0.577696 1.794044 0.000000 0.000000 0.000000 -0.044690 0.001822 0.098023 0.000000 0.000000 0.000000 -0.001989 0.000695 0.000034 0.000490 0.006889 -0.009599 -0.000040 -0.000628 -9.809182 
112.292000 -0.048685 0.004750 0.001642 2.767808 -0.576446 1.804879 0.000000 0.000000 0.000000 -0.042943 0.013462 0.100616 0.000000 0.000000 0.000000 -0.001987 0.000696 0.000035 0.000493 0.006875 -0.009600 -0.000041 -0.000626 -9.809182 
112.392000 -0.049116 0.005051 0.001276 2.763872 -0.574494 1.814915 0.000000 0.000000 0.000000 -0.040304 0.024998 0.101094 0.000000 0.000000 0.000000 -0.001983 0.000692 0.000037 0.000489 0.006877 -0.009599 -0.000040 -0.000627 -9.809182 
112.496000 -0.049306 0.005340 0.000966 2.760069 -0.571075 1.825567 0.000000 0.000000 0.000000 -0.037205 0.035529 0.101041 0.000000 0.000000 0.000000 -0.001981 0.000691 0.000036 0.000483 0.006872 -0.009600 -0.000040 -0.000626 -9.809182 
112.596000 -0.049437 0.005797 0.000642 2.756783 -0.567207 1.835537 0.000000 0.000000 0.000000 -0.034512 0.044480 0.100666 0.000000 0.000000 0.000000 -0.001978 0.000690 0.000036 0.000475 0.006879 -0.009599 -0.000039 -0.000627 -9.809182 
112.696000 -0.050020 0.006379 0.000434 2.754113 -0.561687 1.845719 0.000000 0.000000 0.000000 -0.031680 0.053630 0.099910 0.000000 0.000000 0.000000 -0.001975 0.000689 0.000031 0.000461 0.006866 -0.009600 -0.000038 -0.000626 -9.809182 
112.796000 -0.050393 0.006824 0.000291 2.751631 -0.555988 1.855624 0.000000 0.000000 0.000000 -0.028422 0.060612 0.098734 0.000000 0.000000 0.000000 -0.001973 0.000688 0.000030 0.000448 0.006868 -0.009600 -0.000037 -0.000626 -9.809182 
112.900000 -0.050663 0.007370 0.000022 2.749194 -0.549423 1.865655 0.000000 0.000000 0.000000 -0.024452 0.067783 0.096525 0.000000 0.000000 0.000000 -0.001969 0.000690 0.000028 0.000436 0.006877 -0.009598 -0.000036 -0.000627 -9.809182 
113.004000 -0.051148 0.007928 -0.000192 2.747389 -0.541901 1.875550 0.000000 0.000000 0.000000 -0.019843 0.073499 0.094263 0.000000 0.000000 0.000000 -0.001966 0.000689 0.000027 0.000425 0.006876 -0.009598 -0.000035 -0.000627 -9.809182 
113.104000 -0.051854 0.008541 -0.000512 2.746456 -0.534402 1.884582 0.000000 0.000000 0.000000 -0.016603 0.079362 0.091198 0.000000 0.000000 0.000000 -0.001959 0.000685 0.000032 0.000407 0.006887 -0.009595 -0.000033 -0.000628 -9.809182 
113.204000 -0.052491 0.008839 -0.000724 2.745375 -0.525525 1.893626 0.000000 0.000000 0.000000 -0.012798 0.084094 0.089049 0.000000 0.000000 0.000000 -0.001953 0.000682 0.000030 0.000402 0.006877 -0.009595 -0.000033 -0.000627 -9.809182 
113.304000 -0.052934 0.009265 -0.000941 2.744518 -0.516160 1.902414 0.000000 0.000000 0.000000 -0.008569 0.088249 0.084840 0.000000 0.000000 0.000000 -0.001948 0.000681 0.000027 0.000401 0.006866 -0.009595 -0.000032 -0.000626 -9.809182 
113.404000 -0.053233 0.009670 -0.001165 2.744942 -0.506389 1.910915 0.000000 0.000000 0.000000 -0.004477 0.092881 0.081510 0.000000 0.000000 0.000000 -0.001943 0.000679 0.000025 0.000379 0.006859 -0.009596 -0.000030 -0.000626 -9.809182 
113.504000 -0.053677 0.010033 -0.001492 2.744862 -0.496607 1.918871 0.000000 0.000000 0.000000 0.000234 0.096411 0.077584 0.000000 0.000000 0.000000 -0.001938 0.000679 0.000021 0.000376 0.006858 -0.009595 -0.000030 -0.000626 -9.809182 
113.604000 -0.054380 0.010516 -0.001906 2.746408 -0.486001 1.926646 0.000000 0.000000 0.000000 0.005917 0.099491 0.075150 0.000000 0.000000 0.000000 -0.001931 0.000676 0.000022 0.000353 0.006853 -0.009595 -0.000028 -0.000625 -9.809182 
113.704000 -0.055168 0.011258 -0.002211 2.746828 -0.473538 1.934792 0.000000 0.000000 0.000000 0.008463 0.102184 0.072310 0.000000 0.000000 0.000000 -0.001924 0.000675 0.000017 0.000362 0.006820 -0.009600 -0.000029 -0.000622 -9.809182 
113.804000 -0.055715 0.011339 -0.002461 2.747801 -0.462238 1.941897 0.000000 0.000000 0.000000 0.011332 0.103847 0.069000 0.000000 0.000000 0.000000 -0.001919 0.000674 0.000017 0.000364 0.006808 -0.009600 -0.000029 -0.000621 -9.809183 
113.908000 -0.055987 0.011106 -0.002660 2.749056 -0.450093 1.949112 0.000000 0.000000 0.000000 0.015308 0.104968 0.066848 0.000000 0.000000 0.000000 -0.001912 0.000672 0.000016 0.000371 0.006791 -0.009600 -0.000030 -0.000620 -9.809183 
114.008000 -0.056280 0.011006 -0.002826 2.750142 -0.438220 1.955796 0.000000 0.000000 0.000000 0.018033 0.106474 0.064547 0.000000 0.000000 0.000000 -0.001907 0.000671 0.000014 0.000384 0.006773 -0.009600 -0.000031 -0.000618 -9.809183 
114.108000 -0.057102 0.010986 -0.003186 2.752905 -0.423116 1.963016 0.000000 0.000000 0.000000 0.019984 0.109633 0.061369 0.000000 0.000000 0.000000 -0.001897 0.000667 0.000019 0.000377 0.006715 -0.009605 -0.000030 -0.000613 -9.809183 
114.208000 -0.057985 0.010913 -0.003359 2.754930 -0.406843 1.970026 0.000000 0.000000 0.000000 0.022098 0.110992 0.059725 0.000000 0.000000 0.000000 -0.001885 0.000667 0.000015 0.000380 0.006646 -0.009610 -0.000031 -0.000607 -9.809183 
114.312000 -0.058668 0.011006 -0.003587 2.757311 -0.390067 1.977310 0.000000 0.000000 0.000000 0.024725 0.113227 0.056400 0.000000 0.000000 0.000000 -0.001877 0.000665 0.000018 0.000388 0.006581 -0.009616 -0.000031 -0.000601 -9.809184 
114.412000 -0.059156 0.011439 -0.003862 2.761499 -0.375988 1.983457 0.000000 0.000000 0.000000 0.026333 0.112923 0.054305 0.000000 0.000000 0.000000 -0.001872 0.000663 0.000019 0.000364 0.006550 -0.009619 -0.000029 -0.000598 -9.809184 
114.512000 -0.059590 0.011712 -0.004143 2.767722 -0.358367 1.990096 0.000000 0.000000 0.000000 0.028686 0.113477 0.050800 0.000000 0.000000 0.000000 -0.001863 0.000661 0.000023 0.000311 0.006478 -0.009626 -0.000025 -0.000592 -9.809184 
114.612000 -0.059747 0.011872 -0.004391 2.771322 -0.346099 1.995129 0.000000 0.000000 0.000000 0.030161 0.111240 0.048515 0.000000 0.000000 0.000000 -0.001858 0.000658 0.000020 0.000306 0.006469 -0.009627 -0.000024 -0.000591 -9.809184 
114.712000 -0.059710 0.011989 -0.004656 2.775691 -0.335206 1.999611 0.000000 0.000000 0.000000 0.031854 0.108059 0.046266 0.000000 0.000000 0.000000 -0.001854 0.000656 0.000016 0.000288 0.006471 -0.009624 -0.000023 -0.000591 -9.809184 
114.816000 -0.059593 0.012082 -0.004971 2.780329 -0.323530 2.004182 0.000000 0.000000 0.000000 0.033496 0.104957 0.042069 0.000000 0.000000 0.000000 -0.001849 0.000653 0.000016 0.000274 0.006467 -0.009624 -0.000021 -0.000591 -9.809184 
114.916000 -0.059882 0.012472 -0.005168 2.788562 -0.312579 2.008385 0.000000 0.000000 0.000000 0.036788 0.099982 0.038430 0.000000 0.000000 0.000000 -0.001843 0.000647 0.000009 0.000215 0.006469 -0.009624 -0.000016 -0.000591 -9.809184 
115.020000 -0.060469 0.012373 -0.005318 2.795252 -0.299214 2.012833 0.000000 0.000000 0.000000 0.038833 0.096868 0.035707 0.000000 0.000000 0.000000 -0.001835 0.000643 -0.000000 0.000181 0.006445 -0.009626 -0.000013 -0.000589 -9.809185 
115.120000 -0.061209 0.012225 -0.005447 2.799567 -0.281795 2.017586 0.000000 0.000000 0.000000 0.039589 0.094710 0.033132 0.000000 0.000000 0.000000 -0.001820 0.000641 -0.000003 0.000181 0.006374 -0.009631 -0.000013 -0.000583 -9.809185 
115.220000 -0.061734 0.012069 -0.005728 2.804275 -0.264841 2.022358 0.000000 0.000000 0.000000 0.039530 0.091789 0.030995 0.000000 0.000000 0.000000 -0.001811 0.000639 -0.000006 0.000176 0.006305 -0.009638 -0.000013 -0.000577 -9.809185 
115.320000 -0.062380 0.011900 -0.005999 2.808916 -0.249649 2.026428 0.000000 0.000000 0.000000 0.038581 0.088759 0.027391 0.000000 0.000000 0.000000 -0.001803 0.000638 -0.000008 0.000170 0.006252 -0.009643 -0.000012 -0.000572 -9.809186 
115.420000 -0.063253 0.011539 -0.006301 2.813441 -0.235854 2.029904 0.000000 0.000000 0.000000 0.037881 0.084770 0.025889 0.000000 0.000000 0.000000 -0.001795 0.000638 -0.000009 0.000161 0.006208 -0.009646 -0.000011 -0.000568 -9.809186 
115.520000 -0.063848 0.011336 -0.006516 2.816929 -0.223905 2.033006 0.000000 0.000000 0.000000 0.036209 0.080150 0.024293 0.000000 0.000000 0.000000 -0.001791 0.000638 -0.000011 0.000166 0.006176 -0.009649 -0.000012 -0.000566 -9.809186 
115.620000 -0.064232 0.011278 -0.006822 2.823974 -0.211567 2.036152 0.000000 0.000000 0.000000 0.036961 0.073537 0.020368 0.000000 0.000000 0.000000 -0.001784 0.000637 0.000000 0.000126 0.006141 -0.009652 -0.000008 -0.000562 -9.809187 
115.720000 -0.064949 0.011422 -0.007074 2.828660 -0.201728 2.038336 0.000000 0.000000 0.000000 0.034948 0.068497 0.016803 0.000000 0.000000 0.000000 -0.001778 0.000635 0.000001 0.000117 0.006120 -0.009653 -0.000008 -0.000561 -9.809187 
115.820000 -0.065709 0.011583 -0.007327 2.829123 -0.189684 2.040729 0.000000 0.000000 0.000000 0.032954 0.063301 0.013788 0.000000 0.000000 0.000000 -0.001765 0.000629 -0.000012 0.000159 0.006088 -0.009655 -0.000011 -0.000558 -9.809187 
115.920000 -0.066377 0.011581 -0.007628 2.835760 -0.179794 2.042723 0.000000 0.000000 0.000000 0.031796 0.057448 0.010375 0.000000 0.000000 0.000000 -0.001760 0.000627 -0.000010 0.000124 0.006066 -0.009658 -0.000008 -0.000556 -9.809187 
116.020000 -0.067009 0.011802 -0.007665 2.836524 -0.163007 2.045598 0.000000 0.000000 0.000000 0.028250 0.054289 0.006469 0.000000 0.000000 0.000000 -0.001747 0.000622 -0.000027 0.000161 0.005994 -0.009666 -0.000012 -0.000550 -9.809188 
116.124000 -0.067759 0.012051 -0.007801 2.842512 -0.150026 2.047675 0.000000 0.000000 0.000000 0.026799 0.048046 0.003527 0.000000 0.000000 0.000000 -0.001739 0.000621 -0.000033 0.000131 0.005950 -0.009672 -0.000009 -0.000546 -9.809188 
116.224000 -0.068472 0.012253 -0.008093 2.846025 -0.139276 2.049052 0.000000 0.000000 0.000000 0.024957 0.042913 0.000934 0.000000 0.000000 0.000000 -0.001734 0.000620 -0.000029 0.000125 0.005911 -0.009677 -0.000008 -0.000542 -9.809188 
116.324000 -0.069217 0.012739 -0.008324 2.850640 -0.125893 2.051159 0.000000 0.000000 0.000000 0.024448 0.038418 -0.000533 0.000000 0.000000 0.000000 -0.001726 0.000621 -0.000034 0.000104 0.005865 -0.009685 -0.000007 -0.000538 -9.809188 
116.424000 -0.069835 0.013305 -0.008626 2.855772 -0.118083 2.051863 0.000000 0.000000 0.000000 0.023440 0.031534 -0.004215 0.000000 0.000000 0.000000 -0.001721 0.000618 -0.000034 0.000083 0.005845 -0.009689 -0.000005 -0.000536 -9.809189 
116.528000 -0.070599 0.013822 -0.008989 2.854779 -0.107231 2.052733 0.000000 0.000000 0.000000 0.022623 0.026691 -0.006392 0.000000 0.000000 0.000000 -0.001713 0.000613 -0.000038 0.000125 0.005806 -0.009694 -0.000008 -0.000532 -9.809189 
116.628000 -0.071133 0.014301 -0.009363 2.860305 -0.093301 2.054483 0.000000 0.000000 0.000000 0.021941 0.023294 -0.007038 0.000000 0.000000 0.000000 -0.001703 0.000607 -0.000043 0.000105 0.005755 -0.009704 -0.000007 -0.000527 -9.809189 
116.728000 -0.071877 0.014618 -0.009701 2.865056 -0.075629 2.056754 0.000000 0.000000 0.000000 0.020741 0.021224 -0.008347 0.000000 0.000000 0.000000 -0.001690 0.000604 -0.000047 0.000091 0.005683 -0.009715 -0.000006 -0.000521 -9.809190 
116.836000 -0.072290 0.014798 -0.010142 2.866951 -0.066339 2.057180 0.000000 0.000000 0.000000 0.019860 0.014009 -0.009863 0.000000 0.000000 0.000000 -0.001684 0.000603 -0.000045 0.000097 0.005647 -0.009720 -0.000006 -0.000517 -9.809190 
116.936000 -0.072400 0.014840 -0.010489 2.868124 -0.062652 2.056506 0.000000 0.000000 0.000000 0.018410 0.006252 -0.009921 0.000000 0.000000 0.000000 -0.001681 0.000604 -0.000046 0.000104 0.005634 -0.009720 -0.000007 -0.000516 -9.809190 
117.036000 -0.072677 0.015284 -0.010835 2.872505 -0.054102 2.056858 0.000000 0.000000 0.000000 0.018738 -0.000164 -0.009844 0.000000 0.000000 0.000000 -0.001672 0.000601 -0.000049 0.000087 0.005599 -0.009725 -0.000005 -0.000513 -9.809191 
117.136000 -0.073108 0.015936 -0.011013 2.874011 -0.044719 2.057371 0.000000 0.000000 0.000000 0.019010 -0.006344 -0.011570 0.000000 0.000000 0.000000 -0.001660 0.000596 -0.000064 0.000099 0.005562 -0.009729 -0.000006 -0.000510 -9.809191 
117.236000 -0.073854 0.016374 -0.011280 2.877001 -0.040479 2.056895 0.000000 0.000000 0.000000 0.018184 -0.013672 -0.013622 0.000000 0.000000 0.000000 -0.001655 0.000594 -0.000067 0.000093 0.005540 -0.009731 -0.000006 -0.000508 -9.809191 
117.336000 -0.074946 0.016784 -0.011617 2.882196 -0.034525 2.056677 0.000000 0.000000 0.000000 0.019810 -0.020986 -0.014665 0.000000 0.000000 0.000000 -0.001643 0.000590 -0.000066 0.000073 0.005514 -0.009734 -0.000004 -0.000506 -9.809191 
117.436000 -0.075617 0.016975 -0.011933 2.886716 -0.035903 2.055152 0.000000 0.000000 0.000000 0.019221 -0.031098 -0.017372 0.000000 0.000000 0.000000 -0.001638 0.000585 -0.000065 0.000056 0.005511 -0.009734 -0.000003 -0.000506 -9.809191 
117.540000 -0.076118 0.017150 -0.012286 2.891294 -0.033518 2.054309 0.000000 0.000000 0.000000 0.019968 -0.037996 -0.017928 0.000000 0.000000 0.000000 -0.001633 0.000584 -0.000062 0.000039 0.005490 -0.009737 -0.000001 -0.000504 -9.809192 
117.640000 -0.076692 0.017373 -0.012432 2.888625 -0.025142 2.054572 0.000000 0.000000 0.000000 0.018236 -0.044398 -0.017666 0.000000 0.000000 0.000000 -0.001620 0.000577 -0.000070 0.000087 0.005451 -0.009743 -0.000006 -0.000501 -9.809192 
117.740000 -0.077355 0.017467 -0.012755 2.894747 -0.021701 2.054360 0.000000 0.000000 0.000000 0.019307 -0.051433 -0.017718 0.000000 0.000000 0.000000 -0.001613 0.000575 -0.000066 0.000060 0.005428 -0.009748 -0.000003 -0.000499 -9.809192 
117.840000 -0.078395 0.017563 -0.013004 2.900271 -0.019673 2.053686 0.000000 0.000000 0.000000 0.020128 -0.059726 -0.018189 0.000000 0.000000 0.000000 -0.001606 0.000574 -0.000067 0.000037 0.005402 -0.009751 -0.000001 -0.000497 -9.809192 
117.944000 -0.079697 0.017853 -0.013299 2.906718 -0.022239 2.052453 0.000000 0.000000 0.000000 0.020811 -0.068408 -0.017842 0.000000 0.000000 0.000000 -0.001601 0.000570 -0.000066 0.000010 0.005390 -0.009752 0.000001 -0.000496 -9.809193 
118.044000 -0.081041 0.018212 -0.013443 2.904571 -0.012779 2.054199 0.000000 0.000000 0.000000 0.019255 -0.072065 -0.017299 0.000000 0.000000 0.000000 -0.001591 0.000569 -0.000075 0.000049 0.005358 -0.009764 -0.000002 -0.000492 -9.809193 
118.148000 -0.082531 0.018455 -0.013869 2.908743 -0.012284 2.053375 0.000000 0.000000 0.000000 0.018664 -0.077723 -0.018357 0.000000 0.000000 0.000000 -0.001577 0.000561 -0.000071 0.000043 0.005338 -0.009766 -0.000002 -0.000491 -9.809193 
118.248000 -0.083772 0.018343 -0.014090 2.918338 -0.009957 2.053370 0.000000 0.000000 0.000000 0.019745 -0.082371 -0.019001 0.000000 0.000000 0.000000 -0.001568 0.000557 -0.000072 -0.000003 0.005314 -0.009771 0.000002 -0.000489 -9.809193 
118.348000 -0.084942 0.018390 -0.014162 2.932316 -0.006472 2.053319 0.000000 0.000000 0.000000 0.021875 -0.085729 -0.019631 0.000000 0.000000 0.000000 -0.001557 0.000555 -0.000080 -0.000080 0.005284 -0.009775 0.000009 -0.000486 -9.809194 
118.448000 -0.085975 0.018585 -0.014294 2.940626 -0.008518 2.052540 0.000000 0.000000 0.000000 0.020622 -0.091582 -0.020804 0.000000 0.000000 0.000000 -0.001551 0.000548 -0.000082 -0.000112 0.005270 -0.009779 0.000012 -0.000485 -9.809194 
118.548000 -0.086960 0.018470 -0.014379 2.948749 -0.010751 2.051696 0.000000 0.000000 0.000000 0.019425 -0.096329 -0.021648 0.000000 0.000000 0.000000 -0.001546 0.000547 -0.000088 -0.000150 0.005256 -0.009782 0.000015 -0.000484 -9.809194 
118.648000 -0.087920 0.017967 -0.014510 2.953300 -0.015469 2.050325 0.000000 0.000000 0.000000 0.018546 -0.102336 -0.022324 0.000000 0.000000 0.000000 -0.001541 0.000545 -0.000094 -0.000164 0.005246 -0.009784 0.000016 -0.000483 -9.809194 
118.748000 -0.089233 0.017593 -0.014952 2.968277 -0.026012 2.047578 0.000000 0.000000 0.000000 0.020734 -0.109167 -0.025411 0.000000 0.000000 0.000000 -0.001530 0.000528 -0.000080 -0.000233 0.005247 -0.009781 0.000022 -0.000484 -9.809194 
118.848000 -0.090390 0.016894 -0.015175 2.972828 -0.033534 2.045234 0.000000 0.000000 0.000000 0.017880 -0.115052 -0.027046 0.000000 0.000000 0.000000 -0.001525 0.000530 -0.000080 -0.000251 0.005236 -0.009780 0.000024 -0.000483 -9.809194 
118.948000 -0.091617 0.016209 -0.015454 2.980011 -0.038180 2.043600 0.000000 0.000000 0.000000 0.016140 -0.119841 -0.030009 0.000000 0.000000 0.000000 -0.001520 0.000526 -0.000084 -0.000279 0.005224 -0.009784 0.000026 -0.000482 -9.809195 
119.048000 -0.093055 0.015355 -0.015730 2.984953 -0.041319 2.041637 0.000000 0.000000 0.000000 0.012662 -0.123500 -0.032199 0.000000 0.000000 0.000000 -0.001508 0.000520 -0.000086 -0.000293 0.005208 -0.009785 0.000028 -0.000481 -9.809195 
119.148000 -0.094611 0.014599 -0.015968 2.988814 -0.045046 2.039233 0.000000 0.000000 0.000000 0.008108 -0.126223 -0.036079 0.000000 0.000000 0.000000 -0.001498 0.000516 -0.000093 -0.000304 0.005190 -0.009786 0.000029 -0.000480 -9.809195 
119.248000 -0.096219 0.013971 -0.016272 2.994387 -0.053887 2.035957 0.000000 0.000000 0.000000 0.003355 -0.129323 -0.039015 0.000000 0.000000 0.000000 -0.001494 0.000514 -0.000096 -0.000331 0.005182 -0.009786 0.000031 -0.000480 -9.809195 
119.348000 -0.097876 0.013245 -0.016503 3.003348 -0.056599 2.033431 0.000000 0.000000 0.000000 -0.000994 -0.129030 -0.041942 0.000000 0.000000 0.000000 -0.001484 0.000512 -0.000099 -0.000379 0.005166 -0.009789 0.000035 -0.000479 -9.809196 
119.452000 -0.099466 0.012865 -0.016840 3.008009 -0.073914 2.027630 0.000000 0.000000 0.000000 -0.007714 -0.134671 -0.044995 0.000000 0.000000 0.000000 -0.001476 0.000501 -0.000094 -0.000402 0.005167 -0.009783 0.000037 -0.000480 -9.809196 
119.552000 -0.101132 0.012790 -0.017210 3.018274 -0.078567 2.024509 0.000000 0.000000 0.000000 -0.014509 -0.135334 -0.049251 0.000000 0.000000 0.000000 -0.001471 0.000499 -0.000095 -0.000462 0.005157 -0.009787 0.000042 -0.000479 -9.809196 
119.656000 -0.102751 0.012485 -0.017505 3.023067 -0.088339 2.019654 0.000000 0.000000 0.000000 -0.022257 -0.136813 -0.052769 0.000000 0.000000 0.000000 -0.001465 0.000497 -0.000096 -0.000497 0.005148 -0.009787 0.000045 -0.000479 -9.809196 
119.756000 -0.104287 0.011946 -0.017774 3.028048 -0.098828 2.014512 0.000000 0.000000 0.000000 -0.029758 -0.138801 -0.056587 0.000000 0.000000 0.000000 -0.001458 0.000493 -0.000099 -0.000534 0.005145 -0.009786 0.000049 -0.000479 -9.809196 
119.856000 -0.105912 0.011892 -0.018042 3.023339 -0.107334 2.008538 0.000000 0.000000 0.000000 -0.037817 -0.138788 -0.061303 0.000000 0.000000 0.000000 -0.001446 0.000481 -0.000100 -0.000519 0.005131 -0.009782 0.000047 -0.000479 -9.809196 
119.956000 -0.107673 0.011620 -0.018333 3.023608 -0.111353 2.004100 0.000000 0.000000 0.000000 -0.046279 -0.136200 -0.064558 0.000000 0.000000 0.000000 -0.001438 0.000478 -0.000104 -0.000536 0.005128 -0.009787 0.000048 -0.000479 -9.809196 
120.056000 -0.109405 0.011506 -0.018619 3.020211 -0.115649 1.999148 0.000000 0.000000 0.000000 -0.053988 -0.134239 -0.066689 0.000000 0.000000 0.000000 -0.001430 0.000472 -0.000106 -0.000536 0.005125 -0.009790 0.000048 -0.000478 -9.809197 
120.156000 -0.110983 0.011385 -0.018998 3.019159 -0.124393 1.992731 0.000000 0.000000 0.000000 -0.061689 -0.132968 -0.069240 0.000000 0.000000 0.000000 -0.001423 0.000467 -0.000107 -0.000557 0.005119 -0.009789 0.000050 -0.000478 -9.809197 
120.256000 -0.112506 0.011944 -0.019404 3.010184 -0.137757 1.984725 0.000000 0.000000 0.000000 -0.069897 -0.132763 -0.071178 0.000000 0.000000 0.000000 -0.001414 0.000457 -0.000109 -0.000538 0.005112 -0.009783 0.000048 -0.000479 -9.809197 
120.356000 -0.113910 0.012633 -0.019766 3.009031 -0.143018 1.978948 0.000000 0.000000 0.000000 -0.077305 -0.129931 -0.069998 0.000000 0.000000 0.000000 -0.001406 0.000453 -0.000109 -0.000564 0.005110 -0.009786 0.000051 -0.000479 -9.809197 
120.456000 -0.115587 0.013518 -0.019982 3.009044 -0.149754 1.972067 0.000000 0.000000 0.000000 -0.082331 -0.127218 -0.070771 0.000000 0.000000 0.000000 -0.001397 0.000445 -0.000114 -0.000599 0.005095 -0.009783 0.000053 -0.000479 -9.809197 
120.556000 -0.117198 0.014483 -0.020308 3.001940 -0.160871 1.964483 0.000000 0.000000 0.000000 -0.089004 -0.126051 -0.072413 0.000000 0.000000 0.000000 -0.001392 0.000441 -0.000114 -0.000604 0.005086 -0.009780 0.000054 -0.000479 -9.809197 
120.660000 -0.118617 0.015366 -0.020767 2.988967 -0.177997 1.954902 0.000000 0.000000 0.000000 -0.095383 -0.125636 -0.072758 0.000000 0.000000 0.000000 -0.001388 0.000433 -0.000112 -0.000586 0.005070 -0.009771 0.000052 -0.000479 -9.809197 
120.760000 -0.119838 0.016122 -0.021092 2.976744 -0.186961 1.947136 0.000000 0.000000 0.000000 -0.101292 -0.121498 -0.070791 0.000000 0.000000 0.000000 -0.001381 0.000426 -0.000113 -0.000571 0.005056 -0.009767 0.000050 -0.000479 -9.809198 
120.860000 -0.121271 0.017077 -0.021528 2.971106 -0.188366 1.941645 0.000000 0.000000 0.000000 -0.104876 -0.115012 -0.066751 0.000000 0.000000 0.000000 -0.001374 0.000424 -0.000119 -0.000589 0.005050 -0.009769 0.000052 -0.000479 -9.809198 
120.960000 -0.122787 0.018487 -0.021970 2.961976 -0.204813 1.933211 0.000000 0.000000 0.000000 -0.107105 -0.113537 -0.062579 0.000000 0.000000 0.000000 -0.001372 0.000416 -0.000116 -0.000596 0.005035 -0.009761 0.000052 -0.000479 -9.809198 
121.060000 -0.124548 0.019756 -0.022308 2.953430 -0.202774 1.928750 0.000000 0.000000 0.000000 -0.107609 -0.105925 -0.058621 0.000000 0.000000 0.000000 -0.001361 0.000409 -0.000125 -0.000598 0.005029 -0.009763 0.000052 -0.000479 -9.809198 
121.160000 -0.126100 0.020732 -0.022823 2.938357 -0.217767 1.921176 0.000000 0.000000 0.000000 -0.109348 -0.104376 -0.055803 0.000000 0.000000 0.000000 -0.001359 0.000405 -0.000123 -0.000580 0.005016 -0.009756 0.000051 -0.000480 -9.809198 
121.260000 -0.127557 0.021799 -0.023267 2.928025 -0.225050 1.915367 0.000000 0.000000 0.000000 -0.109959 -0.101540 -0.050569 0.000000 0.000000 0.000000 -0.001354 0.000401 -0.000126 -0.000582 0.005003 -0.009752 0.000050 -0.000480 -9.809199 
121.364000 -0.129295 0.022993 -0.023670 2.918079 -0.232757 1.910056 0.000000 0.000000 0.000000 -0.109424 -0.096394 -0.046574 0.000000 0.000000 0.000000 -0.001350 0.000399 -0.000127 -0.000587 0.004994 -0.009749 0.000051 -0.000480 -9.809199 
121.468000 -0.130878 0.024268 -0.024167 2.908240 -0.237034 1.905407 0.000000 0.000000 0.000000 -0.106646 -0.090145 -0.043747 0.000000 0.000000 0.000000 -0.001343 0.000393 -0.000130 -0.000591 0.004985 -0.009747 0.000051 -0.000480 -9.809199 
121.568000 -0.132478 0.025708 -0.024613 2.901706 -0.240763 1.901726 0.000000 0.000000 0.000000 -0.103152 -0.083023 -0.038799 0.000000 0.000000 0.000000 -0.001338 0.000391 -0.000139 -0.000606 0.004983 -0.009746 0.000052 -0.000480 -9.809199 
121.668000 -0.133842 0.026981 -0.025110 2.894439 -0.259718 1.895050 0.000000 0.000000 0.000000 -0.097936 -0.081825 -0.035111 0.000000 0.000000 0.000000 -0.001339 0.000388 -0.000136 -0.000622 0.004963 -0.009736 0.000053 -0.000480 -9.809199 
121.768000 -0.135214 0.028263 -0.025528 2.882969 -0.262223 1.891746 0.000000 0.000000 0.000000 -0.093864 -0.075040 -0.030307 0.000000 0.000000 0.000000 -0.001333 0.000386 -0.000141 -0.000614 0.004953 -0.009733 0.000053 -0.000481 -9.809199 
121.868000 -0.136890 0.029293 -0.026097 2.874766 -0.272938 1.887579 0.000000 0.000000 0.000000 -0.087633 -0.071682 -0.026606 0.000000 0.000000 0.000000 -0.001331 0.000380 -0.000140 -0.000617 0.004944 -0.009728 0.000053 -0.000481 -9.809200 
121.968000 -0.138572 0.029986 -0.026494 2.869261 -0.271131 1.886224 0.000000 0.000000 0.000000 -0.081544 -0.063943 -0.018900 0.000000 0.000000 0.000000 -0.001324 0.000376 -0.000144 -0.000626 0.004942 -0.009729 0.000053 -0.000481 -9.809200 
122.072000 -0.140253 0.030836 -0.026719 2.870801 -0.263128 1.886349 0.000000 0.000000 0.000000 -0.072989 -0.054040 -0.012912 0.000000 0.000000 0.000000 -0.001314 0.000371 -0.000151 -0.000659 0.004941 -0.009731 0.000056 -0.000482 -9.809200 
122.176000 -0.141666 0.031622 -0.027037 2.866487 -0.269428 1.884681 0.000000 0.000000 0.000000 -0.065212 -0.048734 -0.006615 0.000000 0.000000 0.000000 -0.001312 0.000368 -0.000152 -0.000670 0.004935 -0.009728 0.000057 -0.000482 -9.809200 
122.276000 -0.142957 0.032127 -0.027291 2.863827 -0.270245 1.884130 0.000000 0.000000 0.000000 -0.058134 -0.042079 -0.001416 0.000000 0.000000 0.000000 -0.001308 0.000367 -0.000152 -0.000684 0.004927 -0.009725 0.000058 -0.000483 -9.809200 
122.380000 -0.144166 0.032311 -0.027570 2.857590 -0.271036 1.884213 0.000000 0.000000 0.000000 -0.051930 -0.035417 0.004048 0.000000 0.000000 0.000000 -0.001304 0.000365 -0.000154 -0.000681 0.004922 -0.009724 0.000058 -0.000483 -9.809200 
122.480000 -0.145236 0.032438 -0.027842 2.856950 -0.274977 1.884273 0.000000 0.000000 0.000000 -0.044677 -0.031195 0.007753 0.000000 0.000000 0.000000 -0.001302 0.000363 -0.000155 -0.000698 0.004917 -0.009721 0.000059 -0.000483 -9.809201 
122.580000 -0.146206 0.032640 -0.028118 2.855951 -0.273354 1.885577 0.000000 0.000000 0.000000 -0.036940 -0.027073 0.012136 0.000000 0.000000 0.000000 -0.001298 0.000361 -0.000159 -0.000708 0.004914 -0.009720 0.000060 -0.000484 -9.809201 
122.680000 -0.147282 0.032718 -0.028383 2.855168 -0.270487 1.887452 0.000000 0.000000 0.000000 -0.031813 -0.021387 0.016547 0.000000 0.000000 0.000000 -0.001294 0.000359 -0.000161 -0.000717 0.004913 -0.009720 0.000061 -0.000484 -9.809201 
122.780000 -0.148103 0.032841 -0.028671 2.854053 -0.274203 1.888512 0.000000 0.000000 0.000000 -0.026158 -0.019949 0.020181 0.000000 0.000000 0.000000 -0.001292 0.000358 -0.000165 -0.000725 0.004906 -0.009716 0.000061 -0.000484 -9.809201 
122.880000 -0.148944 0.032727 -0.028873 2.853588 -0.270280 1.890625 0.000000 0.000000 0.000000 -0.020918 -0.014672 0.022689 0.000000 0.000000 0.000000 -0.001286 0.000357 -0.000168 -0.000732 0.004899 -0.009713 0.000062 -0.000485 -9.809201 
122.980000 -0.149568 0.032691 -0.029074 2.854584 -0.271092 1.892461 0.000000 0.000000 0.000000 -0.016451 -0.011947 0.024681 0.000000 0.000000 0.000000 -0.001284 0.000355 -0.000168 -0.000743 0.004893 -0.009711 0.000062 -0.000485 -9.809201 
123.080000 -0.150234 0.032759 -0.029334 2.867042 -0.279482 1.893429 0.000000 0.000000 0.000000 -0.008618 -0.012737 0.027056 0.000000 0.000000 0.000000 -0.001285 0.000351 -0.000169 -0.000795 0.004881 -0.009705 0.000067 -0.000486 -9.809202 
123.180000 -0.150984 0.032545 -0.029575 2.866637 -0.285340 1.894980 0.000000 0.000000 0.000000 -0.003695 -0.014374 0.030626 0.000000 0.000000 0.000000 -0.001286 0.000350 -0.000170 -0.000799 0.004870 -0.009701 0.000067 -0.000486 -9.809202 
123.280000 -0.151602 0.032232 -0.029856 2.869407 -0.284033 1.898189 0.000000 0.000000 0.000000 -0.001446 -0.011591 0.033152 0.000000 0.000000 0.000000 -0.001283 0.000348 -0.000171 -0.000809 0.004867 -0.009700 0.000068 -0.000486 -9.809202 
123.380000 -0.152562 0.031942 -0.030064 2.874615 -0.275570 1.902380 0.000000 0.000000 0.000000 0.001846 -0.008869 0.035082 0.000000 0.000000 0.000000 -0.001278 0.000348 -0.000174 -0.000826 0.004865 -0.009699 0.000069 -0.000487 -9.809202 
123.480000 -0.153438 0.031622 -0.030207 2.881939 -0.276407 1.905505 0.000000 0.000000 0.000000 0.004544 -0.008731 0.036480 0.000000 0.000000 0.000000 -0.001276 0.000348 -0.000181 -0.000852 0.004860 -0.009697 0.000071 -0.000488 -9.809202 
123.580000 -0.154775 0.031007 -0.030434 2.885927 -0.271571 1.909750 0.000000 0.000000 0.000000 0.005985 -0.008739 0.037813 0.000000 0.000000 0.000000 -0.001272 0.000346 -0.000185 -0.000862 0.004859 -0.009697 0.000072 -0.000488 -9.809202 
123.680000 -0.155814 0.030218 -0.030643 2.886559 -0.272467 1.913523 0.000000 0.000000 0.000000 0.006963 -0.008909 0.037231 0.000000 0.000000 0.000000 -0.001272 0.000346 -0.000185 -0.000862 0.004859 -0.009697 0.000072 -0.000488 -9.809202 
123.780000 -0.152942 0.028943 -0.026326 3.038605 -0.231597 1.795432 0.000000 0.000000 0.000000 0.000200 -0.083134 0.012846 0.000000 0.000000 0.000000 -0.001554 0.000445 -0.000491 -0.001734 0.002961 -0.009197 0.000127 -0.000487 -9.809245 
123.884000 -0.154080 0.028189 -0.026622 3.038477 -0.240406 1.796664 0.000000 0.000000 0.000000 -0.003696 -0.086099 0.010405 0.000000 0.000000 0.000000 -0.001554 0.000445 -0.000491 -0.001734 0.002961 -0.009197 0.000127 -0.000487 -9.809245 
123.984000 -0.154965 0.026370 -0.026834 3.037833 -0.249217 1.797756 0.000000 0.000000 0.000000 -0.008728 -0.090653 0.011255 0.000000 0.000000 0.000000 -0.001554 0.000445 -0.000491 -0.001734 0.002961 -0.009197 0.000127 -0.000487 -9.809245 
124.084000 -0.155522 0.022942 -0.026824 3.036621 -0.258525 1.799103 0.000000 0.000000 0.000000 -0.016120 -0.096471 0.017508 0.000000 0.000000 0.000000 -0.001554 0.000445 -0.000491 -0.001734 0.002961 -0.009197 0.000127 -0.000487 -9.809245 
124.184000 -0.159205 0.019276 -0.024172 3.050308 -0.389533 1.761838 0.000000 0.000000 0.000000 -0.046709 -0.131646 0.013562 0.000000 0.000000 0.000000 -0.001193 0.000411 -0.000642 -0.001783 0.002768 -0.008760 0.000095 -0.000646 -9.809244 
124.284000 -0.160434 0.015735 -0.022167 3.129215 -0.368390 1.768703 0.000000 0.000000 0.000000 -0.031105 -0.104310 0.027918 0.000000 0.000000 0.000000 -0.001149 0.000432 -0.000787 -0.002275 0.002625 -0.008803 0.000142 -0.000634 -9.809263 
124.384000 -0.162342 0.013523 -0.022029 3.158719 -0.359219 1.774375 0.000000 0.000000 0.000000 -0.029380 -0.094806 0.042999 0.000000 0.000000 0.000000 -0.001121 0.000396 -0.000782 -0.002559 0.002590 -0.008816 0.000168 -0.000633 -9.809269 
124.488000 -0.165426 0.010595 -0.021758 3.161994 -0.386203 1.775729 0.000000 0.000000 0.000000 -0.047256 -0.104313 0.057884 0.000000 0.000000 0.000000 -0.001175 0.000422 -0.000776 -0.002604 0.002573 -0.008821 0.000173 -0.000626 -9.809268 
124.588000 -0.169528 0.007802 -0.021320 3.151542 -0.392973 1.781367 0.000000 0.000000 0.000000 -0.072193 -0.100440 0.069904 0.000000 0.000000 0.000000 -0.001205 0.000397 -0.000797 -0.002559 0.002543 -0.008818 0.000169 -0.000624 -9.809269 
124.692000 -0.174134 0.005033 -0.021068 3.138345 -0.393248 1.790326 0.000000 0.000000 0.000000 -0.096856 -0.092057 0.078370 0.000000 0.000000 0.000000 -0.001175 0.000350 -0.000801 -0.002539 0.002543 -0.008805 0.000166 -0.000632 -9.809270 
124.796000 -0.178386 0.002388 -0.020898 3.127010 -0.401594 1.798673 0.000000 0.000000 0.000000 -0.123122 -0.083170 0.081197 0.000000 0.000000 0.000000 -0.001167 0.000331 -0.000803 -0.002545 0.002543 -0.008799 0.000166 -0.000635 -9.809270 
124.896000 -0.181661 0.000634 -0.021138 3.109735 -0.398454 1.809829 0.000000 0.000000 0.000000 -0.149355 -0.071819 0.083821 0.000000 0.000000 0.000000 -0.001182 0.000328 -0.000792 -0.002526 0.002556 -0.008831 0.000167 -0.000622 -9.809270 
125.000000 -0.184615 0.000083 -0.021305 3.094051 -0.408856 1.816797 0.000000 0.000000 0.000000 -0.177193 -0.063204 0.080115 0.000000 0.000000 0.000000 -0.001181 0.000340 -0.000792 -0.002528 0.002545 -0.008813 0.000166 -0.000629 -9.809270 
125.100000 -0.187297 0.000949 -0.021696 3.075843 -0.415737 1.823499 0.000000 0.000000 0.000000 -0.202408 -0.052579 0.074913 0.000000 0.000000 0.000000 -0.001176 0.000339 -0.000793 -0.002533 0.002536 -0.008797 0.000165 -0.000636 -9.809270 
125.200000 -0.190097 0.003148 -0.022056 3.056084 -0.419739 1.828551 0.000000 0.000000 0.000000 -0.225569 -0.040036 0.066843 0.000000 0.000000 0.000000 -0.001166 0.000303 -0.000814 -0.002551 0.002504 -0.008762 0.000164 -0.000651 -9.809272 
125.300000 -0.192648 0.005468 -0.022209 3.039000 -0.443753 1.832250 0.000000 0.000000 0.000000 -0.246123 -0.032407 0.057413 0.000000 0.000000 0.000000 -0.001163 0.000350 -0.000845 -0.002575 0.002499 -0.008739 0.000164 -0.000661 -9.809272 
125.400000 -0.194970 0.008535 -0.024000 3.007570 -0.387939 1.833276 0.000000 0.000000 0.000000 -0.259895 -0.005472 0.043245 0.000000 0.000000 0.000000 -0.001139 0.000390 -0.000778 -0.002557 0.002362 -0.008614 0.000153 -0.000718 -9.809281 
125.500000 -0.196678 0.012416 -0.024990 2.980364 -0.385605 1.837789 0.000000 0.000000 0.000000 -0.274211 0.008972 0.035488 0.000000 0.000000 0.000000 -0.001139 0.000398 -0.000780 -0.002551 0.002361 -0.008621 0.000153 -0.000715 -9.809281 
125.600000 -0.198121 0.016436 -0.026068 2.952436 -0.384113 1.841054 0.000000 0.000000 0.000000 -0.284652 0.022353 0.029478 0.000000 0.000000 0.000000 -0.001139 0.000399 -0.000780 -0.002551 0.002361 -0.008621 0.000153 -0.000714 -9.809281 
125.704000 -0.199024 0.020081 -0.027457 2.930235 -0.403889 1.844562 0.000000 0.000000 0.000000 -0.287543 0.026793 0.028389 0.000000 0.000000 0.000000 -0.001139 0.000460 -0.000744 -0.002600 0.002426 -0.008649 0.000159 -0.000703 -9.809277 
125.804000 -0.199162 0.023768 -0.028699 2.902792 -0.404810 1.848008 0.000000 0.000000 0.000000 -0.290027 0.036944 0.029154 0.000000 0.000000 0.000000 -0.001136 0.000494 -0.000732 -0.002605 0.002445 -0.008661 0.000160 -0.000698 -9.809276 
125.904000 -0.198836 0.028054 -0.029839 2.873868 -0.400629 1.851040 0.000000 0.000000 0.000000 -0.288753 0.047642 0.032323 0.000000 0.000000 0.000000 -0.001136 0.000494 -0.000732 -0.002605 0.002445 -0.008661 0.000160 -0.000698 -9.809276 
126.004000 -0.198769 0.031881 -0.030991 2.845173 -0.395386 1.854502 0.000000 0.000000 0.000000 -0.283965 0.057828 0.037178 0.000000 0.000000 0.000000 -0.001136 0.000494 -0.000732 -0.002605 0.002445 -0.008661 0.000160 -0.000698 -9.809276 
126.104000 -0.199055 0.035683 -0.032025 2.817118 -0.389235 1.858558 0.000000 0.000000 0.000000 -0.275667 0.066004 0.045004 0.000000 0.000000 0.000000 -0.001136 0.000494 -0.000732 -0.002605 0.002445 -0.008661 0.000160 -0.000698 -9.809276 
126.208000 -0.199708 0.039318 -0.033057 2.788966 -0.382034 1.863638 0.000000 0.000000 0.000000 -0.264167 0.072998 0.054276 0.000000 0.000000 0.000000 -0.001136 0.000494 -0.000732 -0.002605 0.002445 -0.008661 0.000160 -0.000698 -9.809276 
126.308000 -0.200246 0.042505 -0.034004 2.763240 -0.374483 1.869547 0.000000 0.000000 0.000000 -0.249603 0.077628 0.065011 0.000000 0.000000 0.000000 -0.001136 0.000494 -0.000732 -0.002605 0.002445 -0.008661 0.000160 -0.000698 -9.809276 
126.408000 -0.200535 0.045519 -0.034920 2.739018 -0.366510 1.876549 0.000000 0.000000 0.000000 -0.233885 0.081607 0.076470 0.000000 0.000000 0.000000 -0.001136 0.000494 -0.000732 -0.002605 0.002445 -0.008661 0.000160 -0.000698 -9.809276 
126.508000 -0.200766 0.048322 -0.035802 2.716468 -0.358254 1.884689 0.000000 0.000000 0.000000 -0.214798 0.084232 0.086757 0.000000 0.000000 0.000000 -0.001136 0.000494 -0.000732 -0.002605 0.002445 -0.008661 0.000160 -0.000698 -9.809276 
126.608000 -0.201266 0.050778 -0.036520 2.695944 -0.349701 1.893851 0.000000 0.000000 0.000000 -0.194021 0.086723 0.097179 0.000000 0.000000 0.000000 -0.001136 0.000494 -0.000732 -0.002605 0.002445 -0.008661 0.000160 -0.000698 -9.809276 
131.436000 -0.003598 0.022176 -0.051560 3.241274 1.916894 2.132522 0.000000 0.000000 0.000000 0.405146 0.864291 -0.641059 0.000000 0.000000 0.000000 -0.001136 0.000494 -0.000732 -0.002605 0.002445 -0.008661 0.000160 -0.000698 -9.809276 
131.540000 -0.007946 0.022785 -0.051779 3.282221 1.997147 2.063340 0.000000 0.000000 0.000000 0.378995 0.653151 -0.685830 0.000000 0.000000 0.000000 -0.001136 0.000494 -0.000732 -0.002605 0.002445 -0.008661 0.000160 -0.000698 -9.809276 
131.640000 -0.024910 0.024356 -0.051873 3.318860 2.052401 1.994256 0.000000 0.000000 0.000000 0.351189 0.430419 -0.691747 0.000000 0.000000 0.000000 -0.001136 0.000494 -0.000732 -0.002605 0.002445 -0.008661 0.000160 -0.000698 -9.809276 
132.148000 -0.032325 0.024654 -0.051650 3.466218 2.022414 1.661779 0.000000 0.000000 0.000000 0.233384 -0.524685 -0.618947 0.000000 0.000000 0.000000 -0.001136 0.000494 -0.000732 -0.002605 0.002445 -0.008661 0.000160 -0.000698 -9.809276 
132.248000 -0.032434 0.024514 -0.051582 3.488670 1.962302 1.600456 0.000000 0.000000 0.000000 0.214146 -0.692756 -0.606086 0.000000 0.000000 0.000000 -0.001136 0.000494 -0.000732 -0.002605 0.002445 -0.008661 0.000160 -0.000698 -9.809276 
132.348000 -0.032651 0.024518 -0.051583 3.509257 1.885623 1.540412 0.000000 0.000000 0.000000 0.196304 -0.854472 -0.593560 0.000000 0.000000 0.000000 -0.001136 0.000494 -0.000732 -0.002605 0.002445 -0.008661 0.000160 -0.000698 -9.809276 
132.448000 -0.032731 0.024579 -0.051523 3.528083 1.793035 1.481610 0.000000 0.000000 0.000000 0.177241 -1.011545 -0.580694 0.000000 0.000000 0.000000 -0.001136 0.000494 -0.000732 -0.002605 0.002445 -0.008661 0.000160 -0.000698 -9.809276 
132.548000 -0.032702 0.024523 -0.051430 3.545047 1.684976 1.424009 0.000000 0.000000 0.000000 0.160264 -1.163316 -0.569750 0.000000 0.000000 0.000000 -0.001136 0.000494 -0.000732 -0.002605 0.002445 -0.008661 0.000160 -0.000698 -9.809276 
132.648000 -0.032637 0.024434 -0.051353 3.560315 1.561940 1.367497 0.000000 0.000000 0.000000 0.143371 -1.309585 -0.559376 0.000000 0.000000 0.000000 -0.001136 0.000494 -0.000732 -0.002605 0.002445 -0.008661 0.000160 -0.000698 -9.809276 
132.748000 -0.032595 0.024253 -0.051417 3.573949 1.424439 1.311999 0.000000 0.000000 0.000000 0.128151 -1.451724 -0.550068 0.000000 0.000000 0.000000 -0.001136 0.000494 -0.000732 -0.002605 0.002445 -0.008661 0.000160 -0.000698 -9.809276 
132.848000 -0.032534 0.024309 -0.051433 3.586024 1.273085 1.257400 0.000000 0.000000 0.000000 0.112057 -1.587306 -0.540449 0.000000 0.000000 0.000000 -0.001136 0.000494 -0.000732 -0.002605 0.002445 -0.008661 0.000160 -0.000698 -9.809276 
132.952000 -0.032372 0.024220 -0.051476 3.596934 1.101348 1.201635 0.000000 0.000000 0.000000 0.096607 -1.726123 -0.531268 0.000000 0.000000 0.000000 -0.001136 0.000494 -0.000732 -0.002605 0.002445 -0.008661 0.000160 -0.000698 -9.809276 
133.052000 -0.032256 0.024098 -0.051577 3.605906 0.922809 1.148891 0.000000 0.000000 0.000000 0.081391 -1.854546 -0.523715 0.000000 0.000000 0.000000 -0.001136 0.000494 -0.000732 -0.002605 0.002445 -0.008661 0.000160 -0.000698 -9.809276 
133.152000 -0.032118 0.024065 -0.051527 3.613418 0.731763 1.096832 0.000000 0.000000 0.000000 0.066823 -1.978528 -0.516994 0.000000 0.000000 0.000000 -0.001136 0.000494 -0.000732 -0.002605 0.002445 -0.008661 0.000160 -0.000698 -9.809276 
133.260000 -0.031783 0.024182 -0.051467 3.629879 0.484860 1.040607 0.000000 0.000000 0.000000 0.057108 -2.118940 -0.510425 0.000000 0.000000 0.000000 -0.001147 0.000490 -0.000734 -0.002605 0.002445 -0.008661 0.000160 -0.000698 -9.809276 
133.360000 -0.031693 0.024235 -0.051363 3.635000 0.267742 0.989778 0.000000 0.000000 0.000000 0.044461 -2.234189 -0.504798 0.000000 0.000000 0.000000 -0.001147 0.000490 -0.000734 -0.002605 0.002445 -0.008661 0.000160 -0.000698 -9.809276 
133.464000 -0.031631 0.024309 -0.051333 3.639081 0.029720 0.937519 0.000000 0.000000 0.000000 0.032562 -2.352745 -0.499542 0.000000 0.000000 0.000000 -0.001147 0.000490 -0.000734 -0.002605 0.002445 -0.008661 0.000160 -0.000698 -9.809276 
133.568000 -0.031618 0.024294 -0.051232 3.641898 -0.220394 0.885817 0.000000 0.000000 0.000000 0.020679 -2.466029 -0.494445 0.000000 0.000000 0.000000 -0.001147 0.000490 -0.000734 -0.002605 0.002445 -0.008661 0.000160 -0.000698 -9.809276 
133.672000 -0.031533 0.024218 -0.051302 3.643453 -0.482085 0.834626 0.000000 0.000000 0.000000 0.008337 -2.575656 -0.489274 0.000000 0.000000 0.000000 -0.001147 0.000490 -0.000734 -0.002605 0.002445 -0.008661 0.000160 -0.000698 -9.809276 
133.772000 -0.031462 0.024226 -0.051341 3.643742 -0.744352 0.785859 0.000000 0.000000 0.000000 -0.003472 -2.677565 -0.485369 0.000000 0.000000 0.000000 -0.001147 0.000490 -0.000734 -0.002605 0.002445 -0.008661 0.000160 -0.000698 -9.809276 
133.872000 -0.031373 0.024130 -0.051384 3.642947 -1.016626 0.737488 0.000000 0.000000 0.000000 -0.013638 -2.776277 -0.482397 0.000000 0.000000 0.000000 -0.001147 0.000490 -0.000734 -0.002605 0.002445 -0.008661 0.000160 -0.000698 -9.809276 
133.972000 -0.031218 0.024129 -0.051436 3.641168 -1.298659 0.689366 0.000000 0.000000 0.000000 -0.023272 -2.872987 -0.480169 0.000000 0.000000 0.000000 -0.001147 0.000490 -0.000734 -0.002605 0.002445 -0.008661 0.000160 -0.000698 -9.809276 
134.076000 -0.030893 0.024048 -0.051341 3.638209 -1.602104 0.639461 0.000000 0.000000 0.000000 -0.035048 -2.970528 -0.479632 0.000000 0.000000 0.000000 -0.001147 0.000490 -0.000734 -0.002605 0.002445 -0.008661 0.000160 -0.000698 -9.809276 
134.176000 -0.030688 0.023930 -0.051327 3.634244 -1.903242 0.591448 0.000000 0.000000 0.000000 -0.044133 -3.060510 -0.480887 0.000000 0.000000 0.000000 -0.001147 0.000490 -0.000734 -0.002605 0.002445 -0.008661 0.000160 -0.000698 -9.809276 
134.276000 -0.030401 0.023843 -0.051293 3.629401 -2.213374 0.543349 0.000000 0.000000 0.000000 -0.053153 -3.149918 -0.480236 0.000000 0.000000 0.000000 -0.001147 0.000490 -0.000734 -0.002605 0.002445 -0.008661 0.000160 -0.000698 -9.809276 
134.376000 -0.030312 0.023793 -0.051256 3.623675 -2.532297 0.495228 0.000000 0.000000 0.000000 -0.061866 -3.235778 -0.482948 0.000000 0.000000 0.000000 -0.001147 0.000490 -0.000734 -0.002605 0.002445 -0.008661 0.000160 -0.000698 -9.809276 
134.480000 -0.030314 0.023739 -0.051187 3.616792 -2.872882 0.444923 0.000000 0.000000 0.000000 -0.070826 -3.321399 -0.483677 0.000000 0.000000 0.000000 -0.001147 0.000490 -0.000734 -0.002605 0.002445 -0.008661 0.000160 -0.000698 -9.809276 
134.584000 -0.030127 0.023712 -0.051256 3.609068 -3.222346 0.394536 0.000000 0.000000 0.000000 -0.078511 -3.405160 -0.485160 0.000000 0.000000 0.000000 -0.001147 0.000490 -0.000734 -0.002605 0.002445 -0.008661 0.000160 -0.000698 -9.809276 
134.684000 -0.029935 0.023622 -0.051227 3.600867 -3.566453 0.345847 0.000000 0.000000 0.000000 -0.086393 -3.483322 -0.489787 0.000000 0.000000 0.000000 -0.001147 0.000490 -0.000734 -0.002605 0.002445 -0.008661 0.000160 -0.000698 -9.809276 
134.784000 -0.029705 0.023529 -0.051236 3.591820 -3.918219 0.296631 0.000000 0.000000 0.000000 -0.093945 -3.558884 -0.494745 0.000000 0.000000 0.000000 -0.001147 0.000490 -0.000734 -0.002605 0.002445 -0.008661 0.000160 -0.000698 -9.809276 
134.884000 -0.029410 0.023537 -0.051213 3.582120 -4.277551 0.246933 0.000000 0.000000 0.000000 -0.100895 -3.633122 -0.499710 0.000000 0.000000 0.000000 -0.001147 0.000490 -0.000734 -0.002605 0.002445 -0.008661 0.000160 -0.000698 -9.809276 
134.984000 -0.029292 0.023531 -0.051222 3.571728 -4.644103 0.196727 0.000000 0.000000 0.000000 -0.107927 -3.704780 -0.504445 0.000000 0.000000 0.000000 -0.001147 0.000490 -0.000734 -0.002605 0.002445 -0.008661 0.000160 -0.000698 -9.809276 
135.088000 -0.029279 0.023629 -0.051270 3.566366 -4.868831 0.121497 0.000000 0.000000 0.000000 -0.109175 -3.742205 -0.511265 0.000000 0.000000 0.000000 -0.001253 0.000446 -0.000741 -0.002601 0.002427 -0.008648 0.000159 -0.000698 -9.809277 
135.188000 -0.029080 0.023482 -0.051284 3.555203 -5.246142 0.070089 0.000000 0.000000 0.000000 -0.114982 -3.809316 -0.516843 0.000000 0.000000 0.000000 -0.001253 0.000446 -0.000741 -0.002601 0.002427 -0.008648 0.000159 -0.000698 -9.809277 
135.288000 -0.029027 0.023286 -0.051263 3.543403 -5.630042 0.018252 0.000000 0.000000 0.000000 -0.121078 -3.874229 -0.520409 0.000000 0.000000 0.000000 -0.001253 0.000446 -0.000741 -0.002601 0.002427 -0.008648 0.000159 -0.000698 -9.809277 
135.388000 -0.028883 0.023363 -0.051309 3.531044 -6.020345 -0.033917 0.000000 0.000000 0.000000 -0.126505 -3.937661 -0.524202 0.000000 0.000000 0.000000 -0.001253 0.000446 -0.000741 -0.002601 0.002427 -0.008648 0.000159 -0.000698 -9.809277 
135.488000 -0.028831 0.023360 -0.051394 3.518100 -6.416888 -0.086540 0.000000 0.000000 0.000000 -0.133344 -3.998503 -0.528467 0.000000 0.000000 0.000000 -0.001253 0.000446 -0.000741 -0.002601 0.002427 -0.008648 0.000159 -0.000698 -9.809277 
135.592000 -0.028935 0.024170 -0.051359 3.660412 -6.782480 -0.138758 0.000000 0.000000 0.000000 -0.092848 -4.045676 -0.531736 0.000000 0.000000 0.000000 -0.001233 0.000413 -0.000746 -0.002601 0.002427 -0.008649 0.000159 -0.000698 -9.809277 
135.692000 -0.028708 0.023935 -0.051411 3.650917 -7.189728 -0.192173 0.000000 0.000000 0.000000 -0.096720 -4.104335 -0.537307 0.000000 0.000000 0.000000 -0.001233 0.000413 -0.000746 -0.002601 0.002427 -0.008649 0.000159 -0.000698 -9.809277 
135.792000 -0.028438 0.023968 -0.051383 3.641035 -7.602839 -0.246114 0.000000 0.000000 0.000000 -0.101256 -4.162045 -0.542850 0.000000 0.000000 0.000000 -0.001233 0.000413 -0.000746 -0.002601 0.002427 -0.008649 0.000159 -0.000698 -9.809277 
135.892000 -0.028067 0.024031 -0.051457 3.630691 -8.021596 -0.300662 0.000000 0.000000 0.000000 -0.106271 -4.217843 -0.548051 0.000000 0.000000 0.000000 -0.001233 0.000413 -0.000746 -0.002601 0.002427 -0.008649 0.000159 -0.000698 -9.809277 
135.992000 -0.027837 0.023891 -0.051458 3.619873 -8.445923 -0.355790 0.000000 0.000000 0.000000 -0.110549 -4.273519 -0.554752 0.000000 0.000000 0.000000 -0.001233 0.000413 -0.000746 -0.002601 0.002427 -0.008649 0.000159 -0.000698 -9.809277 
136.092000 -0.028875 0.022148 -0.046921 3.633268 -8.653209 -0.431549 0.000000 0.000000 0.000000 -0.125645 -4.299536 -0.562978 0.000000 0.000000 0.000000 -0.000921 0.000777 -0.000950 -0.002515 0.002270 -0.008823 0.000156 -0.000687 -9.809285 
136.192000 -0.028784 0.022324 -0.046907 3.620529 -9.085441 -0.488154 0.000000 0.000000 0.000000 -0.129503 -4.350194 -0.569704 0.000000 0.000000 0.000000 -0.000921 0.000777 -0.000950 -0.002515 0.002270 -0.008823 0.000156 -0.000687 -9.809285 
136.296000 -0.028569 0.022274 -0.046929 3.606843 -9.540268 -0.547670 0.000000 0.000000 0.000000 -0.134101 -4.401099 -0.575699 0.000000 0.000000 0.000000 -0.000921 0.000777 -0.000950 -0.002515 0.002270 -0.008823 0.000156 -0.000687 -9.809285 
136.396000 -0.028302 0.022054 -0.046898 3.593201 -9.982647 -0.605605 0.000000 0.000000 0.000000 -0.139750 -4.449826 -0.584312 0.000000 0.000000 0.000000 -0.000921 0.000777 -0.000950 -0.002515 0.002270 -0.008823 0.000156 -0.000687 -9.809285 
136.496000 -0.027983 0.021832 -0.046821 3.579004 -10.429806 -0.664433 0.000000 0.000000 0.000000 -0.144201 -4.497626 -0.593895 0.000000 0.000000 0.000000 -0.000921 0.000777 -0.000950 -0.002515 0.002270 -0.008823 0.000156 -0.000687 -9.809285 
136.600000 -0.027687 0.021875 -0.046835 3.563823 -10.899833 -0.726713 0.000000 0.000000 0.000000 -0.149071 -4.545448 -0.604999 0.000000 0.000000 0.000000 -0.000921 0.000777 -0.000950 -0.002515 0.002270 -0.008823 0.000156 -0.000687 -9.809285 
136.700000 -0.027342 0.021944 -0.046865 3.548695 -11.356424 -0.787644 0.000000 0.000000 0.000000 -0.153883 -4.589944 -0.613682 0.000000 0.000000 0.000000 -0.000921 0.000777 -0.000950 -0.002515 0.002270 -0.008823 0.000156 -0.000687 -9.809285 
136.800000 -0.027024 0.021926 -0.046881 3.533074 -11.817427 -0.849315 0.000000 0.000000 0.000000 -0.158804 -4.634164 -0.621039 0.000000 0.000000 0.000000 -0.000921 0.000777 -0.000950 -0.002515 0.002270 -0.008823 0.000156 -0.000687 -9.809285 
136.900000 -0.026740 0.021745 -0.046903 3.516984 -12.282858 -0.911792 0.000000 0.000000 0.000000 -0.163107 -4.677220 -0.629542 0.000000 0.000000 0.000000 -0.000921 0.000777 -0.000950 -0.002515 0.002270 -0.008823 0.000156 -0.000687 -9.809285 
137.004000 -0.026585 0.021590 -0.046945 3.499756 -12.771415 -0.977645 0.000000 0.000000 0.000000 -0.168336 -4.721735 -0.636384 0.000000 0.000000 0.000000 -0.000921 0.000777 -0.000950 -0.002515 0.002270 -0.008823 0.000156 -0.000687 -9.809285 
137.104000 -0.026441 0.021375 -0.046907 3.482754 -13.245433 -1.041660 0.000000 0.000000 0.000000 -0.171360 -4.762680 -0.644771 0.000000 0.000000 0.000000 -0.000921 0.000777 -0.000950 -0.002515 0.002270 -0.008823 0.000156 -0.000687 -9.809285 
137.204000 -0.026228 0.021244 -0.046984 3.465447 -13.723592 -1.106404 0.000000 0.000000 0.000000 -0.175701 -4.803379 -0.651095 0.000000 0.000000 0.000000 -0.000921 0.000777 -0.000950 -0.002515 0.002270 -0.008823 0.000156 -0.000687 -9.809285 
137.304000 -0.025939 0.021235 -0.047069 3.447720 -14.205783 -1.171809 0.000000 0.000000 0.000000 -0.179510 -4.843777 -0.657217 0.000000 0.000000 0.000000 -0.000921 0.000777 -0.000950 -0.002515 0.002270 -0.008823 0.000156 -0.000687 -9.809285 
137.404000 -0.023689 0.022068 -0.045800 3.354007 -14.870087 -1.154809 0.000000 0.000000 0.000000 -0.177793 -4.952321 -0.658602 0.000000 0.000000 0.000000 -0.001165 0.000611 -0.001012 -0.002522 0.002306 -0.008828 0.000157 -0.000683 -9.809284 
137.504000 -0.023464 0.022066 -0.045768 3.336155 -15.367128 -1.220907 0.000000 0.000000 0.000000 -0.179594 -4.992669 -0.663144 0.000000 0.000000 0.000000 -0.001165 0.000611 -0.001012 -0.002522 0.002306 -0.008828 0.000157 -0.000683 -9.809284 
137.608000 -0.023223 0.021953 -0.045781 3.317280 -15.888272 -1.290241 0.000000 0.000000 0.000000 -0.183294 -5.032148 -0.670797 0.000000 0.000000 0.000000 -0.001165 0.000611 -0.001012 -0.002522 0.002306 -0.008828 0.000157 -0.000683 -9.809284 
137.708000 -0.022777 0.021966 -0.045729 3.298872 -16.393261 -1.356373 0.000000 0.000000 0.000000 -0.185488 -5.070667 -0.647198 0.000000 0.000000 0.000000 -0.001165 0.000611 -0.001012 -0.002522 0.002306 -0.008828 0.000157 -0.000683 -9.809284 
137.812000 -0.022445 0.021918 -0.045696 3.279413 -16.922511 -1.423294 0.000000 0.000000 0.000000 -0.188387 -5.110011 -0.636863 0.000000 0.000000 0.000000 -0.001165 0.000611 -0.001012 -0.002522 0.002306 -0.008828 0.000157 -0.000683 -9.809284 
137.912000 -0.022001 0.021930 -0.045639 3.260448 -17.435211 -1.488368 0.000000 0.000000 0.000000 -0.189957 -5.147832 -0.668189 0.000000 0.000000 0.000000 -0.001165 0.000611 -0.001012 -0.002522 0.002306 -0.008828 0.000157 -0.000683 -9.809284 
138.016000 -0.021553 0.021760 -0.045677 3.240530 -17.972401 -1.559049 0.000000 0.000000 0.000000 -0.192982 -5.186059 -0.691099 0.000000 0.000000 0.000000 -0.001165 0.000611 -0.001012 -0.002522 0.002306 -0.008828 0.000157 -0.000683 -9.809284 
138.120000 -0.021272 0.021598 -0.045545 3.220340 -18.513583 -1.631540 0.000000 0.000000 0.000000 -0.195367 -5.223981 -0.702954 0.000000 0.000000 0.000000 -0.001165 0.000611 -0.001012 -0.002522 0.002306 -0.008828 0.000157 -0.000683 -9.809284 
138.220000 -0.021010 0.021628 -0.045488 3.200645 -19.037608 -1.702229 0.000000 0.000000 0.000000 -0.198084 -5.259725 -0.711160 0.000000 0.000000 0.000000 -0.001165 0.000611 -0.001012 -0.002522 0.002306 -0.008828 0.000157 -0.000683 -9.809284 
138.324000 -0.020696 0.021666 -0.045454 3.179860 -19.586352 -1.776520 0.000000 0.000000 0.000000 -0.201748 -5.296318 -0.718824 0.000000 0.000000 0.000000 -0.001165 0.000611 -0.001012 -0.002522 0.002306 -0.008828 0.000157 -0.000683 -9.809284 
138.424000 -0.020262 0.021570 -0.045378 3.159591 -20.117608 -1.848716 0.000000 0.000000 0.000000 -0.203397 -5.331792 -0.724935 0.000000 0.000000 0.000000 -0.001165 0.000611 -0.001012 -0.002522 0.002306 -0.008828 0.000157 -0.000683 -9.809284 
139.128000 -0.017546 0.020808 -0.045390 3.010280 -23.953836 -2.372546 0.000000 0.000000 0.000000 -0.221793 -5.566592 -0.759776 0.000000 0.000000 0.000000 -0.001165 0.000611 -0.001012 -0.002522 0.002306 -0.008828 0.000157 -0.000683 -9.809284 
139.228000 -0.017068 0.020548 -0.045405 2.988000 -24.511959 -2.448615 0.000000 0.000000 0.000000 -0.224639 -5.598243 -0.762234 0.000000 0.000000 0.000000 -0.001165 0.000611 -0.001012 -0.002522 0.002306 -0.008828 0.000157 -0.000683 -9.809284 
139.328000 -0.016791 0.020464 -0.045369 2.965412 -25.073255 -2.524949 0.000000 0.000000 0.000000 -0.227221 -5.629704 -0.764531 0.000000 0.000000 0.000000 -0.001165 0.000611 -0.001012 -0.002522 0.002306 -0.008828 0.000157 -0.000683 -9.809284 
139.428000 -0.016488 0.020540 -0.045324 2.942516 -25.637567 -2.601516 0.000000 0.000000 0.000000 -0.230817 -5.659746 -0.766777 0.000000 0.000000 0.000000 -0.001165 0.000611 -0.001012 -0.002522 0.002306 -0.008828 0.000157 -0.000683 -9.809284 
139.528000 -0.016164 0.020567 -0.045292 2.919311 -26.205021 -2.677611 0.000000 0.000000 0.000000 -0.233553 -5.691618 -0.740999 0.000000 0.000000 0.000000 -0.001165 0.000611 -0.001012 -0.002522 0.002306 -0.008828 0.000157 -0.000683 -9.809284 
139.628000 -0.015672 0.020552 -0.045219 2.895842 -26.775551 -2.750253 0.000000 0.000000 0.000000 -0.235407 -5.721937 -0.712912 0.000000 0.000000 0.000000 -0.001165 0.000611 -0.001012 -0.002522 0.002306 -0.008828 0.000157 -0.000683 -9.809284 
139.728000 -0.015088 0.020361 -0.045224 2.872205 -27.349156 -2.820779 0.000000 0.000000 0.000000 -0.237773 -5.752639 -0.700852 0.000000 0.000000 0.000000 -0.001165 0.000611 -0.001012 -0.002522 0.002306 -0.008828 0.000157 -0.000683 -9.809284 
139.828000 -0.014757 0.020199 -0.045248 2.848311 -27.925789 -2.891082 0.000000 0.000000 0.000000 -0.240112 -5.782527 -0.701336 0.000000 0.000000 0.000000 -0.001165 0.000611 -0.001012 -0.002522 0.002306 -0.008828 0.000157 -0.000683 -9.809284 
139.932000 -0.014464 0.020304 -0.045343 2.823155 -28.528672 -2.963701 0.000000 0.000000 0.000000 -0.243866 -5.814285 -0.693617 0.000000 0.000000 0.000000 -0.001165 0.000611 -0.001012 -0.002522 0.002306 -0.008828 0.000157 -0.000683 -9.809284 
140.032000 -0.014169 0.020209 -0.045371 2.798603 -29.111444 -3.033220 0.000000 0.000000 0.000000 -0.246446 -5.844328 -0.695801 0.000000 0.000000 0.000000 -0.001165 0.000611 -0.001012 -0.002522 0.002306 -0.008828 0.000157 -0.000683 -9.809284 
140.132000 -0.013688 0.019985 -0.045383 2.773770 -29.697275 -3.102664 0.000000 0.000000 0.000000 -0.250887 -5.874849 -0.692043 0.000000 0.000000 0.000000 -0.001165 0.000611 -0.001012 -0.002522 0.002306 -0.008828 0.000157 -0.000683 -9.809284 
140.236000 -0.013155 0.019831 -0.045396 2.747466 -30.309779 -3.174421 0.000000 0.000000 0.000000 -0.254845 -5.906079 -0.692827 0.000000 0.000000 0.000000 -0.001165 0.000611 -0.001012 -0.002522 0.002306 -0.008828 0.000157 -0.000683 -9.809284 
140.336000 -0.012788 0.019710 -0.045434 2.721845 -30.901724 -3.244319 0.000000 0.000000 0.000000 -0.258920 -5.935380 -0.698918 0.000000 0.000000 0.000000 -0.001165 0.000611 -0.001012 -0.002522 0.002306 -0.008828 0.000157 -0.000683 -9.809284 
140.436000 -0.012357 0.019515 -0.045417 2.695893 -31.496518 -3.313761 0.000000 0.000000 0.000000 -0.260939 -5.963456 -0.691302 0.000000 0.000000 0.000000 -0.001165 0.000611 -0.001012 -0.002522 0.002306 -0.008828 0.000157 -0.000683 -9.809284 
141.648000 -0.006830 0.018495 -0.045981 2.355471 -38.934653 -4.164760 0.000000 0.000000 0.000000 -0.302410 -6.311975 -0.702843 0.000000 0.000000 0.000000 -0.001165 0.000611 -0.001012 -0.002522 0.002306 -0.008828 0.000157 -0.000683 -9.809284 
141.852000 -0.005592 0.018233 -0.045999 2.293097 -40.227871 -4.308487 0.000000 0.000000 0.000000 -0.309051 -6.369714 -0.703864 0.000000 0.000000 0.000000 -0.001165 0.000611 -0.001012 -0.002522 0.002306 -0.008828 0.000157 -0.000683 -9.809284 
142.660000 -0.006319 0.021116 -0.060857 1.739137 -45.828041 -4.363915 0.000000 0.000000 0.000000 -0.925615 -7.322816 0.567037 0.000000 0.000000 0.000000 -0.001165 0.000611 -0.001012 -0.002522 0.002306 -0.008828 0.000157 -0.000683 -9.809284 
143.368000 0.002229 0.016887 -0.056582 1.123665 -51.024269 -3.994626 0.000000 0.000000 0.000000 -0.821559 -7.367196 0.447873 0.000000 0.000000 0.000000 -0.001165 0.000611 -0.001012 -0.002522 0.002306 -0.008828 0.000157 -0.000683 -9.809284 
143.468000 0.003021 0.016458 -0.056023 1.042022 -51.761489 -3.951571 0.000000 0.000000 0.000000 -0.810418 -7.378648 0.405974 0.000000 0.000000 0.000000 -0.001165 0.000611 -0.001012 -0.002522 0.002306 -0.008828 0.000157 -0.000683 -9.809284 
143.568000 0.003890 0.016118 -0.055585 0.961408 -52.499785 -3.912155 0.000000 0.000000 0.000000 -0.801609 -7.390021 0.376713 0.000000 0.000000 0.000000 -0.001165 0.000611 -0.001012 -0.002522 0.002306 -0.008828 0.000157 -0.000683 -9.809284 
143.668000 0.004549 0.015882 -0.055149 0.881688 -53.239328 -3.876018 0.000000 0.000000 0.000000 -0.792259 -7.402250 0.343874 0.000000 0.000000 0.000000 -0.001165 0.000611 -0.001012 -0.002522 0.002306 -0.008828 0.000157 -0.000683 -9.809284 
143.768000 0.005242 0.015625 -0.054707 0.802855 -53.980208 -3.843155 0.000000 0.000000 0.000000 -0.783700 -7.416091 0.309554 0.000000 0.000000 0.000000 -0.001165 0.000611 -0.001012 -0.002522 0.002306 -0.008828 0.000157 -0.000683 -9.809284 
143.868000 0.005877 0.015297 -0.054223 0.724803 -54.722458 -3.813637 0.000000 0.000000 0.000000 -0.776608 -7.430021 0.279708 0.000000 0.000000 0.000000 -0.001165 0.000611 -0.001012 -0.002522 0.002306 -0.008828 0.000157 -0.000683 -9.809284 
143.968000 0.006766 0.014900 -0.053750 0.647471 -55.466158 -3.786730 0.000000 0.000000 0.000000 -0.769626 -7.445034 0.248047 0.000000 0.000000 0.000000 -0.001165 0.000611 -0.001012 -0.002522 0.002306 -0.008828 0.000157 -0.000683 -9.809284 
144.068000 0.007607 0.014503 -0.053275 0.570767 -56.211257 -3.765641 0.000000 0.000000 0.000000 -0.764062 -7.459520 0.179266 0.000000 0.000000 0.000000 -0.001165 0.000611 -0.001012 -0.002522 0.002306 -0.008828 0.000157 -0.000683 -9.809284 
144.172000 0.008393 0.014281 -0.052833 0.491543 -56.987891 -3.747523 0.000000 0.000000 0.000000 -0.758569 -7.476785 0.173514 0.000000 0.000000 0.000000 -0.001165 0.000611 -0.001012 -0.002522 0.002306 -0.008828 0.000157 -0.000683 -9.809284 
144.268000 0.008885 0.014050 -0.052413 0.418874 -57.706344 -3.732043 0.000000 0.000000 0.000000 -0.755042 -7.492517 0.147446 0.000000 0.000000 0.000000 -0.001165 0.000611 -0.001012 -0.002522 0.002306 -0.008828 0.000157 -0.000683 -9.809284 
144.368000 0.009607 0.013879 -0.052071 0.343575 -58.456514 -3.718206 0.000000 0.000000 0.000000 -0.750549 -7.511566 0.129821 0.000000 0.000000 0.000000 -0.001165 0.000611 -0.001012 -0.002522 0.002306 -0.008828 0.000157 -0.000683 -9.809284 
144.468000 0.010230 0.013614 -0.051757 0.268667 -59.208470 -3.708831 0.000000 0.000000 0.000000 -0.747045 -7.529277 0.061053 0.000000 0.000000 0.000000 -0.001165 0.000611 -0.001012 -0.002522 0.002306 -0.008828 0.000157 -0.000683 -9.809284 
144.568000 0.011065 0.013281 -0.051395 0.194136 -59.962304 -3.701562 0.000000 0.000000 0.000000 -0.743532 -7.549075 0.059903 0.000000 0.000000 0.000000 -0.001165 0.000611 -0.001012 -0.002522 0.002306 -0.008828 0.000157 -0.000683 -9.809284 
144.668000 0.011832 0.012892 -0.051089 0.119804 -60.718125 -3.697521 0.000000 0.000000 0.000000 -0.741753 -7.568485 0.023593 0.000000 0.000000 0.000000 -0.001165 0.000611 -0.001012 -0.002522 0.002306 -0.008828 0.000157 -0.000683 -9.809284 
144.772000 0.012554 0.012520 -0.050910 0.042782 -61.506229 -3.696230 0.000000 0.000000 0.000000 -0.738911 -7.589957 0.005647 0.000000 0.000000 0.000000 -0.001165 0.000611 -0.001012 -0.002522 0.002306 -0.008828 0.000157 -0.000683 -9.809284 
144.872000 0.013288 0.012488 -0.050647 -0.031063 -62.266182 -3.697480 0.000000 0.000000 0.000000 -0.737931 -7.611103 -0.033280 0.000000 0.000000 0.000000 -0.001165 0.000611 -0.001012 -0.002522 0.002306 -0.008828 0.000157 -0.000683 -9.809284 
144.972000 0.013938 0.012206 -0.050453 -0.104812 -63.028257 -3.701660 0.000000 0.000000 0.000000 -0.736548 -7.633333 -0.049367 0.000000 0.000000 0.000000 -0.001165 0.000611 -0.001012 -0.002522 0.002306 -0.008828 0.000157 -0.000683 -9.809284 
145.072000 0.014572 0.011923 -0.050220 -0.178452 -63.792527 -3.709723 0.000000 0.000000 0.000000 -0.736399 -7.654014 -0.113110 0.000000 0.000000 0.000000 -0.001165 0.000611 -0.001012 -0.002522 0.002306 -0.008828 0.000157 -0.000683 -9.809284 
145.172000 0.014999 0.011727 -0.049947 -0.252098 -64.558940 -3.721570 0.000000 0.000000 0.000000 -0.736112 -7.676748 -0.117569 0.000000 0.000000 0.000000 -0.001165 0.000611 -0.001012 -0.002522 0.002306 -0.008828 0.000157 -0.000683 -9.809284 
145.272000 0.015441 0.011499 -0.049659 -0.325732 -65.327616 -3.734759 0.000000 0.000000 0.000000 -0.736318 -7.698621 -0.151724 0.000000 0.000000 0.000000 -0.001165 0.000611 -0.001012 -0.002522 0.002306 -0.008828 0.000157 -0.000683 -9.809284 
